{
  "type": "FeatureCollection",
  "generator": "overpass-turbo",
  "copyright": "The data included in this document is from www.openstreetmap.org. The data is made available under ODbL.",
  "timestamp": "2025-12-25T06:18:37Z",
  "features": [
    {
      "type": "Feature",
      "properties": {
        "@id": "way/34085418",
        "highway": "secondary",
        "name": "Железнодорожная улица",
        "surface": "asphalt"
      },
      "geometry": {
        "type": "LineString",
        "coordinates": [
          [
            86.0328503,
            55.3450603
          ],
          [
            86.0318871,
            55.3438032
          ],
          [
            86.0310524,
            55.3426002
          ]
        ]
      },
      "id": "way/34085418"
    },
    {
      "type": "Feature",
      "properties": {
        "@id": "way/34085435",
        "highway": "secondary",
        "name": "улица Семашко",
        "surface": "asphalt"
      },
      "geometry": {
        "type": "LineString",
        "coordinates": [
          [
            86.0443456,
            55.3396052
          ],
          [
            86.0441624,
            55.3395748
          ],
          [
            86.043916,
            55.3395967
          ],
          [
            86.0430719,
            55.3397967
          ],
          [
            86.0418842,
            55.3400783
          ],
          [
            86.0409166,
            55.3403098
          ],
          [
            86.0401518,
            55.3404974
          ],
          [
            86.0398877,
            55.3405606
          ],
          [
            86.0394176,
            55.3406731
          ],
          [
            86.039381,
            55.3406801
          ],
          [
            86.0361645,
            55.3414253
          ],
          [
            86.0352379,
            55.3416394
          ],
          [
            86.0310524,
            55.3426002
          ]
        ]
      },
      "id": "way/34085435"
    },
    {
      "type": "Feature",
      "properties": {
        "@id": "way/34085436",
        "highway": "secondary",
        "name": "Железнодорожная улица"
      },
      "geometry": {
        "type": "LineString",
        "coordinates": [
          [
            86.0310524,
            55.3426002
          ],
          [
            86.0304957,
            55.3419505
          ],
          [
            86.0300996,
            55.3414883
          ],
          [
            86.0294124,
            55.3408395
          ],
          [
            86.0285491,
            55.3401897
          ],
          [
            86.0279246,
            55.3397194
          ],
          [
            86.027782,
            55.3396142
          ],
          [
            86.026933,
            55.338937
          ],
          [
            86.0265555,
            55.338758
          ],
          [
            86.0261992,
            55.338598
          ],
          [
            86.0257754,
            55.3384429
          ],
          [
            86.0251635,
            55.3381985
          ]
        ]
      },
      "id": "way/34085436"
    },
    {
      "type": "Feature",
      "properties": {
        "@id": "way/34085440",
        "highway": "secondary",
        "name": "улица Гоголя",
        "name:etymology:wikidata": "Q43718",
        "surface": "asphalt"
      },
      "geometry": {
        "type": "LineString",
        "coordinates": [
          [
            86.0549062,
            55.337771
          ],
          [
            86.0536947,
            55.3380642
          ],
          [
            86.0528364,
            55.3382715
          ],
          [
            86.0525933,
            55.3383303
          ],
          [
            86.0515904,
            55.3385725
          ],
          [
            86.0515337,
            55.3385865
          ],
          [
            86.0507473,
            55.3387685
          ],
          [
            86.0501964,
            55.3388959
          ],
          [
            86.0493727,
            55.3390864
          ],
          [
            86.0482457,
            55.3393519
          ],
          [
            86.0470723,
            55.3396463
          ],
          [
            86.0448457,
            55.3401463
          ]
        ]
      },
      "id": "way/34085440"
    },
    {
      "type": "Feature",
      "properties": {
        "@id": "way/34085441",
        "highway": "secondary",
        "name": "Угловая улица"
      },
      "geometry": {
        "type": "LineString",
        "coordinates": [
          [
            86.0448457,
            55.3401463
          ],
          [
            86.0444922,
            55.3396851
          ],
          [
            86.0443456,
            55.3396052
          ]
        ]
      },
      "id": "way/34085441"
    },
    {
      "type": "Feature",
      "properties": {
        "@id": "way/34085446",
        "highway": "primary",
        "lanes": "3",
        "maxspeed": "RU:urban",
        "name": "Кузнецкий проспект",
        "name:ru": "Кузнецкий проспект",
        "oneway": "yes",
        "surface": "asphalt"
      },
      "geometry": {
        "type": "LineString",
        "coordinates": [
          [
            86.0740659,
            55.3667319
          ],
          [
            86.0737073,
            55.3663422
          ],
          [
            86.0735905,
            55.3662003
          ],
          [
            86.0725893,
            55.3646674
          ],
          [
            86.0725195,
            55.3645423
          ],
          [
            86.0713428,
            55.362867
          ],
          [
            86.0712737,
            55.3627637
          ],
          [
            86.0711695,
            55.3626252
          ],
          [
            86.0710961,
            55.3625276
          ],
          [
            86.0707626,
            55.3620841
          ],
          [
            86.0700796,
            55.3611761
          ],
          [
            86.0691833,
            55.3599184
          ],
          [
            86.0689391,
            55.3595676
          ],
          [
            86.0688721,
            55.3594713
          ],
          [
            86.0688223,
            55.3593941
          ],
          [
            86.0687952,
            55.3593521
          ],
          [
            86.068776,
            55.3593088
          ]
        ]
      },
      "id": "way/34085446"
    },
    {
      "type": "Feature",
      "properties": {
        "@id": "way/34085453",
        "highway": "primary",
        "lanes": "4",
        "maxspeed": "RU:urban",
        "name": "проспект Ленина",
        "name:etymology:wikidata": "Q1394",
        "name:ru": "проспект Ленина",
        "oneway": "yes",
        "surface": "asphalt"
      },
      "geometry": {
        "type": "LineString",
        "coordinates": [
          [
            86.0932008,
            55.3444316
          ],
          [
            86.0951207,
            55.3444453
          ]
        ]
      },
      "id": "way/34085453"
    },
    {
      "type": "Feature",
      "properties": {
        "@id": "way/34085455",
        "highway": "secondary",
        "name": "Горноспасательная улица"
      },
      "geometry": {
        "type": "LineString",
        "coordinates": [
          [
            86.0527325,
            55.4022423
          ],
          [
            86.0528076,
            55.4022321
          ],
          [
            86.0529403,
            55.4021892
          ],
          [
            86.0531123,
            55.4020452
          ],
          [
            86.053332,
            55.4018086
          ],
          [
            86.0538405,
            55.4012651
          ],
          [
            86.0544018,
            55.4007139
          ],
          [
            86.0550714,
            55.3999494
          ],
          [
            86.055116,
            55.3999039
          ],
          [
            86.0558018,
            55.3992037
          ],
          [
            86.0560728,
            55.398971
          ],
          [
            86.0562886,
            55.398826
          ],
          [
            86.0565284,
            55.3987118
          ],
          [
            86.056797,
            55.3985853
          ],
          [
            86.0570262,
            55.3985238
          ],
          [
            86.0571945,
            55.3985025
          ]
        ]
      },
      "id": "way/34085455"
    },
    {
      "type": "Feature",
      "properties": {
        "@id": "way/34085459",
        "highway": "secondary",
        "maxspeed": "60",
        "name": "Варшавская улица"
      },
      "geometry": {
        "type": "LineString",
        "coordinates": [
          [
            86.0491601,
            55.4012298
          ],
          [
            86.04947,
            55.401326
          ],
          [
            86.0512155,
            55.4018811
          ],
          [
            86.0522296,
            55.4022181
          ],
          [
            86.0523546,
            55.4022439
          ],
          [
            86.0524611,
            55.4022584
          ],
          [
            86.05258,
            55.4022658
          ],
          [
            86.0527325,
            55.4022423
          ]
        ]
      },
      "id": "way/34085459"
    },
    {
      "type": "Feature",
      "properties": {
        "@id": "way/34085465",
        "highway": "secondary",
        "lanes": "1",
        "name": "Крымский переулок",
        "oneway": "yes"
      },
      "geometry": {
        "type": "LineString",
        "coordinates": [
          [
            86.0795564,
            55.3807424
          ],
          [
            86.0792682,
            55.380838
          ],
          [
            86.0791493,
            55.3808626
          ],
          [
            86.0790467,
            55.3808715
          ],
          [
            86.0786206,
            55.3808837
          ],
          [
            86.0777209,
            55.3808993
          ],
          [
            86.0774944,
            55.3809126
          ],
          [
            86.0768101,
            55.3809926
          ],
          [
            86.0758999,
            55.3809882
          ],
          [
            86.0735819,
            55.3809572
          ]
        ]
      },
      "id": "way/34085465"
    },
    {
      "type": "Feature",
      "properties": {
        "@id": "way/34085470",
        "highway": "secondary",
        "name": "Артельная улица",
        "surface": "asphalt"
      },
      "geometry": {
        "type": "LineString",
        "coordinates": [
          [
            86.0699938,
            55.3948175
          ],
          [
            86.0697378,
            55.3944508
          ],
          [
            86.0687063,
            55.3929606
          ],
          [
            86.068658,
            55.3928916
          ],
          [
            86.0683539,
            55.3924648
          ],
          [
            86.068301,
            55.3924031
          ],
          [
            86.068191,
            55.3922749
          ],
          [
            86.0681202,
            55.3921753
          ],
          [
            86.0680136,
            55.3920166
          ],
          [
            86.067329,
            55.3910092
          ],
          [
            86.0668275,
            55.3901875
          ],
          [
            86.0668088,
            55.39014
          ],
          [
            86.0668135,
            55.3900854
          ]
        ]
      },
      "id": "way/34085470"
    },
    {
      "type": "Feature",
      "properties": {
        "@id": "way/34085475",
        "highway": "primary",
        "lanes": "2",
        "maxspeed": "RU:urban",
        "oneway": "yes",
        "surface": "asphalt"
      },
      "geometry": {
        "type": "LineString",
        "coordinates": [
          [
            86.0004296,
            55.3478588
          ],
          [
            86.0002459,
            55.3477569
          ],
          [
            85.9999923,
            55.3476162
          ],
          [
            85.9997848,
            55.3474486
          ]
        ]
      },
      "id": "way/34085475"
    },
    {
      "type": "Feature",
      "properties": {
        "@id": "way/34085476",
        "highway": "secondary",
        "lanes": "4",
        "maxspeed": "RU:urban",
        "name": "Соборная улица",
        "oneway": "yes",
        "surface": "asphalt"
      },
      "geometry": {
        "type": "LineString",
        "coordinates": [
          [
            86.0969608,
            55.345633
          ],
          [
            86.0970439,
            55.3456029
          ],
          [
            86.097106,
            55.3455686
          ],
          [
            86.0971451,
            55.3455174
          ],
          [
            86.097161,
            55.3454788
          ],
          [
            86.0971801,
            55.345399
          ],
          [
            86.0972021,
            55.3448218
          ],
          [
            86.0972047,
            55.3447547
          ],
          [
            86.0972328,
            55.3446104
          ]
        ]
      },
      "id": "way/34085476"
    },
    {
      "type": "Feature",
      "properties": {
        "@id": "way/34085480",
        "bridge": "yes",
        "highway": "primary",
        "lanes": "2",
        "layer": "1",
        "maxspeed": "RU:urban",
        "name": "Советский проспект",
        "oneway": "yes",
        "surface": "asphalt"
      },
      "geometry": {
        "type": "LineString",
        "coordinates": [
          [
            86.0995313,
            55.3493619
          ],
          [
            86.0983572,
            55.3499768
          ]
        ]
      },
      "id": "way/34085480"
    },
    {
      "type": "Feature",
      "properties": {
        "@id": "way/34085499",
        "highway": "primary",
        "lanes": "2",
        "maxspeed": "RU:urban",
        "name": "улица Баумана"
      },
      "geometry": {
        "type": "LineString",
        "coordinates": [
          [
            86.0827591,
            55.326481
          ],
          [
            86.0830729,
            55.3263022
          ],
          [
            86.0834421,
            55.3261078
          ]
        ]
      },
      "id": "way/34085499"
    },
    {
      "type": "Feature",
      "properties": {
        "@id": "way/34085503",
        "highway": "primary",
        "lanes": "2",
        "lit": "no",
        "maxspeed": "RU:rural",
        "name": "Кемерово — Промышленная",
        "ref": "32К-98",
        "surface": "asphalt"
      },
      "geometry": {
        "type": "LineString",
        "coordinates": [
          [
            86.0241431,
            55.2927795
          ],
          [
            86.0239208,
            55.292589
          ],
          [
            86.0204611,
            55.2893125
          ],
          [
            86.0152305,
            55.2842817
          ],
          [
            86.0141955,
            55.2831224
          ],
          [
            86.0133064,
            55.2819435
          ],
          [
            86.011988,
            55.2799128
          ],
          [
            86.0111261,
            55.2783343
          ],
          [
            86.0105967,
            55.277293
          ],
          [
            86.0104745,
            55.276989
          ],
          [
            86.0103306,
            55.2765396
          ],
          [
            86.0100968,
            55.2755475
          ],
          [
            86.0098538,
            55.2742132
          ],
          [
            86.0091602,
            55.2704046
          ],
          [
            86.0090928,
            55.2699674
          ],
          [
            86.0090615,
            55.2695738
          ],
          [
            86.0090397,
            55.2692208
          ],
          [
            86.0090599,
            55.2688728
          ],
          [
            86.0091356,
            55.2685599
          ],
          [
            86.0092581,
            55.2681105
          ],
          [
            86.0093981,
            55.2676821
          ],
          [
            86.0095408,
            55.2673577
          ],
          [
            86.0097535,
            55.2669673
          ],
          [
            86.0100765,
            55.2664627
          ],
          [
            86.0104595,
            55.2659613
          ],
          [
            86.0109513,
            55.2654056
          ],
          [
            86.0115752,
            55.2647921
          ],
          [
            86.0122118,
            55.2642933
          ],
          [
            86.0128615,
            55.2638413
          ],
          [
            86.0154127,
            55.2622902
          ],
          [
            86.0160703,
            55.2618278
          ],
          [
            86.0165651,
            55.2614222
          ],
          [
            86.0169825,
            55.2610376
          ],
          [
            86.0174322,
            55.2605802
          ],
          [
            86.0179976,
            55.2598641
          ],
          [
            86.021052,
            55.2555948
          ],
          [
            86.0212269,
            55.2553441
          ],
          [
            86.0213413,
            55.255184
          ],
          [
            86.0219642,
            55.2542933
          ],
          [
            86.0228632,
            55.2530517
          ],
          [
            86.0239264,
            55.251412
          ],
          [
            86.0256007,
            55.2486865
          ],
          [
            86.026325,
            55.2474851
          ],
          [
            86.0274814,
            55.2455318
          ],
          [
            86.02778,
            55.2449682
          ],
          [
            86.0280897,
            55.2443923
          ],
          [
            86.029132,
            55.2422753
          ],
          [
            86.029982,
            55.2405489
          ],
          [
            86.0303122,
            55.239746
          ],
          [
            86.0306068,
            55.2388111
          ],
          [
            86.0308433,
            55.2379367
          ],
          [
            86.0309522,
            55.2367012
          ],
          [
            86.0310149,
            55.23599
          ],
          [
            86.0308039,
            55.2264798
          ]
        ]
      },
      "id": "way/34085503"
    },
    {
      "type": "Feature",
      "properties": {
        "@id": "way/34085510",
        "highway": "primary",
        "maxspeed": "RU:urban",
        "name": "Таврическая улица"
      },
      "geometry": {
        "type": "LineString",
        "coordinates": [
          [
            86.0483058,
            55.3151511
          ],
          [
            86.0480812,
            55.3149738
          ],
          [
            86.0478412,
            55.3147527
          ],
          [
            86.0473239,
            55.3141169
          ],
          [
            86.0467126,
            55.3133446
          ],
          [
            86.0450293,
            55.3112225
          ],
          [
            86.0448736,
            55.3110505
          ],
          [
            86.044321,
            55.3103005
          ],
          [
            86.0437649,
            55.309645
          ],
          [
            86.0435208,
            55.3093958
          ],
          [
            86.0431854,
            55.3091617
          ],
          [
            86.0426491,
            55.3088371
          ],
          [
            86.0409362,
            55.3078603
          ],
          [
            86.0397974,
            55.3072071
          ],
          [
            86.0388897,
            55.306596
          ],
          [
            86.038572,
            55.3063539
          ],
          [
            86.0378949,
            55.3057901
          ],
          [
            86.0374269,
            55.3053921
          ],
          [
            86.0368514,
            55.3048618
          ],
          [
            86.0366879,
            55.3047208
          ],
          [
            86.0360273,
            55.3040768
          ],
          [
            86.0344093,
            55.3025347
          ],
          [
            86.0340315,
            55.3021785
          ]
        ]
      },
      "id": "way/34085510"
    },
    {
      "type": "Feature",
      "properties": {
        "@id": "way/34085513",
        "highway": "primary",
        "maxspeed": "RU:urban",
        "name": "2-я Камышинская улица"
      },
      "geometry": {
        "type": "LineString",
        "coordinates": [
          [
            86.0587689,
            55.3283512
          ],
          [
            86.0589653,
            55.3282477
          ],
          [
            86.0590775,
            55.3281863
          ],
          [
            86.0592502,
            55.3280902
          ]
        ]
      },
      "id": "way/34085513"
    },
    {
      "type": "Feature",
      "properties": {
        "@id": "way/34085519",
        "highway": "primary",
        "maxspeed": "RU:urban",
        "name": "Дорожная улица",
        "surface": "asphalt"
      },
      "geometry": {
        "type": "LineString",
        "coordinates": [
          [
            86.0340315,
            55.3021785
          ],
          [
            86.0325764,
            55.3007831
          ],
          [
            86.031936,
            55.3001989
          ],
          [
            86.0314081,
            55.2997082
          ],
          [
            86.0312585,
            55.2995742
          ],
          [
            86.0307756,
            55.2990936
          ],
          [
            86.0296681,
            55.2980676
          ],
          [
            86.0288351,
            55.2972691
          ],
          [
            86.0284437,
            55.2969043
          ],
          [
            86.0277131,
            55.2962074
          ],
          [
            86.0273168,
            55.2958449
          ],
          [
            86.0241431,
            55.2927795
          ]
        ]
      },
      "id": "way/34085519"
    },
    {
      "type": "Feature",
      "properties": {
        "@id": "way/34085523",
        "highway": "secondary",
        "lanes": "2",
        "maxspeed": "60",
        "name": "улица Металлистов",
        "source": "local_knowledge"
      },
      "geometry": {
        "type": "LineString",
        "coordinates": [
          [
            86.0368738,
            55.4031192
          ],
          [
            86.036969,
            55.4029998
          ],
          [
            86.0371842,
            55.4028614
          ],
          [
            86.0374867,
            55.4027715
          ],
          [
            86.037796,
            55.4026899
          ],
          [
            86.0379526,
            55.4026314
          ],
          [
            86.0380614,
            55.4025851
          ],
          [
            86.0381157,
            55.402562
          ],
          [
            86.0382157,
            55.4024927
          ],
          [
            86.0383281,
            55.4023864
          ],
          [
            86.0386054,
            55.4021204
          ],
          [
            86.0386588,
            55.4020664
          ],
          [
            86.0388563,
            55.4019391
          ],
          [
            86.0391108,
            55.4018156
          ],
          [
            86.0392229,
            55.4017896
          ],
          [
            86.0394514,
            55.4017365
          ],
          [
            86.039505,
            55.4017317
          ],
          [
            86.0400954,
            55.4016786
          ],
          [
            86.0409768,
            55.4016183
          ],
          [
            86.0412697,
            55.4015952
          ],
          [
            86.0418909,
            55.4015463
          ],
          [
            86.042177,
            55.401551
          ],
          [
            86.0422616,
            55.4015524
          ],
          [
            86.0427336,
            55.4016017
          ],
          [
            86.0430959,
            55.401628
          ]
        ]
      },
      "id": "way/34085523"
    },
    {
      "type": "Feature",
      "properties": {
        "@id": "way/34085526",
        "highway": "secondary"
      },
      "geometry": {
        "type": "LineString",
        "coordinates": [
          [
            86.0786006,
            55.4167817
          ],
          [
            86.0778336,
            55.416488
          ],
          [
            86.0773655,
            55.4163029
          ],
          [
            86.0739632,
            55.4148191
          ],
          [
            86.0718233,
            55.4138414
          ],
          [
            86.070824,
            55.4133031
          ],
          [
            86.0702805,
            55.4130492
          ],
          [
            86.0696334,
            55.4127759
          ],
          [
            86.0688892,
            55.4124856
          ],
          [
            86.0680203,
            55.412114
          ],
          [
            86.0667825,
            55.4116243
          ],
          [
            86.0647889,
            55.4108266
          ],
          [
            86.0637921,
            55.4103978
          ],
          [
            86.0626228,
            55.4098506
          ],
          [
            86.0623298,
            55.4096972
          ],
          [
            86.0618939,
            55.4094502
          ],
          [
            86.0608309,
            55.4088665
          ]
        ]
      },
      "id": "way/34085526"
    },
    {
      "type": "Feature",
      "properties": {
        "@id": "way/34085554",
        "highway": "primary",
        "name": "улица Шорникова",
        "surface": "asphalt"
      },
      "geometry": {
        "type": "LineString",
        "coordinates": [
          [
            86.1250661,
            55.3448526
          ],
          [
            86.1250675,
            55.3447154
          ]
        ]
      },
      "id": "way/34085554"
    },
    {
      "type": "Feature",
      "properties": {
        "@id": "way/34085580",
        "highway": "primary",
        "lanes": "2",
        "maxspeed": "RU:urban",
        "oneway": "yes"
      },
      "geometry": {
        "type": "LineString",
        "coordinates": [
          [
            86.0778911,
            55.3239153
          ],
          [
            86.0777074,
            55.3240144
          ],
          [
            86.0768718,
            55.324465
          ],
          [
            86.0763863,
            55.3247548
          ]
        ]
      },
      "id": "way/34085580"
    },
    {
      "type": "Feature",
      "properties": {
        "@id": "way/34085590",
        "highway": "primary",
        "lanes": "2",
        "maxspeed": "RU:urban",
        "name": "шоссе имени А.А. Леонова",
        "oneway": "yes",
        "surface": "asphalt"
      },
      "geometry": {
        "type": "LineString",
        "coordinates": [
          [
            86.1123858,
            55.2844487
          ],
          [
            86.1125521,
            55.2844847
          ],
          [
            86.1134257,
            55.2848263
          ],
          [
            86.1140716,
            55.2850787
          ],
          [
            86.1144077,
            55.28521
          ],
          [
            86.1150488,
            55.2854605
          ],
          [
            86.1245791,
            55.2892049
          ],
          [
            86.1250369,
            55.28938
          ],
          [
            86.1252925,
            55.2894735
          ],
          [
            86.1255046,
            55.2895513
          ],
          [
            86.1257178,
            55.2896252
          ],
          [
            86.1260465,
            55.2897329
          ],
          [
            86.1263808,
            55.2898324
          ],
          [
            86.126661,
            55.2899096
          ],
          [
            86.1268888,
            55.2899687
          ],
          [
            86.127113,
            55.2900216
          ],
          [
            86.1274135,
            55.290085
          ],
          [
            86.1276546,
            55.2901295
          ],
          [
            86.1279389,
            55.2901815
          ],
          [
            86.1285787,
            55.2902851
          ],
          [
            86.1289308,
            55.2903416
          ],
          [
            86.1290348,
            55.2903583
          ],
          [
            86.1300139,
            55.2905104
          ],
          [
            86.1301938,
            55.290543
          ],
          [
            86.1303863,
            55.2905807
          ],
          [
            86.1304948,
            55.2906033
          ],
          [
            86.1306074,
            55.2906267
          ],
          [
            86.1308505,
            55.2906829
          ],
          [
            86.1311333,
            55.2907537
          ],
          [
            86.131353,
            55.2908131
          ],
          [
            86.1315849,
            55.2908779
          ],
          [
            86.1317963,
            55.2909458
          ],
          [
            86.1320228,
            55.2910212
          ],
          [
            86.1322373,
            55.2910981
          ],
          [
            86.1324523,
            55.2911794
          ],
          [
            86.1326577,
            55.2912611
          ],
          [
            86.1329042,
            55.2913679
          ],
          [
            86.1332897,
            55.2915452
          ],
          [
            86.1382491,
            55.2938861
          ],
          [
            86.1396285,
            55.2945169
          ]
        ]
      },
      "id": "way/34085590"
    },
    {
      "type": "Feature",
      "properties": {
        "@id": "way/34085592",
        "highway": "primary",
        "lanes": "2",
        "maxspeed": "RU:urban",
        "name": "улица Ракитянского",
        "oneway": "yes",
        "surface": "asphalt"
      },
      "geometry": {
        "type": "LineString",
        "coordinates": [
          [
            86.1281916,
            55.4116714
          ],
          [
            86.128164,
            55.4117774
          ],
          [
            86.1280916,
            55.4119086
          ],
          [
            86.1278721,
            55.412284
          ],
          [
            86.1266971,
            55.4144105
          ],
          [
            86.1261826,
            55.4153585
          ],
          [
            86.1254746,
            55.4166366
          ],
          [
            86.1251329,
            55.4172316
          ],
          [
            86.1249182,
            55.4176054
          ],
          [
            86.1245081,
            55.4183194
          ],
          [
            86.1243899,
            55.4183894
          ],
          [
            86.1243488,
            55.4184249
          ]
        ]
      },
      "id": "way/34085592"
    },
    {
      "type": "Feature",
      "properties": {
        "@id": "way/34085599",
        "highway": "secondary",
        "lanes": "2",
        "maxspeed": "RU:urban",
        "name": "62-й проезд",
        "surface": "asphalt"
      },
      "geometry": {
        "type": "LineString",
        "coordinates": [
          [
            86.1779992,
            55.3124784
          ],
          [
            86.1764722,
            55.312157
          ],
          [
            86.1744323,
            55.3117426
          ],
          [
            86.171851,
            55.3112051
          ],
          [
            86.1713235,
            55.3110944
          ],
          [
            86.17116,
            55.3110607
          ],
          [
            86.1704774,
            55.3109267
          ],
          [
            86.169806,
            55.3107996
          ],
          [
            86.1694968,
            55.3107551
          ],
          [
            86.1691362,
            55.3107097
          ],
          [
            86.1681107,
            55.3106101
          ],
          [
            86.1675458,
            55.3105527
          ]
        ]
      },
      "id": "way/34085599"
    },
    {
      "type": "Feature",
      "properties": {
        "@id": "way/34085633",
        "highway": "secondary",
        "lanes": "3",
        "maxspeed": "RU:urban",
        "name": "бульвар Строителей",
        "oneway": "yes",
        "surface": "asphalt"
      },
      "geometry": {
        "type": "LineString",
        "coordinates": [
          [
            86.1771095,
            55.3335757
          ],
          [
            86.1770433,
            55.333649
          ],
          [
            86.176892,
            55.3338157
          ]
        ]
      },
      "id": "way/34085633"
    },
    {
      "type": "Feature",
      "properties": {
        "@id": "way/34085636",
        "highway": "primary",
        "lanes": "2",
        "maxspeed": "RU:urban",
        "name": "Советский проспект",
        "name:ru": "Советский проспект",
        "oneway": "yes",
        "surface": "asphalt"
      },
      "geometry": {
        "type": "LineString",
        "coordinates": [
          [
            86.1010532,
            55.3485556
          ],
          [
            86.1009009,
            55.3486211
          ],
          [
            86.1007363,
            55.3486799
          ],
          [
            86.0995313,
            55.3493619
          ]
        ]
      },
      "id": "way/34085636"
    },
    {
      "type": "Feature",
      "properties": {
        "@id": "way/34085652",
        "highway": "primary",
        "lanes": "2",
        "maxspeed": "60",
        "name": "улица Нахимова",
        "surface": "asphalt"
      },
      "geometry": {
        "type": "LineString",
        "coordinates": [
          [
            86.1393642,
            55.438337
          ],
          [
            86.1392245,
            55.4379711
          ],
          [
            86.1390383,
            55.4376399
          ],
          [
            86.1389692,
            55.4375404
          ],
          [
            86.1389001,
            55.4374408
          ],
          [
            86.1386978,
            55.4372033
          ],
          [
            86.1385478,
            55.437047
          ],
          [
            86.1384082,
            55.4369084
          ],
          [
            86.1382059,
            55.4367481
          ],
          [
            86.137885,
            55.4364968
          ],
          [
            86.1374455,
            55.4361643
          ],
          [
            86.1332455,
            55.4330196
          ],
          [
            86.131836,
            55.4319707
          ],
          [
            86.1314582,
            55.4316823
          ],
          [
            86.1309217,
            55.431221
          ],
          [
            86.1304174,
            55.430756
          ],
          [
            86.1297017,
            55.4300572
          ],
          [
            86.1294538,
            55.4298152
          ],
          [
            86.1292654,
            55.4296173
          ],
          [
            86.1287866,
            55.4291711
          ],
          [
            86.1285304,
            55.4289334
          ],
          [
            86.1277654,
            55.4281308
          ],
          [
            86.1264433,
            55.4266541
          ],
          [
            86.1256899,
            55.4257989
          ]
        ]
      },
      "id": "way/34085652"
    },
    {
      "type": "Feature",
      "properties": {
        "@id": "way/34085662",
        "highway": "secondary",
        "lanes": "2",
        "name": "Шатурская улица"
      },
      "geometry": {
        "type": "LineString",
        "coordinates": [
          [
            86.0053105,
            55.3578336
          ],
          [
            86.0052369,
            55.357912
          ],
          [
            86.0051467,
            55.3579776
          ],
          [
            86.0050303,
            55.3580415
          ],
          [
            86.0049024,
            55.3580939
          ],
          [
            86.0047164,
            55.3581446
          ],
          [
            86.004454,
            55.3581988
          ],
          [
            86.0042152,
            55.3582298
          ],
          [
            86.0037822,
            55.3582599
          ],
          [
            86.0034203,
            55.3582683
          ],
          [
            86.0026269,
            55.358256
          ],
          [
            86.0024364,
            55.3583704
          ],
          [
            86.0022968,
            55.3584972
          ],
          [
            86.0021803,
            55.3586425
          ],
          [
            86.0021285,
            55.3587851
          ],
          [
            86.002114,
            55.3589777
          ],
          [
            86.0021615,
            55.3591193
          ],
          [
            86.0021654,
            55.3591309
          ],
          [
            86.0022615,
            55.3592763
          ],
          [
            86.0023891,
            55.359373
          ],
          [
            86.002643,
            55.3595114
          ],
          [
            86.0029576,
            55.3596129
          ],
          [
            86.003393,
            55.3597206
          ],
          [
            86.003622,
            55.3597708
          ],
          [
            86.0063335,
            55.3604793
          ],
          [
            86.0064935,
            55.3605462
          ],
          [
            86.0066276,
            55.3606299
          ],
          [
            86.006788,
            55.3608212
          ],
          [
            86.0071224,
            55.3614265
          ]
        ]
      },
      "id": "way/34085662"
    },
    {
      "type": "Feature",
      "properties": {
        "@id": "way/34085707",
        "highway": "secondary",
        "name": "улица Марковцева",
        "surface": "asphalt"
      },
      "geometry": {
        "type": "LineString",
        "coordinates": [
          [
            86.1978748,
            55.3360784
          ],
          [
            86.1972973,
            55.3360136
          ],
          [
            86.1968314,
            55.3359712
          ],
          [
            86.1965089,
            55.3359418
          ],
          [
            86.1957289,
            55.3358756
          ],
          [
            86.1949312,
            55.3358078
          ]
        ]
      },
      "id": "way/34085707"
    },
    {
      "type": "Feature",
      "properties": {
        "@id": "way/34085709",
        "highway": "secondary",
        "name": "улица Рутгерса",
        "oneway": "yes",
        "surface": "asphalt"
      },
      "geometry": {
        "type": "LineString",
        "coordinates": [
          [
            86.0894877,
            55.385715
          ],
          [
            86.0893168,
            55.3856735
          ],
          [
            86.0891809,
            55.3856345
          ],
          [
            86.089115,
            55.3856143
          ],
          [
            86.0887417,
            55.385515
          ],
          [
            86.08801,
            55.385351
          ],
          [
            86.0860938,
            55.384906
          ],
          [
            86.0855094,
            55.3847749
          ],
          [
            86.0850449,
            55.384676
          ]
        ]
      },
      "id": "way/34085709"
    },
    {
      "type": "Feature",
      "properties": {
        "@id": "way/34085718",
        "highway": "secondary",
        "name": "1-й переулок Антипова"
      },
      "geometry": {
        "type": "LineString",
        "coordinates": [
          [
            86.1250585,
            55.4249121
          ],
          [
            86.1254939,
            55.4247824
          ],
          [
            86.1256623,
            55.4247277
          ],
          [
            86.1260449,
            55.4246035
          ],
          [
            86.1269839,
            55.4243032
          ],
          [
            86.1275335,
            55.4241302
          ],
          [
            86.1282174,
            55.4239149
          ],
          [
            86.1287908,
            55.4237376
          ],
          [
            86.1292244,
            55.423604
          ]
        ]
      },
      "id": "way/34085718"
    },
    {
      "type": "Feature",
      "properties": {
        "@id": "way/34085731",
        "highway": "secondary",
        "lanes": "2",
        "maxspeed": "60",
        "name": "шоссе Егорова"
      },
      "geometry": {
        "type": "LineString",
        "coordinates": [
          [
            86.0382927,
            55.4329802
          ],
          [
            86.0383167,
            55.4329481
          ],
          [
            86.0383415,
            55.4329161
          ],
          [
            86.0387854,
            55.4323418
          ],
          [
            86.0391746,
            55.4317776
          ],
          [
            86.0396117,
            55.4310881
          ],
          [
            86.040021,
            55.4304435
          ],
          [
            86.0407383,
            55.4292167
          ],
          [
            86.0410237,
            55.428609
          ],
          [
            86.0412926,
            55.4279976
          ],
          [
            86.0415997,
            55.4272242
          ],
          [
            86.0419102,
            55.4263464
          ],
          [
            86.0420996,
            55.425691
          ],
          [
            86.0422366,
            55.4251364
          ],
          [
            86.0423525,
            55.4246271
          ],
          [
            86.0425158,
            55.423909
          ],
          [
            86.0426844,
            55.4231679
          ],
          [
            86.0430217,
            55.4216852
          ],
          [
            86.0431492,
            55.4208725
          ],
          [
            86.0431924,
            55.4205973
          ],
          [
            86.0431722,
            55.4203419
          ],
          [
            86.0431381,
            55.4201094
          ],
          [
            86.043135,
            55.4200882
          ],
          [
            86.0431133,
            55.4200121
          ],
          [
            86.0430841,
            55.4199099
          ],
          [
            86.0430259,
            55.4196978
          ],
          [
            86.0429549,
            55.4195338
          ],
          [
            86.0429269,
            55.419469
          ],
          [
            86.0428156,
            55.4192278
          ],
          [
            86.0427682,
            55.4191549
          ],
          [
            86.0426575,
            55.4189846
          ],
          [
            86.042498,
            55.4187739
          ],
          [
            86.0423018,
            55.4185481
          ],
          [
            86.0419677,
            55.4182129
          ],
          [
            86.0417117,
            55.4179659
          ],
          [
            86.0412213,
            55.4174843
          ],
          [
            86.0410438,
            55.4173099
          ],
          [
            86.0408983,
            55.417154
          ],
          [
            86.04076,
            55.4169277
          ],
          [
            86.0406491,
            55.4167099
          ],
          [
            86.0405546,
            55.4165135
          ],
          [
            86.0403761,
            55.416317
          ],
          [
            86.0400569,
            55.415997
          ],
          [
            86.0398591,
            55.4157938
          ],
          [
            86.0395786,
            55.415536
          ],
          [
            86.0394527,
            55.4154402
          ],
          [
            86.0392639,
            55.4153318
          ],
          [
            86.0389585,
            55.4152089
          ],
          [
            86.0377165,
            55.4147491
          ],
          [
            86.0375828,
            55.4146951
          ],
          [
            86.0374168,
            55.4146302
          ],
          [
            86.0373037,
            55.4145751
          ],
          [
            86.037175,
            55.4144948
          ],
          [
            86.0370725,
            55.4144052
          ],
          [
            86.0369829,
            55.4142754
          ],
          [
            86.0369234,
            55.414136
          ],
          [
            86.0368239,
            55.4139314
          ],
          [
            86.0364633,
            55.4131311
          ],
          [
            86.0361974,
            55.4123216
          ],
          [
            86.036162,
            55.4122081
          ],
          [
            86.0361601,
            55.4120825
          ],
          [
            86.0361975,
            55.4119782
          ],
          [
            86.0362514,
            55.4118998
          ],
          [
            86.0364865,
            55.4115202
          ],
          [
            86.0367755,
            55.4110495
          ],
          [
            86.0369878,
            55.4107384
          ],
          [
            86.0370966,
            55.4106342
          ],
          [
            86.0371794,
            55.4105709
          ],
          [
            86.0372951,
            55.4105298
          ],
          [
            86.0373954,
            55.410509
          ],
          [
            86.0374929,
            55.4104948
          ],
          [
            86.0376678,
            55.4105004
          ],
          [
            86.0378166,
            55.4105153
          ],
          [
            86.0380061,
            55.4105335
          ],
          [
            86.0381678,
            55.4105391
          ],
          [
            86.0382982,
            55.4105257
          ],
          [
            86.0383813,
            55.4105024
          ],
          [
            86.0384769,
            55.4104521
          ],
          [
            86.0385527,
            55.4103936
          ],
          [
            86.0386848,
            55.4102581
          ],
          [
            86.0390716,
            55.4098597
          ],
          [
            86.0394814,
            55.4094637
          ]
        ]
      },
      "id": "way/34085731"
    },
    {
      "type": "Feature",
      "properties": {
        "@id": "way/34085733",
        "highway": "secondary",
        "surface": "asphalt"
      },
      "geometry": {
        "type": "LineString",
        "coordinates": [
          [
            86.0584171,
            55.339845
          ],
          [
            86.0574436,
            55.340091
          ],
          [
            86.056756,
            55.3402644
          ]
        ]
      },
      "id": "way/34085733"
    },
    {
      "type": "Feature",
      "properties": {
        "@id": "way/34085757",
        "highway": "secondary"
      },
      "geometry": {
        "type": "LineString",
        "coordinates": [
          [
            86.1049655,
            55.4219218
          ],
          [
            86.1047257,
            55.421921
          ],
          [
            86.1046125,
            55.4219123
          ],
          [
            86.1044553,
            55.4218769
          ],
          [
            86.1042965,
            55.421803
          ],
          [
            86.1040565,
            55.4216648
          ],
          [
            86.1035464,
            55.4212253
          ],
          [
            86.1032065,
            55.4209324
          ],
          [
            86.1015728,
            55.4194879
          ],
          [
            86.1012509,
            55.4192413
          ],
          [
            86.1009067,
            55.4190875
          ],
          [
            86.1005812,
            55.4189718
          ],
          [
            86.1004172,
            55.4189305
          ],
          [
            86.100264,
            55.418892
          ],
          [
            86.1000701,
            55.4188781
          ],
          [
            86.0993725,
            55.4188413
          ],
          [
            86.0976112,
            55.4188028
          ],
          [
            86.0973269,
            55.4188348
          ]
        ]
      },
      "id": "way/34085757"
    },
    {
      "type": "Feature",
      "properties": {
        "@id": "way/34085759",
        "highway": "secondary",
        "lanes": "1",
        "maxspeed": "40",
        "name": "улица Правая Гавань",
        "oneway": "yes",
        "source": "local_knowledge",
        "surface": "asphalt"
      },
      "geometry": {
        "type": "LineString",
        "coordinates": [
          [
            86.081671,
            55.3716992
          ],
          [
            86.0813604,
            55.3718417
          ],
          [
            86.0812305,
            55.3719087
          ],
          [
            86.0811826,
            55.371945
          ],
          [
            86.0811372,
            55.3719827
          ],
          [
            86.0810655,
            55.3720754
          ]
        ]
      },
      "id": "way/34085759"
    },
    {
      "type": "Feature",
      "properties": {
        "@id": "way/34085791",
        "hgv": "no",
        "highway": "primary",
        "lanes": "2",
        "maxspeed": "60",
        "name": "улица Антипова"
      },
      "geometry": {
        "type": "LineString",
        "coordinates": [
          [
            86.1243488,
            55.4184249
          ],
          [
            86.1243591,
            55.4184366
          ],
          [
            86.1254189,
            55.419558
          ],
          [
            86.1275428,
            55.4218366
          ],
          [
            86.1279068,
            55.4222153
          ],
          [
            86.1280364,
            55.4223501
          ],
          [
            86.1285153,
            55.4228689
          ],
          [
            86.1292244,
            55.423604
          ],
          [
            86.129791,
            55.4242079
          ]
        ]
      },
      "id": "way/34085791"
    },
    {
      "type": "Feature",
      "properties": {
        "@id": "way/34085799",
        "highway": "primary",
        "name": "улица Вахрушева",
        "surface": "asphalt"
      },
      "geometry": {
        "type": "LineString",
        "coordinates": [
          [
            86.1373851,
            55.4324243
          ],
          [
            86.1392547,
            55.433881
          ]
        ]
      },
      "id": "way/34085799"
    },
    {
      "type": "Feature",
      "properties": {
        "@id": "way/34085815",
        "highway": "secondary",
        "oneway": "yes"
      },
      "geometry": {
        "type": "LineString",
        "coordinates": [
          [
            86.0619505,
            55.3390492
          ],
          [
            86.0620436,
            55.3389899
          ],
          [
            86.0620879,
            55.3389576
          ],
          [
            86.062153,
            55.3389189
          ],
          [
            86.0622603,
            55.3388674
          ]
        ]
      },
      "id": "way/34085815"
    },
    {
      "type": "Feature",
      "properties": {
        "@id": "way/34085836",
        "bridge": "yes",
        "highway": "secondary",
        "layer": "1",
        "name": "Горноспасательная улица"
      },
      "geometry": {
        "type": "LineString",
        "coordinates": [
          [
            86.0571945,
            55.3985025
          ],
          [
            86.057842,
            55.398493
          ]
        ]
      },
      "id": "way/34085836"
    },
    {
      "type": "Feature",
      "properties": {
        "@id": "way/34085841",
        "highway": "secondary",
        "maxspeed": "60",
        "name": "Советский проспект",
        "oneway": "yes"
      },
      "geometry": {
        "type": "LineString",
        "coordinates": [
          [
            86.0584323,
            55.3617313
          ],
          [
            86.0583343,
            55.3617241
          ],
          [
            86.0582364,
            55.3617279
          ],
          [
            86.058066,
            55.3617512
          ],
          [
            86.0574216,
            55.3618907
          ],
          [
            86.0573201,
            55.3619122
          ],
          [
            86.0571362,
            55.3619512
          ],
          [
            86.0562732,
            55.3621254
          ],
          [
            86.0560276,
            55.3621741
          ],
          [
            86.0548156,
            55.362409
          ],
          [
            86.0534434,
            55.3626861
          ],
          [
            86.053263,
            55.3627208
          ],
          [
            86.0527162,
            55.3628247
          ],
          [
            86.052653,
            55.3628369
          ],
          [
            86.0506731,
            55.3632364
          ],
          [
            86.0501841,
            55.3633209
          ],
          [
            86.0497393,
            55.3633861
          ],
          [
            86.0492429,
            55.3634571
          ],
          [
            86.0488754,
            55.3635096
          ],
          [
            86.0483751,
            55.3635801
          ],
          [
            86.0462723,
            55.3638728
          ],
          [
            86.0442388,
            55.3641549
          ],
          [
            86.0439507,
            55.3641936
          ]
        ]
      },
      "id": "way/34085841"
    },
    {
      "type": "Feature",
      "properties": {
        "@id": "way/34085843",
        "highway": "secondary",
        "name": "Воронежская улица"
      },
      "geometry": {
        "type": "LineString",
        "coordinates": [
          [
            86.0845104,
            55.4186745
          ],
          [
            86.0841976,
            55.4186778
          ],
          [
            86.083276,
            55.4186876
          ],
          [
            86.0825992,
            55.4186302
          ],
          [
            86.0817678,
            55.4184673
          ],
          [
            86.0804953,
            55.4181902
          ],
          [
            86.0798237,
            55.4178779
          ],
          [
            86.0793033,
            55.417479
          ],
          [
            86.078724,
            55.4169705
          ],
          [
            86.0786006,
            55.4167817
          ]
        ]
      },
      "id": "way/34085843"
    },
    {
      "type": "Feature",
      "properties": {
        "@id": "way/34085845",
        "highway": "secondary",
        "lanes": "2",
        "name": "Инициативная улица",
        "surface": "asphalt"
      },
      "geometry": {
        "type": "LineString",
        "coordinates": [
          [
            85.9989789,
            55.3916223
          ],
          [
            86.0001718,
            55.3921672
          ],
          [
            86.0004036,
            55.3922731
          ],
          [
            86.0007532,
            55.3924328
          ],
          [
            86.0012967,
            55.3926811
          ],
          [
            86.0015575,
            55.3928002
          ],
          [
            86.0021591,
            55.3930772
          ],
          [
            86.0032262,
            55.3935685
          ],
          [
            86.0032766,
            55.3935917
          ],
          [
            86.0042801,
            55.3940537
          ],
          [
            86.0051069,
            55.3944406
          ],
          [
            86.0065303,
            55.3950984
          ],
          [
            86.0069922,
            55.3953119
          ],
          [
            86.007627,
            55.3956052
          ],
          [
            86.0082752,
            55.3959048
          ],
          [
            86.0085199,
            55.3960179
          ],
          [
            86.0095092,
            55.3964643
          ],
          [
            86.0103795,
            55.396857
          ],
          [
            86.0112259,
            55.3972389
          ],
          [
            86.01184,
            55.397516
          ],
          [
            86.0121776,
            55.3976683
          ],
          [
            86.0136163,
            55.3983553
          ],
          [
            86.0151005,
            55.3990661
          ],
          [
            86.0162247,
            55.3995532
          ],
          [
            86.01633,
            55.3996031
          ],
          [
            86.017324,
            55.4000747
          ],
          [
            86.0175902,
            55.4001253
          ],
          [
            86.018386,
            55.4001612
          ],
          [
            86.0201436,
            55.4002054
          ],
          [
            86.0211756,
            55.400248
          ],
          [
            86.0220557,
            55.4002834
          ],
          [
            86.0233624,
            55.4003334
          ],
          [
            86.024398,
            55.4003687
          ],
          [
            86.0247197,
            55.4003797
          ],
          [
            86.025974,
            55.4004299
          ],
          [
            86.027118,
            55.4004757
          ],
          [
            86.0272814,
            55.4004822
          ]
        ]
      },
      "id": "way/34085845"
    },
    {
      "type": "Feature",
      "properties": {
        "@id": "way/34085850",
        "highway": "secondary",
        "name": "Милицейская улица",
        "surface": "asphalt"
      },
      "geometry": {
        "type": "LineString",
        "coordinates": [
          [
            86.0816856,
            55.3840081
          ],
          [
            86.0813101,
            55.3840195
          ],
          [
            86.0809616,
            55.3840439
          ],
          [
            86.0806903,
            55.3840804
          ],
          [
            86.0796604,
            55.3843461
          ],
          [
            86.0788279,
            55.3845608
          ],
          [
            86.0781592,
            55.3847296
          ],
          [
            86.0778156,
            55.3847891
          ],
          [
            86.0772877,
            55.3848168
          ],
          [
            86.0770182,
            55.3848125
          ],
          [
            86.0767601,
            55.3847669
          ],
          [
            86.0765558,
            55.3847292
          ],
          [
            86.0762822,
            55.3846708
          ],
          [
            86.0762597,
            55.3846651
          ],
          [
            86.0752025,
            55.3843967
          ],
          [
            86.0751354,
            55.3843812
          ],
          [
            86.0740999,
            55.3841413
          ],
          [
            86.0738343,
            55.38406
          ],
          [
            86.0737,
            55.3840062
          ],
          [
            86.0735832,
            55.3839499
          ]
        ]
      },
      "id": "way/34085850"
    },
    {
      "type": "Feature",
      "properties": {
        "@id": "way/34085852",
        "highway": "secondary",
        "name": "Черноморская улица"
      },
      "geometry": {
        "type": "LineString",
        "coordinates": [
          [
            86.0973269,
            55.4188348
          ],
          [
            86.0966966,
            55.4190434
          ],
          [
            86.0964867,
            55.4191432
          ],
          [
            86.0956683,
            55.4195142
          ],
          [
            86.0950872,
            55.4196322
          ],
          [
            86.0945308,
            55.4196446
          ],
          [
            86.0918123,
            55.419623
          ],
          [
            86.0889211,
            55.4195939
          ],
          [
            86.0881746,
            55.4195893
          ],
          [
            86.0872393,
            55.419483
          ],
          [
            86.0860716,
            55.4190414
          ],
          [
            86.0858093,
            55.4189573
          ],
          [
            86.0852301,
            55.418811
          ],
          [
            86.0845104,
            55.4186745
          ]
        ]
      },
      "id": "way/34085852"
    },
    {
      "type": "Feature",
      "properties": {
        "@id": "way/34085858",
        "highway": "secondary",
        "name": "улица Василия Толстикова (Строительная)",
        "name:ru": "улица Василия Толстикова (Строительная)"
      },
      "geometry": {
        "type": "LineString",
        "coordinates": [
          [
            86.0608309,
            55.4088665
          ],
          [
            86.0599525,
            55.408405
          ],
          [
            86.0595481,
            55.4081975
          ],
          [
            86.059175,
            55.4080121
          ],
          [
            86.0581717,
            55.4075096
          ],
          [
            86.0573391,
            55.4071118
          ],
          [
            86.0568636,
            55.4069006
          ],
          [
            86.0567346,
            55.4068497
          ],
          [
            86.0563491,
            55.40671
          ],
          [
            86.0517918,
            55.4052152
          ],
          [
            86.0517778,
            55.4052107
          ],
          [
            86.0488257,
            55.4042421
          ],
          [
            86.0455504,
            55.4031893
          ]
        ]
      },
      "id": "way/34085858"
    },
    {
      "type": "Feature",
      "properties": {
        "@id": "way/34085862",
        "highway": "secondary",
        "lanes": "2",
        "name": "Ишимская улица",
        "surface": "asphalt"
      },
      "geometry": {
        "type": "LineString",
        "coordinates": [
          [
            86.0680747,
            55.384316
          ],
          [
            86.0684915,
            55.3841613
          ],
          [
            86.0690726,
            55.3841163
          ],
          [
            86.0700862,
            55.3841901
          ],
          [
            86.0708087,
            55.3841542
          ],
          [
            86.0715329,
            55.3839214
          ],
          [
            86.0717077,
            55.3838802
          ],
          [
            86.0718609,
            55.3838572
          ],
          [
            86.0720477,
            55.3838412
          ],
          [
            86.0721315,
            55.3838355
          ],
          [
            86.0727588,
            55.3838307
          ],
          [
            86.0731877,
            55.3838439
          ],
          [
            86.0733163,
            55.3838641
          ],
          [
            86.0734124,
            55.383887
          ],
          [
            86.0735006,
            55.3839159
          ],
          [
            86.0735832,
            55.3839499
          ]
        ]
      },
      "id": "way/34085862"
    },
    {
      "type": "Feature",
      "properties": {
        "@id": "way/34085863",
        "highway": "secondary",
        "lanes": "2",
        "maxspeed": "60",
        "name": "улица Рутгерса",
        "oneway": "yes"
      },
      "geometry": {
        "type": "LineString",
        "coordinates": [
          [
            86.0748877,
            55.3779516
          ],
          [
            86.0756625,
            55.378281
          ],
          [
            86.0757663,
            55.3783229
          ],
          [
            86.0767001,
            55.378745
          ],
          [
            86.0770166,
            55.3789036
          ],
          [
            86.077322,
            55.3790776
          ],
          [
            86.0774883,
            55.379191
          ],
          [
            86.0779479,
            55.3795392
          ],
          [
            86.0792106,
            55.3804878
          ],
          [
            86.0795564,
            55.3807424
          ],
          [
            86.0797612,
            55.3808923
          ],
          [
            86.0806388,
            55.3815399
          ],
          [
            86.0822529,
            55.382731
          ],
          [
            86.0834198,
            55.3834319
          ],
          [
            86.0846397,
            55.3841645
          ],
          [
            86.0849726,
            55.3843644
          ],
          [
            86.0851228,
            55.3844437
          ],
          [
            86.0852863,
            55.3844972
          ],
          [
            86.0881499,
            55.3851599
          ],
          [
            86.0888422,
            55.3853279
          ],
          [
            86.089248,
            55.3854154
          ]
        ]
      },
      "id": "way/34085863"
    },
    {
      "type": "Feature",
      "properties": {
        "@id": "way/34085871",
        "highway": "primary",
        "lanes": "3",
        "maxspeed": "RU:urban",
        "name": "проспект Ленина",
        "name:etymology:wikidata": "Q1394",
        "name:ru": "проспект Ленина",
        "oneway": "yes",
        "surface": "asphalt"
      },
      "geometry": {
        "type": "LineString",
        "coordinates": [
          [
            86.0635947,
            55.3441643
          ],
          [
            86.0644531,
            55.3441707
          ],
          [
            86.0654923,
            55.3441785
          ],
          [
            86.0662974,
            55.3441845
          ],
          [
            86.0664977,
            55.344186
          ],
          [
            86.0668169,
            55.3441884
          ],
          [
            86.0675351,
            55.3441938
          ],
          [
            86.0690793,
            55.3442054
          ],
          [
            86.0692403,
            55.3442066
          ],
          [
            86.0698531,
            55.3442112
          ],
          [
            86.0701439,
            55.3442133
          ],
          [
            86.071589,
            55.3442242
          ],
          [
            86.0738489,
            55.3442411
          ],
          [
            86.0742941,
            55.3442444
          ],
          [
            86.0746667,
            55.3442472
          ],
          [
            86.0748873,
            55.344248
          ]
        ]
      },
      "id": "way/34085871"
    },
    {
      "type": "Feature",
      "properties": {
        "@id": "way/34085885",
        "highway": "secondary",
        "lanes": "3",
        "maxspeed": "RU:urban",
        "name": "бульвар Строителей",
        "oneway": "yes",
        "surface": "asphalt"
      },
      "geometry": {
        "type": "LineString",
        "coordinates": [
          [
            86.1625719,
            55.3492569
          ],
          [
            86.1625369,
            55.3493744
          ]
        ]
      },
      "id": "way/34085885"
    },
    {
      "type": "Feature",
      "properties": {
        "@id": "way/34085892",
        "highway": "secondary",
        "maxspeed": "40",
        "name": "Мариинская улица"
      },
      "geometry": {
        "type": "LineString",
        "coordinates": [
          [
            86.045299,
            55.3819805
          ],
          [
            86.0447894,
            55.3817661
          ],
          [
            86.0443411,
            55.3815973
          ],
          [
            86.0440764,
            55.3815154
          ],
          [
            86.0438279,
            55.3814794
          ],
          [
            86.0435679,
            55.3814612
          ]
        ]
      },
      "id": "way/34085892"
    },
    {
      "type": "Feature",
      "properties": {
        "@id": "way/34085895",
        "highway": "secondary",
        "maxspeed": "40",
        "name": "Мариинская улица"
      },
      "geometry": {
        "type": "LineString",
        "coordinates": [
          [
            86.0477013,
            55.3829292
          ],
          [
            86.0471524,
            55.3827381
          ],
          [
            86.0468323,
            55.3826094
          ],
          [
            86.0465183,
            55.3824821
          ],
          [
            86.0462839,
            55.3823808
          ],
          [
            86.0457245,
            55.3821565
          ]
        ]
      },
      "id": "way/34085895"
    },
    {
      "type": "Feature",
      "properties": {
        "@id": "way/34085897",
        "highway": "primary",
        "lanes": "2",
        "maxspeed": "RU:urban",
        "name": "Западный проезд",
        "surface": "asphalt"
      },
      "geometry": {
        "type": "LineString",
        "coordinates": [
          [
            85.9912831,
            55.3425785
          ],
          [
            85.9910571,
            55.3425932
          ],
          [
            85.990831,
            55.3426003
          ],
          [
            85.9889147,
            55.3426057
          ],
          [
            85.9855181,
            55.3425693
          ],
          [
            85.9832352,
            55.3425547
          ],
          [
            85.9813173,
            55.3425388
          ],
          [
            85.9801663,
            55.3425324
          ],
          [
            85.9762172,
            55.342485
          ],
          [
            85.975498,
            55.3424805
          ],
          [
            85.9724518,
            55.3424612
          ],
          [
            85.9721482,
            55.3424587
          ],
          [
            85.9710931,
            55.3424501
          ],
          [
            85.9675563,
            55.3424274
          ],
          [
            85.9673684,
            55.3424238
          ],
          [
            85.9671867,
            55.3424099
          ],
          [
            85.9670667,
            55.3423961
          ],
          [
            85.9669289,
            55.3423703
          ],
          [
            85.9668106,
            55.3423366
          ],
          [
            85.9666096,
            55.3422794
          ],
          [
            85.9659393,
            55.342073
          ],
          [
            85.9645285,
            55.3416245
          ],
          [
            85.9644828,
            55.3416087
          ],
          [
            85.964005,
            55.3414633
          ],
          [
            85.9637262,
            55.3413926
          ],
          [
            85.9634042,
            55.341323
          ],
          [
            85.9629909,
            55.3412567
          ],
          [
            85.9576756,
            55.3405697
          ],
          [
            85.9573797,
            55.3405257
          ],
          [
            85.9571599,
            55.3404817
          ],
          [
            85.956976,
            55.3404338
          ],
          [
            85.9568301,
            55.3403819
          ],
          [
            85.9566942,
            55.3403236
          ],
          [
            85.9565692,
            55.3402592
          ],
          [
            85.956459,
            55.3401876
          ],
          [
            85.9563596,
            55.3401037
          ],
          [
            85.9561848,
            55.3399383
          ],
          [
            85.9543485,
            55.3376138
          ],
          [
            85.9542559,
            55.3375358
          ],
          [
            85.9541653,
            55.337485
          ],
          [
            85.9540821,
            55.3374482
          ],
          [
            85.9540412,
            55.3374333
          ],
          [
            85.9539816,
            55.3374115
          ],
          [
            85.9538626,
            55.3373856
          ],
          [
            85.9537209,
            55.3373708
          ],
          [
            85.9535307,
            55.3373685
          ],
          [
            85.9533054,
            55.3373763
          ],
          [
            85.9531433,
            55.3373808
          ],
          [
            85.9530267,
            55.3373676
          ],
          [
            85.9529262,
            55.3373434
          ],
          [
            85.95285,
            55.3373075
          ],
          [
            85.9527959,
            55.3372632
          ],
          [
            85.9527583,
            55.3372163
          ],
          [
            85.9527288,
            55.3371478
          ],
          [
            85.9526847,
            55.336984
          ],
          [
            85.9517506,
            55.3329093
          ],
          [
            85.9514332,
            55.3316286
          ],
          [
            85.9512791,
            55.3308995
          ],
          [
            85.9512716,
            55.3308681
          ],
          [
            85.9512189,
            55.3305992
          ],
          [
            85.9511988,
            55.3303696
          ],
          [
            85.9512084,
            55.3301839
          ],
          [
            85.9512322,
            55.3300259
          ],
          [
            85.9512827,
            55.3299399
          ],
          [
            85.9512999,
            55.3299257
          ],
          [
            85.9513718,
            55.3298661
          ],
          [
            85.9514724,
            55.3298142
          ],
          [
            85.9516244,
            55.3297588
          ],
          [
            85.9517506,
            55.3297154
          ],
          [
            85.9518868,
            55.3296586
          ],
          [
            85.9519847,
            55.3296097
          ],
          [
            85.9520571,
            55.3295571
          ],
          [
            85.9521054,
            55.3295067
          ],
          [
            85.9521491,
            55.3294319
          ],
          [
            85.9521765,
            55.3293466
          ],
          [
            85.9521962,
            55.3292462
          ],
          [
            85.9524769,
            55.3269823
          ],
          [
            85.9525628,
            55.326702
          ],
          [
            85.9526991,
            55.3264046
          ],
          [
            85.953418,
            55.3249973
          ]
        ]
      },
      "id": "way/34085897"
    },
    {
      "type": "Feature",
      "properties": {
        "@id": "way/34085903",
        "highway": "secondary",
        "name": "Горноспасательная улица",
        "surface": "asphalt"
      },
      "geometry": {
        "type": "LineString",
        "coordinates": [
          [
            86.057842,
            55.398493
          ],
          [
            86.0581332,
            55.3984986
          ],
          [
            86.0584161,
            55.3984666
          ],
          [
            86.0591769,
            55.39829
          ],
          [
            86.059199,
            55.3982846
          ],
          [
            86.0601276,
            55.3980722
          ],
          [
            86.0604211,
            55.3980067
          ],
          [
            86.0606899,
            55.3979734
          ],
          [
            86.0616342,
            55.3978488
          ],
          [
            86.062529,
            55.3977111
          ],
          [
            86.0634396,
            55.3975451
          ],
          [
            86.0642683,
            55.397418
          ],
          [
            86.0648979,
            55.3972831
          ],
          [
            86.0656298,
            55.3971314
          ],
          [
            86.0677314,
            55.3966961
          ],
          [
            86.0678592,
            55.3966199
          ],
          [
            86.0680443,
            55.3964781
          ],
          [
            86.0681169,
            55.3963712
          ],
          [
            86.0681482,
            55.3962552
          ],
          [
            86.0681741,
            55.3957634
          ],
          [
            86.0682149,
            55.39564
          ],
          [
            86.0683065,
            55.3955176
          ],
          [
            86.0684596,
            55.395448
          ],
          [
            86.0695257,
            55.3951381
          ],
          [
            86.0698526,
            55.3950024
          ],
          [
            86.0699114,
            55.3949625
          ],
          [
            86.0699551,
            55.3949051
          ],
          [
            86.0699938,
            55.3948175
          ]
        ]
      },
      "id": "way/34085903"
    },
    {
      "type": "Feature",
      "properties": {
        "@id": "way/34085905",
        "highway": "secondary",
        "name": "1-я Стахановская улица"
      },
      "geometry": {
        "type": "LineString",
        "coordinates": [
          [
            86.0355859,
            55.3664137
          ],
          [
            86.0352659,
            55.3663985
          ],
          [
            86.0336353,
            55.3662255
          ],
          [
            86.0332484,
            55.3661845
          ],
          [
            86.0322542,
            55.3660869
          ],
          [
            86.0297125,
            55.3658495
          ],
          [
            86.0293686,
            55.3658037
          ],
          [
            86.0288766,
            55.3656828
          ],
          [
            86.0285444,
            55.3655874
          ],
          [
            86.0283782,
            55.3655415
          ],
          [
            86.0282222,
            55.3655125
          ],
          [
            86.0277163,
            55.3654182
          ],
          [
            86.0268599,
            55.3652773
          ],
          [
            86.0264023,
            55.3652363
          ],
          [
            86.0257494,
            55.3652255
          ],
          [
            86.024717,
            55.3652333
          ],
          [
            86.0235249,
            55.365225
          ],
          [
            86.0227764,
            55.3652224
          ],
          [
            86.0225863,
            55.3652207
          ],
          [
            86.0223987,
            55.3652235
          ],
          [
            86.02204,
            55.3652199
          ],
          [
            86.0218271,
            55.3652198
          ],
          [
            86.0210731,
            55.3652194
          ],
          [
            86.0209793,
            55.3652218
          ],
          [
            86.0206882,
            55.3652358
          ],
          [
            86.0202921,
            55.3652598
          ],
          [
            86.0201054,
            55.3652699
          ],
          [
            86.0198625,
            55.3652745
          ],
          [
            86.0193373,
            55.3652699
          ],
          [
            86.0184142,
            55.3652566
          ],
          [
            86.0183278,
            55.3652559
          ],
          [
            86.0178514,
            55.3652518
          ],
          [
            86.016888,
            55.3652437
          ],
          [
            86.0165725,
            55.3652411
          ],
          [
            86.0155679,
            55.3652244
          ],
          [
            86.0154747,
            55.3652229
          ],
          [
            86.0147195,
            55.3652079
          ],
          [
            86.013659,
            55.3651926
          ],
          [
            86.0134777,
            55.3651893
          ],
          [
            86.013282,
            55.3651824
          ],
          [
            86.0131212,
            55.3651726
          ],
          [
            86.0130418,
            55.3651661
          ],
          [
            86.0129459,
            55.3651508
          ],
          [
            86.0128377,
            55.3651284
          ],
          [
            86.0127533,
            55.3650989
          ],
          [
            86.0125926,
            55.3650328
          ],
          [
            86.0125037,
            55.3649901
          ],
          [
            86.012432,
            55.3649544
          ],
          [
            86.0121701,
            55.3648032
          ],
          [
            86.0099165,
            55.3634858
          ],
          [
            86.0078424,
            55.3621422
          ]
        ]
      },
      "id": "way/34085905"
    },
    {
      "type": "Feature",
      "properties": {
        "@id": "way/34085906",
        "highway": "secondary",
        "lanes": "2",
        "maxspeed": "60",
        "name": "улица Григорьева"
      },
      "geometry": {
        "type": "LineString",
        "coordinates": [
          [
            86.0433123,
            55.381493
          ],
          [
            86.0413628,
            55.3822214
          ],
          [
            86.0411089,
            55.3823362
          ],
          [
            86.0408782,
            55.3824685
          ],
          [
            86.0407174,
            55.3826173
          ],
          [
            86.039871,
            55.383435
          ],
          [
            86.0396755,
            55.3836412
          ],
          [
            86.0384055,
            55.3847598
          ],
          [
            86.037407,
            55.3856283
          ],
          [
            86.037366,
            55.3856582
          ],
          [
            86.0372992,
            55.3857147
          ],
          [
            86.0371569,
            55.3858312
          ],
          [
            86.0370347,
            55.385931
          ],
          [
            86.0363496,
            55.3864003
          ],
          [
            86.0356182,
            55.3869099
          ],
          [
            86.0351263,
            55.3871742
          ],
          [
            86.0348105,
            55.3873658
          ],
          [
            86.0347465,
            55.3874571
          ],
          [
            86.0346663,
            55.3876183
          ]
        ]
      },
      "id": "way/34085906"
    },
    {
      "type": "Feature",
      "properties": {
        "@id": "way/34085910",
        "highway": "primary",
        "lanes": "2",
        "maxspeed": "RU:urban",
        "name": "Октябрьский проспект",
        "name:etymology:wikidata": "Q42976",
        "name:ru": "Октябрьский проспект",
        "oneway": "yes",
        "surface": "asphalt"
      },
      "geometry": {
        "type": "LineString",
        "coordinates": [
          [
            86.101103,
            55.3484495
          ],
          [
            86.1012604,
            55.3484342
          ],
          [
            86.1014133,
            55.3484221
          ],
          [
            86.1016225,
            55.3484197
          ],
          [
            86.1024889,
            55.3484263
          ],
          [
            86.1026351,
            55.3484274
          ],
          [
            86.1028905,
            55.3484293
          ],
          [
            86.1067084,
            55.3484583
          ],
          [
            86.1071168,
            55.3484614
          ],
          [
            86.1078901,
            55.3484672
          ],
          [
            86.1080904,
            55.3484661
          ],
          [
            86.1083922,
            55.348471
          ],
          [
            86.1090528,
            55.348476
          ],
          [
            86.1094581,
            55.3484791
          ],
          [
            86.1118122,
            55.348497
          ],
          [
            86.1120111,
            55.3484975
          ],
          [
            86.114131,
            55.3485145
          ]
        ]
      },
      "id": "way/34085910"
    },
    {
      "type": "Feature",
      "properties": {
        "@id": "way/34085914",
        "highway": "secondary",
        "name": "улица 40 лет Октября",
        "name:etymology:wikidata": "Q42976",
        "surface": "asphalt"
      },
      "geometry": {
        "type": "LineString",
        "coordinates": [
          [
            86.0202534,
            55.3896796
          ],
          [
            86.0186131,
            55.389718
          ],
          [
            86.013492,
            55.3898477
          ],
          [
            86.0132093,
            55.3898482
          ],
          [
            86.0106517,
            55.3899046
          ],
          [
            86.010275,
            55.3899274
          ],
          [
            86.0082667,
            55.3901161
          ],
          [
            86.0079423,
            55.3901602
          ],
          [
            86.0077991,
            55.3901816
          ],
          [
            86.007076,
            55.3902991
          ],
          [
            86.0053049,
            55.3905949
          ],
          [
            86.0043813,
            55.3907422
          ],
          [
            86.0034184,
            55.390894
          ],
          [
            86.0009879,
            55.3912865
          ],
          [
            85.9995469,
            55.3915274
          ],
          [
            85.9989789,
            55.3916223
          ]
        ]
      },
      "id": "way/34085914"
    },
    {
      "type": "Feature",
      "properties": {
        "@id": "way/34085919",
        "highway": "secondary",
        "lanes": "2",
        "name": "Рекордная улица"
      },
      "geometry": {
        "type": "LineString",
        "coordinates": [
          [
            86.0272814,
            55.4004822
          ],
          [
            86.0266424,
            55.3983671
          ],
          [
            86.0266306,
            55.3983288
          ],
          [
            86.026573,
            55.3981411
          ],
          [
            86.0264495,
            55.3979335
          ],
          [
            86.0264281,
            55.397906
          ],
          [
            86.0262997,
            55.3977406
          ],
          [
            86.0261713,
            55.3976086
          ],
          [
            86.0255513,
            55.3969713
          ],
          [
            86.0245292,
            55.3959527
          ],
          [
            86.0240229,
            55.3954209
          ],
          [
            86.0236872,
            55.395086
          ],
          [
            86.0235622,
            55.394952
          ],
          [
            86.0234046,
            55.3947906
          ],
          [
            86.0233406,
            55.3947257
          ],
          [
            86.0229637,
            55.3943442
          ],
          [
            86.0227527,
            55.3941272
          ],
          [
            86.0221488,
            55.3935269
          ],
          [
            86.0216868,
            55.3930458
          ],
          [
            86.0208713,
            55.3922218
          ],
          [
            86.0206375,
            55.3919778
          ],
          [
            86.0199574,
            55.391305
          ],
          [
            86.0192485,
            55.3905957
          ],
          [
            86.018712,
            55.3900399
          ],
          [
            86.0186683,
            55.389984
          ],
          [
            86.0186447,
            55.389928
          ],
          [
            86.0186131,
            55.389718
          ]
        ]
      },
      "id": "way/34085919"
    },
    {
      "type": "Feature",
      "properties": {
        "@id": "way/34085921",
        "highway": "primary",
        "junction": "roundabout",
        "lanes": "3",
        "maxspeed": "RU:urban",
        "oneway": "yes",
        "sidewalk": "right",
        "surface": "asphalt"
      },
      "geometry": {
        "type": "LineString",
        "coordinates": [
          [
            86.1614404,
            55.3486624
          ],
          [
            86.1615476,
            55.3486224
          ],
          [
            86.1616843,
            55.3485942
          ],
          [
            86.1618256,
            55.3485848
          ],
          [
            86.1619611,
            55.3485855
          ],
          [
            86.1620927,
            55.3485994
          ],
          [
            86.16224,
            55.3486309
          ],
          [
            86.1623609,
            55.3486725
          ],
          [
            86.1624669,
            55.3487273
          ],
          [
            86.1625535,
            55.348794
          ],
          [
            86.1626091,
            55.3488544
          ],
          [
            86.1626478,
            55.3489191
          ],
          [
            86.1626698,
            55.3489769
          ],
          [
            86.1626755,
            55.3490373
          ]
        ]
      },
      "id": "way/34085921"
    },
    {
      "type": "Feature",
      "properties": {
        "@id": "way/34085922",
        "highway": "secondary",
        "name": "Мариинская улица"
      },
      "geometry": {
        "type": "LineString",
        "coordinates": [
          [
            86.0735819,
            55.3809572
          ],
          [
            86.0729399,
            55.3809645
          ],
          [
            86.0721727,
            55.3809732
          ],
          [
            86.0708935,
            55.3809924
          ],
          [
            86.0704506,
            55.3810014
          ],
          [
            86.0693144,
            55.3810047
          ],
          [
            86.0690561,
            55.3810049
          ],
          [
            86.0683185,
            55.3810052
          ],
          [
            86.0677572,
            55.3810915
          ],
          [
            86.0650783,
            55.3816777
          ],
          [
            86.064287,
            55.3818564
          ],
          [
            86.0640452,
            55.381915
          ],
          [
            86.0637418,
            55.3819869
          ],
          [
            86.0634873,
            55.3820636
          ],
          [
            86.063275,
            55.38214
          ],
          [
            86.0631289,
            55.3822057
          ],
          [
            86.0630378,
            55.3822627
          ],
          [
            86.0627955,
            55.3823887
          ],
          [
            86.062598,
            55.3824993
          ],
          [
            86.0621418,
            55.3828224
          ],
          [
            86.0617627,
            55.3830931
          ],
          [
            86.0615502,
            55.3832085
          ],
          [
            86.0613496,
            55.3832731
          ],
          [
            86.0611462,
            55.3833081
          ],
          [
            86.0609552,
            55.3833256
          ],
          [
            86.0606406,
            55.383338
          ],
          [
            86.0602715,
            55.3833376
          ],
          [
            86.0599078,
            55.3833275
          ],
          [
            86.05967,
            55.3832963
          ],
          [
            86.0593701,
            55.383245
          ],
          [
            86.059001,
            55.3831749
          ],
          [
            86.0589569,
            55.3831665
          ],
          [
            86.0587591,
            55.383128
          ],
          [
            86.0586634,
            55.3831232
          ],
          [
            86.0585466,
            55.3831232
          ],
          [
            86.058444,
            55.3831373
          ],
          [
            86.0581587,
            55.3831668
          ],
          [
            86.057161,
            55.3833119
          ],
          [
            86.0567786,
            55.3833365
          ],
          [
            86.0563939,
            55.3833198
          ],
          [
            86.0562327,
            55.3833092
          ],
          [
            86.0558736,
            55.3832716
          ],
          [
            86.0549608,
            55.3832105
          ],
          [
            86.0541573,
            55.3831682
          ],
          [
            86.0531471,
            55.3831027
          ],
          [
            86.0523029,
            55.383087
          ],
          [
            86.050927,
            55.3831135
          ],
          [
            86.0506614,
            55.3831248
          ],
          [
            86.0498558,
            55.383159
          ],
          [
            86.0496071,
            55.3831929
          ],
          [
            86.0494474,
            55.3831739
          ],
          [
            86.0492295,
            55.383175
          ],
          [
            86.0488616,
            55.383167
          ],
          [
            86.0485077,
            55.3831166
          ],
          [
            86.0477013,
            55.3829292
          ]
        ]
      },
      "id": "way/34085922"
    },
    {
      "type": "Feature",
      "properties": {
        "@id": "way/34085930",
        "highway": "secondary",
        "lanes": "2",
        "maxspeed": "RU:urban",
        "name": "Соборная улица",
        "name:ru": "Соборная улица",
        "oneway": "yes",
        "surface": "asphalt"
      },
      "geometry": {
        "type": "LineString",
        "coordinates": [
          [
            86.1009789,
            55.3484974
          ],
          [
            86.1009261,
            55.3484442
          ],
          [
            86.1009182,
            55.3484363
          ],
          [
            86.100409,
            55.3480968
          ],
          [
            86.0997528,
            55.3476524
          ],
          [
            86.0987876,
            55.346999
          ]
        ]
      },
      "id": "way/34085930"
    },
    {
      "type": "Feature",
      "properties": {
        "@id": "way/34094109",
        "highway": "secondary",
        "lanes": "2",
        "maxspeed": "60",
        "name": "улица Суворова",
        "surface": "asphalt"
      },
      "geometry": {
        "type": "LineString",
        "coordinates": [
          [
            86.0748877,
            55.3779516
          ],
          [
            86.0750276,
            55.3778786
          ],
          [
            86.0756427,
            55.377494
          ],
          [
            86.0766708,
            55.3768484
          ],
          [
            86.0767626,
            55.3767916
          ],
          [
            86.0768584,
            55.3767286
          ],
          [
            86.0772237,
            55.3764883
          ],
          [
            86.0772608,
            55.376465
          ],
          [
            86.0778627,
            55.3760874
          ],
          [
            86.0785079,
            55.3756823
          ],
          [
            86.0788718,
            55.3754483
          ]
        ]
      },
      "id": "way/34094109"
    },
    {
      "type": "Feature",
      "properties": {
        "@id": "way/52034578",
        "highway": "primary",
        "lanes": "3",
        "maxspeed": "RU:urban",
        "name": "Кузнецкий проспект",
        "name:ru": "Кузнецкий проспект",
        "oneway": "yes"
      },
      "geometry": {
        "type": "LineString",
        "coordinates": [
          [
            86.0622543,
            55.3389654
          ],
          [
            86.062247,
            55.339123
          ],
          [
            86.0621888,
            55.3406785
          ],
          [
            86.0621552,
            55.3415062
          ],
          [
            86.0621536,
            55.3415878
          ],
          [
            86.0621427,
            55.3421405
          ],
          [
            86.0621114,
            55.3433899
          ]
        ]
      },
      "id": "way/52034578"
    },
    {
      "type": "Feature",
      "properties": {
        "@id": "way/52034580",
        "highway": "primary",
        "lanes": "4",
        "maxspeed": "RU:urban",
        "name": "Кузнецкий проспект",
        "name:ru": "Кузнецкий проспект",
        "oneway": "yes"
      },
      "geometry": {
        "type": "LineString",
        "coordinates": [
          [
            86.0621114,
            55.3433899
          ],
          [
            86.0623433,
            55.3439778
          ],
          [
            86.0624197,
            55.3441581
          ]
        ]
      },
      "id": "way/52034580"
    },
    {
      "type": "Feature",
      "properties": {
        "@id": "way/52034584",
        "highway": "primary",
        "lanes": "3",
        "maxspeed": "RU:urban",
        "name": "Кузнецкий проспект",
        "oneway": "yes"
      },
      "geometry": {
        "type": "LineString",
        "coordinates": [
          [
            86.0620158,
            55.347177
          ],
          [
            86.0620112,
            55.347367
          ],
          [
            86.0619889,
            55.3482958
          ],
          [
            86.0619863,
            55.3484024
          ],
          [
            86.0619835,
            55.3485047
          ],
          [
            86.0619713,
            55.3489513
          ],
          [
            86.061974,
            55.3491518
          ],
          [
            86.0619995,
            55.3493333
          ],
          [
            86.0620303,
            55.3494606
          ],
          [
            86.0621054,
            55.3495979
          ],
          [
            86.0622208,
            55.3497847
          ],
          [
            86.0625059,
            55.350169
          ]
        ]
      },
      "id": "way/52034584"
    },
    {
      "type": "Feature",
      "properties": {
        "@id": "way/75118851",
        "highway": "primary",
        "lanes": "2",
        "maxspeed": "40",
        "name": "Советский проспект",
        "oneway": "yes",
        "surface": "asphalt"
      },
      "geometry": {
        "type": "LineString",
        "coordinates": [
          [
            86.0921068,
            55.3530296
          ],
          [
            86.0919511,
            55.3531046
          ],
          [
            86.090621,
            55.3537454
          ],
          [
            86.0904137,
            55.3538333
          ],
          [
            86.0902062,
            55.3538932
          ]
        ]
      },
      "id": "way/75118851"
    },
    {
      "type": "Feature",
      "properties": {
        "@id": "way/75118855",
        "highway": "primary",
        "lanes": "4",
        "maxspeed": "RU:urban",
        "name": "Советский проспект",
        "name:ru": "Советский проспект",
        "oneway": "yes",
        "surface": "asphalt"
      },
      "geometry": {
        "type": "LineString",
        "coordinates": [
          [
            86.0760074,
            55.3576361
          ],
          [
            86.0757629,
            55.3576938
          ],
          [
            86.0755975,
            55.3577335
          ]
        ]
      },
      "id": "way/75118855"
    },
    {
      "type": "Feature",
      "properties": {
        "@id": "way/75552104",
        "highway": "primary",
        "lanes": "2",
        "maxspeed": "RU:urban",
        "name": "проспект Шахтёров",
        "oneway": "yes",
        "surface": "asphalt"
      },
      "geometry": {
        "type": "LineString",
        "coordinates": [
          [
            86.09,
            55.3857023
          ],
          [
            86.0904199,
            55.3857574
          ],
          [
            86.0916639,
            55.3859086
          ],
          [
            86.0921868,
            55.3859656
          ],
          [
            86.092915,
            55.3860415
          ],
          [
            86.0949617,
            55.3862383
          ],
          [
            86.096367,
            55.3863827
          ],
          [
            86.0973719,
            55.3864832
          ],
          [
            86.0979039,
            55.3865462
          ],
          [
            86.0983749,
            55.3866166
          ],
          [
            86.099107,
            55.386757
          ],
          [
            86.1015832,
            55.3872727
          ],
          [
            86.1028926,
            55.3875385
          ],
          [
            86.1029926,
            55.3875588
          ],
          [
            86.1032168,
            55.3876082
          ],
          [
            86.1038721,
            55.3877524
          ],
          [
            86.1052264,
            55.3880285
          ],
          [
            86.1054416,
            55.388076
          ],
          [
            86.1056255,
            55.3881272
          ],
          [
            86.1057819,
            55.3881863
          ],
          [
            86.1058801,
            55.3882403
          ],
          [
            86.1059993,
            55.3883165
          ],
          [
            86.1061166,
            55.3884319
          ],
          [
            86.1067613,
            55.3891271
          ],
          [
            86.1068409,
            55.3892108
          ]
        ]
      },
      "id": "way/75552104"
    },
    {
      "type": "Feature",
      "properties": {
        "@id": "way/75552109",
        "highway": "secondary",
        "lanes": "2",
        "maxspeed": "60",
        "name": "улица Суворова",
        "oneway": "yes"
      },
      "geometry": {
        "type": "LineString",
        "coordinates": [
          [
            86.0735832,
            55.3839499
          ],
          [
            86.0735842,
            55.383658
          ],
          [
            86.0735843,
            55.3835219
          ],
          [
            86.0735846,
            55.383134
          ],
          [
            86.0735856,
            55.38281
          ],
          [
            86.0735869,
            55.3825337
          ],
          [
            86.0735878,
            55.3823954
          ],
          [
            86.0735937,
            55.3816362
          ],
          [
            86.0735889,
            55.3814647
          ],
          [
            86.0735819,
            55.3809572
          ],
          [
            86.0736058,
            55.3800148
          ],
          [
            86.0736114,
            55.3794223
          ],
          [
            86.0736135,
            55.3792007
          ],
          [
            86.0736168,
            55.3789441
          ],
          [
            86.0736311,
            55.3788668
          ],
          [
            86.0736551,
            55.3787997
          ],
          [
            86.0737003,
            55.3787288
          ],
          [
            86.0737567,
            55.3786623
          ],
          [
            86.0738455,
            55.3785949
          ],
          [
            86.0739739,
            55.3785115
          ],
          [
            86.0748877,
            55.3779516
          ]
        ]
      },
      "id": "way/75552109"
    },
    {
      "type": "Feature",
      "properties": {
        "@id": "way/75661363",
        "highway": "primary",
        "lanes": "3",
        "maxspeed": "RU:urban",
        "name": "проспект Ленина",
        "name:etymology:wikidata": "Q1394",
        "name:ru": "проспект Ленина",
        "oneway": "yes",
        "surface": "asphalt"
      },
      "geometry": {
        "type": "LineString",
        "coordinates": [
          [
            86.0722042,
            55.3443889
          ],
          [
            86.0692357,
            55.3443651
          ]
        ]
      },
      "id": "way/75661363"
    },
    {
      "type": "Feature",
      "properties": {
        "@id": "way/75802255",
        "highway": "secondary",
        "lanes": "3",
        "maxspeed": "RU:urban",
        "surface": "asphalt"
      },
      "geometry": {
        "type": "LineString",
        "coordinates": [
          [
            86.0962511,
            55.3510076
          ],
          [
            86.0963408,
            55.3510677
          ],
          [
            86.097651,
            55.3519425
          ]
        ]
      },
      "id": "way/75802255"
    },
    {
      "type": "Feature",
      "properties": {
        "@id": "way/76922941",
        "bridge": "yes",
        "highway": "primary",
        "lanes": "3",
        "layer": "1",
        "maxspeed": "RU:urban",
        "name": "Кузнецкий мост",
        "oneway": "yes",
        "surface": "asphalt"
      },
      "geometry": {
        "type": "LineString",
        "coordinates": [
          [
            86.0743796,
            55.3666437
          ],
          [
            86.0788966,
            55.3718558
          ]
        ]
      },
      "id": "way/76922941"
    },
    {
      "type": "Feature",
      "properties": {
        "@id": "way/76922957",
        "highway": "primary",
        "lanes": "3",
        "maxspeed": "RU:urban",
        "name": "Кузнецкий проспект",
        "name:ru": "Кузнецкий проспект",
        "oneway": "yes",
        "surface": "asphalt"
      },
      "geometry": {
        "type": "LineString",
        "coordinates": [
          [
            86.0690712,
            55.3592408
          ],
          [
            86.0691422,
            55.3593086
          ],
          [
            86.0692236,
            55.3593877
          ],
          [
            86.0693758,
            55.3595947
          ],
          [
            86.0710328,
            55.3618489
          ],
          [
            86.0712873,
            55.3622165
          ],
          [
            86.0715194,
            55.3625516
          ],
          [
            86.0716128,
            55.3626877
          ],
          [
            86.0716862,
            55.3627931
          ],
          [
            86.0718241,
            55.3630112
          ],
          [
            86.0721409,
            55.3635806
          ],
          [
            86.0728332,
            55.3645176
          ],
          [
            86.0731415,
            55.3649555
          ],
          [
            86.0739436,
            55.3661321
          ],
          [
            86.0740478,
            55.3662795
          ],
          [
            86.0743796,
            55.3666437
          ]
        ]
      },
      "id": "way/76922957"
    },
    {
      "type": "Feature",
      "properties": {
        "@id": "way/77183416",
        "highway": "primary",
        "lanes": "2",
        "maxspeed": "RU:urban",
        "name": "улица Аэропорт",
        "oneway": "yes",
        "surface": "asphalt"
      },
      "geometry": {
        "type": "LineString",
        "coordinates": [
          [
            86.1123858,
            55.2844487
          ],
          [
            86.1137963,
            55.2832542
          ],
          [
            86.1141979,
            55.2829141
          ],
          [
            86.1143958,
            55.2827465
          ],
          [
            86.1147906,
            55.2824122
          ],
          [
            86.1150257,
            55.2822131
          ]
        ]
      },
      "id": "way/77183416"
    },
    {
      "type": "Feature",
      "properties": {
        "@id": "way/81024873",
        "highway": "primary",
        "name": "улица Дружбы",
        "oneway": "yes"
      },
      "geometry": {
        "type": "LineString",
        "coordinates": [
          [
            86.0989211,
            55.316956
          ],
          [
            86.0991019,
            55.3168543
          ]
        ]
      },
      "id": "way/81024873"
    },
    {
      "type": "Feature",
      "properties": {
        "@id": "way/82507415",
        "highway": "primary",
        "lanes": "3",
        "lanes:forward": "1",
        "maxheight": "4.3",
        "maxspeed": "RU:urban",
        "name": "Кузнецкий проспект",
        "name:ru": "Кузнецкий проспект"
      },
      "geometry": {
        "type": "LineString",
        "coordinates": [
          [
            86.0590702,
            55.328539
          ],
          [
            86.0591356,
            55.3285805
          ],
          [
            86.0596373,
            55.3288996
          ]
        ]
      },
      "id": "way/82507415"
    },
    {
      "type": "Feature",
      "properties": {
        "@id": "way/82507417",
        "highway": "secondary",
        "lanes": "3",
        "maxspeed": "RU:urban",
        "name": "улица Сибиряков-Гвардейцев",
        "oneway": "yes",
        "surface": "asphalt"
      },
      "geometry": {
        "type": "LineString",
        "coordinates": [
          [
            86.0818373,
            55.335989
          ],
          [
            86.0808258,
            55.3359839
          ],
          [
            86.0786796,
            55.3359564
          ],
          [
            86.0782747,
            55.3359539
          ],
          [
            86.0780287,
            55.3359507
          ],
          [
            86.075762,
            55.3359213
          ],
          [
            86.0756018,
            55.3359192
          ],
          [
            86.0754125,
            55.3359276
          ],
          [
            86.0752564,
            55.335947
          ],
          [
            86.0750616,
            55.3359903
          ],
          [
            86.0749698,
            55.3360112
          ],
          [
            86.0726612,
            55.336538
          ],
          [
            86.0718324,
            55.3367198
          ],
          [
            86.0713078,
            55.3368422
          ],
          [
            86.0700658,
            55.3371282
          ],
          [
            86.0698827,
            55.3371704
          ],
          [
            86.0697376,
            55.3372041
          ],
          [
            86.0696055,
            55.337235
          ],
          [
            86.0691981,
            55.3373301
          ],
          [
            86.0667429,
            55.337913
          ],
          [
            86.0661764,
            55.3380429
          ],
          [
            86.0654676,
            55.3382034
          ],
          [
            86.0647926,
            55.338364
          ],
          [
            86.0628815,
            55.3388162
          ],
          [
            86.0624025,
            55.3389267
          ],
          [
            86.0622543,
            55.3389654
          ]
        ]
      },
      "id": "way/82507417"
    },
    {
      "type": "Feature",
      "properties": {
        "@id": "way/85041458",
        "highway": "secondary",
        "maxspeed": "40",
        "oneway": "yes",
        "surface": "asphalt"
      },
      "geometry": {
        "type": "LineString",
        "coordinates": [
          [
            86.0804084,
            55.3719294
          ],
          [
            86.0804204,
            55.3718545
          ],
          [
            86.0804113,
            55.3717507
          ],
          [
            86.0803979,
            55.3716846
          ],
          [
            86.0803573,
            55.3715512
          ]
        ]
      },
      "id": "way/85041458"
    },
    {
      "type": "Feature",
      "properties": {
        "@id": "way/85041459",
        "highway": "secondary",
        "maxspeed": "40",
        "oneway": "yes",
        "surface": "asphalt"
      },
      "geometry": {
        "type": "LineString",
        "coordinates": [
          [
            86.0803573,
            55.3715512
          ],
          [
            86.0807175,
            55.3717986
          ],
          [
            86.0807847,
            55.3718576
          ]
        ]
      },
      "id": "way/85041459"
    },
    {
      "type": "Feature",
      "properties": {
        "@id": "way/85041461",
        "highway": "secondary",
        "lanes": "2",
        "maxspeed": "40",
        "surface": "asphalt"
      },
      "geometry": {
        "type": "LineString",
        "coordinates": [
          [
            86.0776764,
            55.3725765
          ],
          [
            86.0775433,
            55.3724267
          ],
          [
            86.07749,
            55.3723273
          ],
          [
            86.077469,
            55.3722599
          ],
          [
            86.0774722,
            55.3721815
          ],
          [
            86.0774962,
            55.3721181
          ],
          [
            86.0775371,
            55.3720495
          ],
          [
            86.0776051,
            55.3719676
          ],
          [
            86.0777324,
            55.3718858
          ],
          [
            86.077953,
            55.3718159
          ],
          [
            86.0792569,
            55.371465
          ],
          [
            86.0794876,
            55.371419
          ],
          [
            86.079675,
            55.3714053
          ],
          [
            86.0797795,
            55.3714104
          ],
          [
            86.0798872,
            55.3714237
          ],
          [
            86.079966,
            55.3714368
          ],
          [
            86.0800802,
            55.3714628
          ],
          [
            86.080237,
            55.3715111
          ],
          [
            86.0803573,
            55.3715512
          ]
        ]
      },
      "id": "way/85041461"
    },
    {
      "type": "Feature",
      "properties": {
        "@id": "way/85041463",
        "highway": "secondary",
        "junction": "roundabout",
        "maxspeed": "40",
        "oneway": "yes",
        "surface": "asphalt"
      },
      "geometry": {
        "type": "LineString",
        "coordinates": [
          [
            86.0807847,
            55.3718576
          ],
          [
            86.0808914,
            55.3718765
          ]
        ]
      },
      "id": "way/85041463"
    },
    {
      "type": "Feature",
      "properties": {
        "@id": "way/85041464",
        "highway": "secondary",
        "maxspeed": "40",
        "oneway": "yes",
        "surface": "asphalt"
      },
      "geometry": {
        "type": "LineString",
        "coordinates": [
          [
            86.0804319,
            55.3722745
          ],
          [
            86.0801904,
            55.3723242
          ],
          [
            86.0800098,
            55.3723744
          ],
          [
            86.079936,
            55.3724173
          ],
          [
            86.0798436,
            55.3724827
          ],
          [
            86.0797944,
            55.3725699
          ],
          [
            86.0797555,
            55.3726648
          ],
          [
            86.0797308,
            55.3728059
          ]
        ]
      },
      "id": "way/85041464"
    },
    {
      "type": "Feature",
      "properties": {
        "@id": "way/85041465",
        "highway": "secondary",
        "maxspeed": "40",
        "noname": "yes",
        "oneway": "yes",
        "surface": "asphalt"
      },
      "geometry": {
        "type": "LineString",
        "coordinates": [
          [
            86.0798191,
            55.373246
          ],
          [
            86.0796241,
            55.3731403
          ],
          [
            86.0795014,
            55.3730846
          ],
          [
            86.0793731,
            55.3730456
          ],
          [
            86.0791667,
            55.3730187
          ],
          [
            86.078936,
            55.3730145
          ],
          [
            86.0786586,
            55.3730377
          ],
          [
            86.0785698,
            55.3730459
          ],
          [
            86.0784172,
            55.3730473
          ],
          [
            86.0783125,
            55.3730336
          ],
          [
            86.078224,
            55.3730129
          ],
          [
            86.0781531,
            55.372995
          ],
          [
            86.0780772,
            55.3729674
          ],
          [
            86.0780046,
            55.3729299
          ],
          [
            86.0778141,
            55.3727598
          ],
          [
            86.0776764,
            55.3725765
          ]
        ]
      },
      "id": "way/85041465"
    },
    {
      "type": "Feature",
      "properties": {
        "@id": "way/85041466",
        "highway": "secondary",
        "maxspeed": "40",
        "noname": "yes",
        "oneway": "yes",
        "surface": "asphalt"
      },
      "geometry": {
        "type": "LineString",
        "coordinates": [
          [
            86.0776764,
            55.3725765
          ],
          [
            86.0779014,
            55.372734
          ],
          [
            86.0779695,
            55.3727889
          ],
          [
            86.078057,
            55.3728561
          ],
          [
            86.0781392,
            55.3729041
          ],
          [
            86.0782518,
            55.3729415
          ],
          [
            86.0784064,
            55.3729639
          ],
          [
            86.0785345,
            55.3729677
          ],
          [
            86.0786105,
            55.3729606
          ],
          [
            86.0787218,
            55.3729353
          ],
          [
            86.0788148,
            55.3728946
          ],
          [
            86.07889,
            55.3728478
          ],
          [
            86.0789365,
            55.3727951
          ],
          [
            86.0789718,
            55.3727366
          ],
          [
            86.0789746,
            55.3726352
          ],
          [
            86.0789386,
            55.3723741
          ]
        ]
      },
      "id": "way/85041466"
    },
    {
      "type": "Feature",
      "properties": {
        "@id": "way/85041467",
        "highway": "secondary",
        "maxspeed": "40",
        "noref": "yes",
        "oneway": "yes",
        "surface": "asphalt"
      },
      "geometry": {
        "type": "LineString",
        "coordinates": [
          [
            86.0788966,
            55.3718558
          ],
          [
            86.0790068,
            55.3719222
          ],
          [
            86.0792625,
            55.3720908
          ],
          [
            86.0793769,
            55.3721452
          ],
          [
            86.0795554,
            55.3721745
          ],
          [
            86.0797111,
            55.3721828
          ],
          [
            86.0798429,
            55.3721742
          ],
          [
            86.0799806,
            55.3721463
          ],
          [
            86.0801273,
            55.3721147
          ],
          [
            86.0802214,
            55.3720887
          ],
          [
            86.0803087,
            55.3720574
          ]
        ]
      },
      "id": "way/85041467"
    },
    {
      "type": "Feature",
      "properties": {
        "@id": "way/85041826",
        "highway": "primary",
        "lanes": "2",
        "maxspeed": "RU:urban",
        "name": "Логовое шоссе",
        "oneway": "yes",
        "surface": "asphalt"
      },
      "geometry": {
        "type": "LineString",
        "coordinates": [
          [
            86.0840377,
            55.3767729
          ],
          [
            86.0842312,
            55.376836
          ],
          [
            86.0844126,
            55.3769081
          ],
          [
            86.0845278,
            55.3769719
          ],
          [
            86.0853125,
            55.377585
          ],
          [
            86.0855841,
            55.3778069
          ],
          [
            86.0856596,
            55.3778686
          ],
          [
            86.0867093,
            55.378642
          ],
          [
            86.0872451,
            55.3790762
          ],
          [
            86.0874125,
            55.3792293
          ],
          [
            86.0874865,
            55.379359
          ],
          [
            86.0875203,
            55.3795322
          ],
          [
            86.0875526,
            55.3797404
          ],
          [
            86.0875834,
            55.3800121
          ],
          [
            86.0875888,
            55.380272
          ],
          [
            86.0876182,
            55.3817115
          ],
          [
            86.0876462,
            55.3820704
          ],
          [
            86.0876891,
            55.3822535
          ],
          [
            86.0877247,
            55.3824081
          ],
          [
            86.0877992,
            55.3826271
          ],
          [
            86.0878966,
            55.3828435
          ],
          [
            86.0881285,
            55.3832821
          ],
          [
            86.0885975,
            55.3841033
          ]
        ]
      },
      "id": "way/85041826"
    },
    {
      "type": "Feature",
      "properties": {
        "@id": "way/85041829",
        "bridge": "yes",
        "goods": "no",
        "hgv": "no @ (07:00-20:00)",
        "highway": "primary",
        "lanes": "3",
        "layer": "1",
        "maxspeed": "60",
        "name": "Кузнецкий мост",
        "oneway": "yes",
        "surface": "asphalt"
      },
      "geometry": {
        "type": "LineString",
        "coordinates": [
          [
            86.0785855,
            55.3719376
          ],
          [
            86.0740659,
            55.3667319
          ]
        ]
      },
      "id": "way/85041829"
    },
    {
      "type": "Feature",
      "properties": {
        "@id": "way/86188209",
        "highway": "secondary"
      },
      "geometry": {
        "type": "LineString",
        "coordinates": [
          [
            86.0850449,
            55.384676
          ],
          [
            86.0851601,
            55.3845898
          ],
          [
            86.0852863,
            55.3844972
          ]
        ]
      },
      "id": "way/86188209"
    },
    {
      "type": "Feature",
      "properties": {
        "@id": "way/89884935",
        "highway": "secondary",
        "lanes": "2",
        "maxspeed": "40",
        "name": "проспект Владимира Михайлова",
        "oneway": "yes",
        "surface": "asphalt"
      },
      "geometry": {
        "type": "LineString",
        "coordinates": [
          [
            86.2328625,
            55.4152935
          ],
          [
            86.2328195,
            55.415476
          ],
          [
            86.2327989,
            55.4157501
          ],
          [
            86.2327808,
            55.4159686
          ],
          [
            86.2327733,
            55.4162346
          ],
          [
            86.2328012,
            55.4172779
          ],
          [
            86.2328164,
            55.4182927
          ],
          [
            86.2328201,
            55.4186875
          ],
          [
            86.2328151,
            55.4189263
          ],
          [
            86.2328007,
            55.4191651
          ],
          [
            86.2327856,
            55.4194816
          ],
          [
            86.2327574,
            55.4197423
          ],
          [
            86.232725,
            55.4199773
          ],
          [
            86.2326829,
            55.4202246
          ],
          [
            86.2325938,
            55.4206494
          ],
          [
            86.2325261,
            55.420933
          ],
          [
            86.2324618,
            55.4211662
          ],
          [
            86.232393,
            55.4213647
          ],
          [
            86.2323231,
            55.4215495
          ],
          [
            86.2322756,
            55.4216765
          ],
          [
            86.2321516,
            55.4220215
          ],
          [
            86.2320875,
            55.4221747
          ],
          [
            86.2320234,
            55.4223194
          ],
          [
            86.2318784,
            55.4226076
          ],
          [
            86.231788,
            55.4227733
          ],
          [
            86.231638,
            55.4230383
          ],
          [
            86.2314858,
            55.4232851
          ],
          [
            86.2313616,
            55.4234901
          ]
        ]
      },
      "id": "way/89884935"
    },
    {
      "type": "Feature",
      "properties": {
        "@id": "way/96173326",
        "highway": "primary",
        "lanes": "2",
        "maxspeed": "RU:urban",
        "name": "улица Терешковой",
        "name:etymology:wikidata": "Q44371",
        "oneway": "yes",
        "surface": "asphalt"
      },
      "geometry": {
        "type": "LineString",
        "coordinates": [
          [
            86.1445826,
            55.3338869
          ],
          [
            86.144515,
            55.3339557
          ]
        ]
      },
      "id": "way/96173326"
    },
    {
      "type": "Feature",
      "properties": {
        "@id": "way/96173360",
        "highway": "primary",
        "lanes": "2",
        "maxspeed": "60",
        "name": "улица Терешковой",
        "name:etymology:wikidata": "Q44371",
        "oneway": "yes",
        "surface": "asphalt"
      },
      "geometry": {
        "type": "LineString",
        "coordinates": [
          [
            86.1408805,
            55.2946587
          ],
          [
            86.1414882,
            55.2946652
          ],
          [
            86.1442365,
            55.294722
          ],
          [
            86.1449975,
            55.2947363
          ],
          [
            86.1459865,
            55.2947785
          ],
          [
            86.14667,
            55.2948181
          ],
          [
            86.1471405,
            55.294851
          ],
          [
            86.1476648,
            55.294896
          ],
          [
            86.1480129,
            55.2949413
          ],
          [
            86.1484401,
            55.2949946
          ],
          [
            86.1489232,
            55.2950523
          ],
          [
            86.149279,
            55.2951041
          ],
          [
            86.1497009,
            55.2951683
          ],
          [
            86.1501817,
            55.2952403
          ],
          [
            86.1505167,
            55.2952922
          ],
          [
            86.1510104,
            55.2953719
          ],
          [
            86.1517469,
            55.295528
          ],
          [
            86.1523335,
            55.2956386
          ],
          [
            86.1529263,
            55.2957752
          ],
          [
            86.1534649,
            55.2959175
          ],
          [
            86.1539545,
            55.296041
          ],
          [
            86.1544387,
            55.2961933
          ],
          [
            86.1551893,
            55.2964294
          ],
          [
            86.1584936,
            55.2974761
          ],
          [
            86.1592269,
            55.2976889
          ],
          [
            86.1601634,
            55.2980014
          ],
          [
            86.1608053,
            55.2981862
          ],
          [
            86.1612021,
            55.2983139
          ],
          [
            86.1616464,
            55.2984735
          ],
          [
            86.1620915,
            55.2986232
          ],
          [
            86.1624008,
            55.2987306
          ],
          [
            86.1627998,
            55.2988956
          ],
          [
            86.1631036,
            55.2990314
          ],
          [
            86.1633828,
            55.2991552
          ],
          [
            86.1636691,
            55.299293
          ],
          [
            86.1639035,
            55.2994077
          ],
          [
            86.1641574,
            55.299532
          ],
          [
            86.1643992,
            55.2996767
          ],
          [
            86.1647676,
            55.2998865
          ],
          [
            86.1651888,
            55.3001632
          ],
          [
            86.1656657,
            55.3004818
          ],
          [
            86.1664278,
            55.3010675
          ],
          [
            86.1666877,
            55.301359
          ],
          [
            86.1668608,
            55.3015237
          ],
          [
            86.1670026,
            55.3016695
          ],
          [
            86.1671953,
            55.3018866
          ],
          [
            86.1673551,
            55.3020638
          ],
          [
            86.1674818,
            55.3022178
          ],
          [
            86.1675984,
            55.3023845
          ],
          [
            86.1677239,
            55.3025507
          ],
          [
            86.1678125,
            55.3026798
          ],
          [
            86.1679003,
            55.3027982
          ],
          [
            86.1679773,
            55.3029162
          ],
          [
            86.1680783,
            55.3031101
          ],
          [
            86.1681738,
            55.3032861
          ],
          [
            86.1683007,
            55.3035407
          ],
          [
            86.1683763,
            55.3037306
          ],
          [
            86.1684793,
            55.3040352
          ],
          [
            86.1685913,
            55.3044901
          ],
          [
            86.1686302,
            55.3046427
          ],
          [
            86.1686362,
            55.3046737
          ],
          [
            86.1687161,
            55.305088
          ],
          [
            86.1687208,
            55.305116
          ],
          [
            86.1687568,
            55.3053277
          ],
          [
            86.1687726,
            55.3055273
          ],
          [
            86.1687763,
            55.3056831
          ],
          [
            86.1687537,
            55.3059722
          ],
          [
            86.1686973,
            55.30628
          ],
          [
            86.1685789,
            55.306748
          ],
          [
            86.1685103,
            55.3069681
          ],
          [
            86.1684467,
            55.3071574
          ],
          [
            86.1683792,
            55.3073855
          ],
          [
            86.1682834,
            55.3076144
          ],
          [
            86.168195,
            55.3077958
          ],
          [
            86.1681037,
            55.3079625
          ],
          [
            86.1679529,
            55.308234
          ],
          [
            86.1678424,
            55.3084124
          ],
          [
            86.1677299,
            55.3085781
          ],
          [
            86.1675764,
            55.3087698
          ],
          [
            86.1674802,
            55.3088949
          ],
          [
            86.1673376,
            55.309067
          ],
          [
            86.1670173,
            55.3094284
          ],
          [
            86.1667989,
            55.3096692
          ]
        ]
      },
      "id": "way/96173360"
    },
    {
      "type": "Feature",
      "properties": {
        "@id": "way/96791340",
        "bridge": "yes",
        "highway": "secondary",
        "layer": "1"
      },
      "geometry": {
        "type": "LineString",
        "coordinates": [
          [
            86.0592726,
            55.3396433
          ],
          [
            86.0584171,
            55.339845
          ]
        ]
      },
      "id": "way/96791340"
    },
    {
      "type": "Feature",
      "properties": {
        "@id": "way/97125926",
        "highway": "secondary",
        "lanes": "2",
        "maxspeed": "RU:urban",
        "name": "Ленинградский проспект",
        "surface": "asphalt"
      },
      "geometry": {
        "type": "LineString",
        "coordinates": [
          [
            86.167554,
            55.3556767
          ],
          [
            86.1676085,
            55.355608
          ]
        ]
      },
      "id": "way/97125926"
    },
    {
      "type": "Feature",
      "properties": {
        "@id": "way/97125984",
        "highway": "secondary",
        "name": "Волгоградская улица",
        "name:uk": "Волгоградська вулиця",
        "surface": "asphalt"
      },
      "geometry": {
        "type": "LineString",
        "coordinates": [
          [
            86.1477755,
            55.3497667
          ],
          [
            86.1477855,
            55.3496833
          ]
        ]
      },
      "id": "way/97125984"
    },
    {
      "type": "Feature",
      "properties": {
        "@id": "way/97125994",
        "highway": "secondary",
        "lanes": "4",
        "maxspeed": "RU:urban",
        "name": "Волгоградская улица"
      },
      "geometry": {
        "type": "LineString",
        "coordinates": [
          [
            86.1529896,
            55.3397074
          ],
          [
            86.153111,
            55.3395687
          ],
          [
            86.1535767,
            55.3390585
          ]
        ]
      },
      "id": "way/97125994"
    },
    {
      "type": "Feature",
      "properties": {
        "@id": "way/98646154",
        "bridge": "yes",
        "highway": "secondary",
        "layer": "1",
        "name": "улица Тельмана",
        "name:etymology:wikidata": "Q77004"
      },
      "geometry": {
        "type": "LineString",
        "coordinates": [
          [
            86.0210733,
            55.3896608
          ],
          [
            86.0202534,
            55.3896796
          ]
        ]
      },
      "id": "way/98646154"
    },
    {
      "type": "Feature",
      "properties": {
        "@id": "way/98867938",
        "highway": "secondary",
        "lanes": "2",
        "maxspeed": "RU:urban",
        "name": "улица Ракитянского"
      },
      "geometry": {
        "type": "LineString",
        "coordinates": [
          [
            86.1106736,
            55.4208851
          ],
          [
            86.1102269,
            55.4209643
          ],
          [
            86.1089467,
            55.4212006
          ],
          [
            86.1084394,
            55.4212796
          ],
          [
            86.1054535,
            55.4218318
          ],
          [
            86.1049655,
            55.4219218
          ]
        ]
      },
      "id": "way/98867938"
    },
    {
      "type": "Feature",
      "properties": {
        "@id": "way/98867939",
        "highway": "primary",
        "lanes": "2",
        "maxspeed": "RU:urban",
        "name": "проспект Шахтёров",
        "oneway": "yes",
        "surface": "asphalt"
      },
      "geometry": {
        "type": "LineString",
        "coordinates": [
          [
            86.1278028,
            55.4118684
          ],
          [
            86.1278413,
            55.4117758
          ],
          [
            86.1278692,
            55.4116592
          ],
          [
            86.1278611,
            55.4115718
          ],
          [
            86.1277532,
            55.4114046
          ],
          [
            86.1276115,
            55.4112591
          ],
          [
            86.1269364,
            55.4106282
          ],
          [
            86.1266508,
            55.4103236
          ],
          [
            86.1255327,
            55.409172
          ],
          [
            86.1251278,
            55.4087526
          ],
          [
            86.12294,
            55.4063692
          ],
          [
            86.1226392,
            55.4060538
          ],
          [
            86.1223865,
            55.405778
          ],
          [
            86.1216403,
            55.4050394
          ],
          [
            86.1200102,
            55.4034257
          ],
          [
            86.1193266,
            55.4027177
          ],
          [
            86.1191302,
            55.4025143
          ]
        ]
      },
      "id": "way/98867939"
    },
    {
      "type": "Feature",
      "properties": {
        "@id": "way/98867943",
        "highway": "primary",
        "lanes": "2",
        "maxspeed": "RU:urban",
        "name": "улица Ракитянского",
        "surface": "asphalt"
      },
      "geometry": {
        "type": "LineString",
        "coordinates": [
          [
            86.1243488,
            55.4184249
          ],
          [
            86.1243036,
            55.4184391
          ],
          [
            86.1241428,
            55.4184895
          ],
          [
            86.1226141,
            55.4187728
          ],
          [
            86.122307,
            55.4188263
          ],
          [
            86.1216421,
            55.4189421
          ],
          [
            86.1201483,
            55.4192022
          ]
        ]
      },
      "id": "way/98867943"
    },
    {
      "type": "Feature",
      "properties": {
        "@id": "way/98958865",
        "bridge": "yes",
        "highway": "primary",
        "lanes": "2",
        "layer": "1",
        "maxspeed": "RU:urban",
        "name": "Автозаводская улица",
        "oneway": "yes"
      },
      "geometry": {
        "type": "LineString",
        "coordinates": [
          [
            86.0729099,
            55.3267122
          ],
          [
            86.0737042,
            55.3262183
          ]
        ]
      },
      "id": "way/98958865"
    },
    {
      "type": "Feature",
      "properties": {
        "@id": "way/98958874",
        "highway": "primary",
        "lanes": "2",
        "maxspeed": "RU:urban",
        "name": "Автозаводская улица",
        "oneway": "yes"
      },
      "geometry": {
        "type": "LineString",
        "coordinates": [
          [
            86.0722028,
            55.3271079
          ],
          [
            86.0725652,
            55.326944
          ],
          [
            86.0729099,
            55.3267122
          ]
        ]
      },
      "id": "way/98958874"
    },
    {
      "type": "Feature",
      "properties": {
        "@id": "way/98958892",
        "highway": "primary",
        "lanes": "2",
        "maxspeed": "RU:urban",
        "name": "Автозаводская улица"
      },
      "geometry": {
        "type": "LineString",
        "coordinates": [
          [
            86.0722028,
            55.3271079
          ],
          [
            86.0706702,
            55.3275003
          ],
          [
            86.0695504,
            55.3277735
          ],
          [
            86.0689509,
            55.3279198
          ],
          [
            86.0682331,
            55.3280949
          ],
          [
            86.067111,
            55.3283687
          ],
          [
            86.0656059,
            55.3287359
          ],
          [
            86.065481,
            55.3287658
          ],
          [
            86.0652722,
            55.3288171
          ],
          [
            86.0651535,
            55.3288463
          ],
          [
            86.0650702,
            55.3288666
          ],
          [
            86.064558,
            55.3289916
          ],
          [
            86.0642422,
            55.3291087
          ],
          [
            86.0629576,
            55.3297071
          ],
          [
            86.0624615,
            55.3299608
          ],
          [
            86.0624038,
            55.3299903
          ],
          [
            86.0622442,
            55.3300544
          ],
          [
            86.0621429,
            55.3300916
          ],
          [
            86.0620504,
            55.3301163
          ],
          [
            86.0619715,
            55.3301287
          ],
          [
            86.0618626,
            55.3301348
          ],
          [
            86.061716,
            55.3301366
          ]
        ]
      },
      "id": "way/98958892"
    },
    {
      "type": "Feature",
      "properties": {
        "@id": "way/98958911",
        "highway": "primary",
        "lanes": "3",
        "maxspeed": "RU:urban",
        "name": "Кузнецкий проспект",
        "name:ru": "Кузнецкий проспект",
        "oneway": "yes"
      },
      "geometry": {
        "type": "LineString",
        "coordinates": [
          [
            86.0619505,
            55.3390492
          ],
          [
            86.0619498,
            55.3390114
          ],
          [
            86.0619489,
            55.3389663
          ],
          [
            86.0619617,
            55.3388017
          ],
          [
            86.0620005,
            55.3379671
          ],
          [
            86.0620204,
            55.3372907
          ],
          [
            86.0620364,
            55.3367494
          ],
          [
            86.062035,
            55.3364177
          ],
          [
            86.062026,
            55.3342799
          ],
          [
            86.0620392,
            55.3341382
          ]
        ]
      },
      "id": "way/98958911"
    },
    {
      "type": "Feature",
      "properties": {
        "@id": "way/98958972",
        "highway": "primary",
        "lanes": "2",
        "maxspeed": "RU:urban",
        "name": "Автозаводская улица",
        "oneway": "yes"
      },
      "geometry": {
        "type": "LineString",
        "coordinates": [
          [
            86.0737042,
            55.3262183
          ],
          [
            86.0738297,
            55.3261411
          ],
          [
            86.0752209,
            55.3253052
          ],
          [
            86.0756513,
            55.325041
          ],
          [
            86.0759569,
            55.324835
          ]
        ]
      },
      "id": "way/98958972"
    },
    {
      "type": "Feature",
      "properties": {
        "@id": "way/98958988",
        "highway": "secondary",
        "lanes": "2",
        "maxspeed": "RU:urban",
        "name": "Космическая улица",
        "surface": "asphalt"
      },
      "geometry": {
        "type": "LineString",
        "coordinates": [
          [
            86.0814333,
            55.321716
          ],
          [
            86.0806934,
            55.3221576
          ],
          [
            86.0782008,
            55.3237216
          ],
          [
            86.0781539,
            55.323751
          ],
          [
            86.0778911,
            55.3239153
          ]
        ]
      },
      "id": "way/98958988"
    },
    {
      "type": "Feature",
      "properties": {
        "@id": "way/98959011",
        "bridge": "yes",
        "highway": "primary",
        "lanes": "2",
        "layer": "1",
        "maxspeed": "RU:urban",
        "name": "Автозаводская улица",
        "oneway": "yes"
      },
      "geometry": {
        "type": "LineString",
        "coordinates": [
          [
            86.0759569,
            55.324835
          ],
          [
            86.0762301,
            55.324672
          ]
        ]
      },
      "id": "way/98959011"
    },
    {
      "type": "Feature",
      "properties": {
        "@id": "way/98959032",
        "highway": "primary",
        "lanes": "2",
        "maxspeed": "RU:urban",
        "name": "Автозаводская улица",
        "oneway": "yes"
      },
      "geometry": {
        "type": "LineString",
        "coordinates": [
          [
            86.0762301,
            55.324672
          ],
          [
            86.0764805,
            55.3245232
          ],
          [
            86.0773903,
            55.3239826
          ],
          [
            86.0775128,
            55.3239098
          ],
          [
            86.0776787,
            55.3238112
          ]
        ]
      },
      "id": "way/98959032"
    },
    {
      "type": "Feature",
      "properties": {
        "@id": "way/98959066",
        "bridge": "yes",
        "highway": "primary",
        "lanes": "2",
        "layer": "1",
        "maxspeed": "RU:urban",
        "name": "Автозаводская улица",
        "oneway": "yes"
      },
      "geometry": {
        "type": "LineString",
        "coordinates": [
          [
            86.0738503,
            55.3262954
          ],
          [
            86.0730463,
            55.3267842
          ]
        ]
      },
      "id": "way/98959066"
    },
    {
      "type": "Feature",
      "properties": {
        "@id": "way/98959087",
        "bridge": "yes",
        "highway": "primary",
        "lanes": "2",
        "layer": "1",
        "maxspeed": "RU:urban",
        "name": "Автозаводская улица",
        "oneway": "yes"
      },
      "geometry": {
        "type": "LineString",
        "coordinates": [
          [
            86.0763863,
            55.3247548
          ],
          [
            86.0761215,
            55.3249222
          ]
        ]
      },
      "id": "way/98959087"
    },
    {
      "type": "Feature",
      "properties": {
        "@id": "way/98959116",
        "highway": "primary",
        "lanes": "2",
        "maxspeed": "RU:urban",
        "name": "Автозаводская улица",
        "oneway": "yes"
      },
      "geometry": {
        "type": "LineString",
        "coordinates": [
          [
            86.0761215,
            55.3249222
          ],
          [
            86.0738503,
            55.3262954
          ]
        ]
      },
      "id": "way/98959116"
    },
    {
      "type": "Feature",
      "properties": {
        "@id": "way/98959138",
        "highway": "primary",
        "lanes": "2",
        "maxspeed": "RU:urban",
        "name": "Автозаводская улица",
        "oneway": "yes"
      },
      "geometry": {
        "type": "LineString",
        "coordinates": [
          [
            86.0730463,
            55.3267842
          ],
          [
            86.0727623,
            55.3269405
          ],
          [
            86.0725862,
            55.3270113
          ],
          [
            86.0722028,
            55.3271079
          ]
        ]
      },
      "id": "way/98959138"
    },
    {
      "type": "Feature",
      "properties": {
        "@id": "way/98959150",
        "highway": "primary",
        "lanes": "3",
        "maxspeed": "RU:urban",
        "name": "Кузнецкий проспект",
        "name:ru": "Кузнецкий проспект",
        "oneway": "yes"
      },
      "geometry": {
        "type": "LineString",
        "coordinates": [
          [
            86.0618796,
            55.3435309
          ],
          [
            86.0618798,
            55.3430428
          ],
          [
            86.0618854,
            55.3429874
          ],
          [
            86.0618742,
            55.3427233
          ]
        ]
      },
      "id": "way/98959150"
    },
    {
      "type": "Feature",
      "properties": {
        "@id": "way/105161343",
        "hgv": "no @ (07:00-20:00)",
        "highway": "primary",
        "lanes": "2",
        "maxspeed": "RU:urban",
        "name": "Логовое шоссе",
        "oneway": "yes",
        "surface": "asphalt"
      },
      "geometry": {
        "type": "LineString",
        "coordinates": [
          [
            86.089248,
            55.3854154
          ],
          [
            86.0890866,
            55.3851517
          ],
          [
            86.0888099,
            55.3846728
          ],
          [
            86.0879983,
            55.3832814
          ],
          [
            86.0877807,
            55.3828494
          ],
          [
            86.0876758,
            55.3826109
          ],
          [
            86.0876063,
            55.3824097
          ],
          [
            86.0875699,
            55.3822539
          ],
          [
            86.0875359,
            55.3820414
          ],
          [
            86.0875064,
            55.3817144
          ],
          [
            86.0874741,
            55.3802677
          ],
          [
            86.0874739,
            55.3800093
          ],
          [
            86.0874334,
            55.3797365
          ],
          [
            86.0874066,
            55.3795274
          ],
          [
            86.0873721,
            55.3793636
          ],
          [
            86.0873092,
            55.379249
          ],
          [
            86.0871279,
            55.3790891
          ],
          [
            86.0865738,
            55.3786627
          ],
          [
            86.0855576,
            55.3779009
          ],
          [
            86.0852176,
            55.377622
          ],
          [
            86.0849592,
            55.3774177
          ],
          [
            86.0847095,
            55.3772203
          ],
          [
            86.0844141,
            55.3770049
          ],
          [
            86.0843155,
            55.3769516
          ],
          [
            86.084171,
            55.3768858
          ],
          [
            86.0839789,
            55.3768192
          ]
        ]
      },
      "id": "way/105161343"
    },
    {
      "type": "Feature",
      "properties": {
        "@id": "way/105855223",
        "highway": "secondary",
        "junction": "roundabout",
        "lanes": "3",
        "maxspeed": "40",
        "oneway": "yes",
        "surface": "asphalt"
      },
      "geometry": {
        "type": "LineString",
        "coordinates": [
          [
            86.2334702,
            55.4129339
          ],
          [
            86.2336433,
            55.4127522
          ],
          [
            86.2336733,
            55.4127231
          ],
          [
            86.2337085,
            55.4126946
          ],
          [
            86.2337562,
            55.4126647
          ],
          [
            86.2338011,
            55.4126422
          ],
          [
            86.2338553,
            55.4126247
          ],
          [
            86.2339173,
            55.4126115
          ],
          [
            86.2339717,
            55.4126052
          ],
          [
            86.2340239,
            55.4126046
          ],
          [
            86.2341073,
            55.4126149
          ],
          [
            86.2341712,
            55.4126311
          ],
          [
            86.2342262,
            55.4126553
          ],
          [
            86.2342677,
            55.412681
          ],
          [
            86.2342961,
            55.4127074
          ],
          [
            86.2343187,
            55.41274
          ],
          [
            86.2343308,
            55.4127735
          ],
          [
            86.2343301,
            55.412807
          ],
          [
            86.2343173,
            55.4128479
          ],
          [
            86.2342902,
            55.4129099
          ],
          [
            86.2342067,
            55.41301
          ],
          [
            86.2338419,
            55.4133997
          ],
          [
            86.2336322,
            55.4136557
          ],
          [
            86.2335023,
            55.4137298
          ],
          [
            86.2334423,
            55.413754
          ],
          [
            86.2333834,
            55.4137715
          ],
          [
            86.2333189,
            55.4137812
          ],
          [
            86.2332535,
            55.4137833
          ],
          [
            86.2331734,
            55.4137748
          ],
          [
            86.2331069,
            55.4137576
          ],
          [
            86.233047,
            55.4137332
          ],
          [
            86.2329984,
            55.4137051
          ],
          [
            86.2329539,
            55.413665
          ],
          [
            86.232938,
            55.4136296
          ],
          [
            86.2329365,
            55.4135844
          ],
          [
            86.2329454,
            55.4135492
          ],
          [
            86.2329702,
            55.4135024
          ],
          [
            86.2330996,
            55.4133308
          ]
        ]
      },
      "id": "way/105855223"
    },
    {
      "type": "Feature",
      "properties": {
        "@id": "way/106880487",
        "highway": "secondary",
        "highway:category": "ru:IВ",
        "lanes": "2",
        "maxspeed": "90",
        "name": "Леснополянское шоссе",
        "oneway": "yes",
        "ref": "32К-590",
        "surface": "asphalt"
      },
      "geometry": {
        "type": "LineString",
        "coordinates": [
          [
            86.131303,
            55.3779272
          ],
          [
            86.1331663,
            55.3777559
          ],
          [
            86.133962,
            55.3776914
          ],
          [
            86.1349861,
            55.3776335
          ],
          [
            86.1359161,
            55.3776824
          ],
          [
            86.136901,
            55.3777829
          ],
          [
            86.1378772,
            55.37795
          ],
          [
            86.1450768,
            55.3793299
          ],
          [
            86.1495431,
            55.3801856
          ],
          [
            86.1536696,
            55.3809571
          ],
          [
            86.1550343,
            55.381251
          ],
          [
            86.1556193,
            55.3814084
          ],
          [
            86.1563536,
            55.3816445
          ],
          [
            86.1570029,
            55.3818891
          ],
          [
            86.1573158,
            55.3820385
          ],
          [
            86.1575764,
            55.3821571
          ],
          [
            86.1583383,
            55.3825729
          ],
          [
            86.1618975,
            55.3850675
          ],
          [
            86.1633543,
            55.3861626
          ],
          [
            86.1641322,
            55.3866986
          ],
          [
            86.1647974,
            55.3871334
          ],
          [
            86.1652244,
            55.3873573
          ],
          [
            86.1654301,
            55.3874588
          ],
          [
            86.1657369,
            55.3875936
          ],
          [
            86.1660091,
            55.3876936
          ],
          [
            86.1662981,
            55.3877932
          ],
          [
            86.16659,
            55.3878885
          ],
          [
            86.167108,
            55.3880292
          ],
          [
            86.1674563,
            55.3881093
          ],
          [
            86.1678668,
            55.3881892
          ],
          [
            86.1681215,
            55.3882331
          ],
          [
            86.1684144,
            55.388279
          ],
          [
            86.1688457,
            55.3883304
          ],
          [
            86.169143,
            55.3883546
          ],
          [
            86.1695158,
            55.3883815
          ],
          [
            86.1698438,
            55.3883965
          ],
          [
            86.170339,
            55.3884021
          ],
          [
            86.170814,
            55.3883916
          ],
          [
            86.171205,
            55.3883681
          ],
          [
            86.1716713,
            55.3883375
          ],
          [
            86.1722007,
            55.3882852
          ],
          [
            86.1727619,
            55.388222
          ],
          [
            86.1826237,
            55.3871078
          ],
          [
            86.1835895,
            55.3870033
          ]
        ]
      },
      "id": "way/106880487"
    },
    {
      "type": "Feature",
      "properties": {
        "@id": "way/108059059",
        "highway": "secondary",
        "lanes": "2",
        "maxspeed": "RU:urban",
        "name": "Соборная улица",
        "name:ru": "Соборная улица",
        "name:uk": "Соборна вулиця",
        "oneway": "yes"
      },
      "geometry": {
        "type": "LineString",
        "coordinates": [
          [
            86.0976764,
            55.3374133
          ],
          [
            86.0976572,
            55.337932
          ],
          [
            86.0976121,
            55.3393397
          ],
          [
            86.0975888,
            55.3394295
          ]
        ]
      },
      "id": "way/108059059"
    },
    {
      "type": "Feature",
      "properties": {
        "@id": "way/108059060",
        "highway": "primary",
        "lanes": "4",
        "lanes:bus": "1",
        "maxspeed": "RU:urban",
        "name": "проспект Ленина",
        "name:etymology:wikidata": "Q1394",
        "name:ru": "проспект Ленина",
        "oneway": "yes",
        "surface": "asphalt"
      },
      "geometry": {
        "type": "LineString",
        "coordinates": [
          [
            86.097465,
            55.3444744
          ],
          [
            86.0976045,
            55.34448
          ],
          [
            86.0976635,
            55.3444832
          ],
          [
            86.0978782,
            55.3444949
          ],
          [
            86.0989849,
            55.3445003
          ],
          [
            86.0996879,
            55.3445016
          ],
          [
            86.100229,
            55.3445072
          ],
          [
            86.1028919,
            55.3445348
          ],
          [
            86.103508,
            55.3445431
          ],
          [
            86.1039754,
            55.3445459
          ],
          [
            86.1041881,
            55.3445481
          ],
          [
            86.1042739,
            55.3445486
          ]
        ]
      },
      "id": "way/108059060"
    },
    {
      "type": "Feature",
      "properties": {
        "@id": "way/108349746",
        "highway": "secondary",
        "lanes": "2",
        "lanes:backward": "1",
        "lanes:forward": "1",
        "maxspeed": "60",
        "ref": "32К-590",
        "surface": "asphalt"
      },
      "geometry": {
        "type": "LineString",
        "coordinates": [
          [
            86.1244682,
            55.378219
          ],
          [
            86.1245097,
            55.3781392
          ],
          [
            86.1245646,
            55.3780594
          ],
          [
            86.1246692,
            55.3779752
          ],
          [
            86.1247681,
            55.3779249
          ],
          [
            86.1249012,
            55.3778736
          ],
          [
            86.1250173,
            55.3778355
          ],
          [
            86.125116,
            55.377818
          ],
          [
            86.1252839,
            55.377794
          ],
          [
            86.125468,
            55.377785
          ],
          [
            86.1256486,
            55.3777842
          ],
          [
            86.1258615,
            55.3777919
          ],
          [
            86.1260699,
            55.3778026
          ],
          [
            86.1266884,
            55.377851
          ]
        ]
      },
      "id": "way/108349746"
    },
    {
      "type": "Feature",
      "properties": {
        "@id": "way/108349749",
        "highway": "secondary",
        "highway:category": "ru:IВ",
        "lanes": "2",
        "maxspeed": "90",
        "name": "Леснополянское шоссе",
        "oneway": "yes",
        "ref": "32К-590",
        "surface": "asphalt"
      },
      "geometry": {
        "type": "LineString",
        "coordinates": [
          [
            86.1836329,
            55.3871126
          ],
          [
            86.1826522,
            55.3872218
          ],
          [
            86.1821365,
            55.3872791
          ],
          [
            86.1716651,
            55.3884595
          ],
          [
            86.171201,
            55.3884984
          ],
          [
            86.1707116,
            55.38852
          ],
          [
            86.1701316,
            55.3885258
          ],
          [
            86.1696286,
            55.3885123
          ],
          [
            86.1690993,
            55.3884733
          ],
          [
            86.1684135,
            55.3884047
          ],
          [
            86.1678714,
            55.3883149
          ],
          [
            86.1672271,
            55.3881824
          ],
          [
            86.1666591,
            55.3880346
          ],
          [
            86.1662641,
            55.3879188
          ],
          [
            86.1658779,
            55.3877897
          ],
          [
            86.1656219,
            55.3876885
          ],
          [
            86.1653604,
            55.3875705
          ],
          [
            86.1652086,
            55.3874922
          ],
          [
            86.1647196,
            55.3872197
          ],
          [
            86.1639257,
            55.3867675
          ],
          [
            86.1631753,
            55.3862388
          ],
          [
            86.1614348,
            55.3849353
          ],
          [
            86.159374,
            55.3834507
          ],
          [
            86.1584175,
            55.3828007
          ],
          [
            86.158066,
            55.3825796
          ],
          [
            86.1575619,
            55.3822992
          ],
          [
            86.1568506,
            55.3819626
          ],
          [
            86.1562929,
            55.381752
          ],
          [
            86.1555659,
            55.3815234
          ],
          [
            86.1548909,
            55.3813417
          ],
          [
            86.1535811,
            55.3810627
          ],
          [
            86.1495029,
            55.3802968
          ],
          [
            86.1449755,
            55.3794324
          ],
          [
            86.1377892,
            55.3780553
          ],
          [
            86.1367617,
            55.3778845
          ],
          [
            86.1358568,
            55.3777993
          ],
          [
            86.1350189,
            55.3777568
          ],
          [
            86.1339657,
            55.3778114
          ],
          [
            86.1317154,
            55.377998
          ]
        ]
      },
      "id": "way/108349749"
    },
    {
      "type": "Feature",
      "properties": {
        "@id": "way/108349751",
        "bridge": "viaduct",
        "highway": "secondary",
        "lanes": "2",
        "lanes:backward": "1",
        "lanes:forward": "1",
        "layer": "1",
        "maxspeed": "60",
        "ref": "32К-590",
        "surface": "asphalt"
      },
      "geometry": {
        "type": "LineString",
        "coordinates": [
          [
            86.1266884,
            55.377851
          ],
          [
            86.1285051,
            55.3779715
          ]
        ]
      },
      "id": "way/108349751"
    },
    {
      "type": "Feature",
      "properties": {
        "@id": "way/108349754",
        "highway": "secondary",
        "lanes": "2",
        "lanes:backward": "1",
        "lanes:forward": "1",
        "maxspeed": "60",
        "ref": "32К-590",
        "surface": "asphalt"
      },
      "geometry": {
        "type": "LineString",
        "coordinates": [
          [
            86.1285051,
            55.3779715
          ],
          [
            86.1289381,
            55.3780038
          ],
          [
            86.1294697,
            55.3780465
          ]
        ]
      },
      "id": "way/108349754"
    },
    {
      "type": "Feature",
      "properties": {
        "@id": "way/109884903",
        "highway": "secondary",
        "lanes": "2",
        "maxspeed": "RU:urban",
        "name": "улица Юрия Двужильного",
        "oneway": "yes"
      },
      "geometry": {
        "type": "LineString",
        "coordinates": [
          [
            86.0870339,
            55.3104251
          ],
          [
            86.0871578,
            55.3104865
          ],
          [
            86.0881866,
            55.3110514
          ],
          [
            86.0885363,
            55.3112361
          ],
          [
            86.0892426,
            55.3116092
          ],
          [
            86.0900447,
            55.3120493
          ],
          [
            86.0901593,
            55.31211
          ],
          [
            86.0905349,
            55.3123088
          ],
          [
            86.0907278,
            55.312411
          ],
          [
            86.0935376,
            55.3139053
          ],
          [
            86.0936042,
            55.3139407
          ],
          [
            86.093773,
            55.3140291
          ]
        ]
      },
      "id": "way/109884903"
    },
    {
      "type": "Feature",
      "properties": {
        "@id": "way/110247915",
        "highway": "secondary",
        "name": "улица Мартемьянова",
        "surface": "asphalt"
      },
      "geometry": {
        "type": "LineString",
        "coordinates": [
          [
            86.056756,
            55.3402644
          ],
          [
            86.0566996,
            55.3402084
          ],
          [
            86.0566672,
            55.3401724
          ],
          [
            86.0566342,
            55.3401357
          ],
          [
            86.0549062,
            55.337771
          ]
        ]
      },
      "id": "way/110247915"
    },
    {
      "type": "Feature",
      "properties": {
        "@id": "way/116791830",
        "highway": "secondary",
        "lanes": "2",
        "name": "улица Топкинский лог 3-й участок",
        "note": "Юрга не является \"большим городом\" (city), поэтому к нему ведут дороги класса secondary"
      },
      "geometry": {
        "type": "LineString",
        "coordinates": [
          [
            86.0065272,
            55.3619713
          ],
          [
            86.0062324,
            55.3619764
          ],
          [
            86.0054723,
            55.3619895
          ],
          [
            86.0052122,
            55.3619866
          ],
          [
            86.0039459,
            55.3619632
          ],
          [
            86.0018864,
            55.3619249
          ]
        ]
      },
      "id": "way/116791830"
    },
    {
      "type": "Feature",
      "properties": {
        "@id": "way/116829704",
        "highway": "secondary",
        "lanes": "2",
        "maxspeed": "RU:urban",
        "name": "Притомский проспект",
        "oneway": "yes",
        "sidewalk": "no",
        "source": "local_knowledge",
        "surface": "asphalt"
      },
      "geometry": {
        "type": "LineString",
        "coordinates": [
          [
            86.1539163,
            55.3568509
          ],
          [
            86.1538081,
            55.3568166
          ],
          [
            86.1536999,
            55.3567973
          ],
          [
            86.1536091,
            55.3567899
          ],
          [
            86.1535035,
            55.3567914
          ],
          [
            86.153177,
            55.3568147
          ],
          [
            86.1525074,
            55.3568869
          ],
          [
            86.1479927,
            55.3573237
          ],
          [
            86.1475568,
            55.3573679
          ]
        ]
      },
      "id": "way/116829704"
    },
    {
      "type": "Feature",
      "properties": {
        "@id": "way/116829709",
        "highway": "primary",
        "lanes": "2",
        "maxspeed": "RU:urban",
        "name": "улица Терешковой",
        "name:etymology:wikidata": "Q44371",
        "oneway": "yes",
        "surface": "asphalt"
      },
      "geometry": {
        "type": "LineString",
        "coordinates": [
          [
            86.1106689,
            55.3880508
          ],
          [
            86.113196,
            55.3872604
          ],
          [
            86.1138781,
            55.3870471
          ],
          [
            86.1146432,
            55.3868079
          ]
        ]
      },
      "id": "way/116829709"
    },
    {
      "type": "Feature",
      "properties": {
        "@id": "way/116829727",
        "highway": "primary",
        "lanes": "3",
        "maxspeed": "RU:urban",
        "name": "улица Терешковой",
        "name:etymology:wikidata": "Q44371",
        "oneway": "yes",
        "surface": "asphalt"
      },
      "geometry": {
        "type": "LineString",
        "coordinates": [
          [
            86.1283525,
            55.3703973
          ],
          [
            86.1281265,
            55.3693345
          ]
        ]
      },
      "id": "way/116829727"
    },
    {
      "type": "Feature",
      "properties": {
        "@id": "way/116829728",
        "highway": "primary",
        "lanes": "3",
        "maxspeed": "RU:urban",
        "name": "улица Терешковой",
        "name:etymology:wikidata": "Q44371",
        "oneway": "yes",
        "sidewalk": "right",
        "surface": "asphalt"
      },
      "geometry": {
        "type": "LineString",
        "coordinates": [
          [
            86.1358939,
            55.3522532
          ],
          [
            86.1358461,
            55.3524858
          ],
          [
            86.1357489,
            55.3528879
          ],
          [
            86.1354974,
            55.3536949
          ],
          [
            86.1348704,
            55.3555062
          ],
          [
            86.1348311,
            55.3556191
          ],
          [
            86.1347241,
            55.3559873
          ],
          [
            86.134526,
            55.3564736
          ]
        ]
      },
      "id": "way/116829728"
    },
    {
      "type": "Feature",
      "properties": {
        "@id": "way/116829729",
        "bridge": "viaduct",
        "highway": "primary",
        "lanes": "3",
        "layer": "2",
        "maxspeed": "RU:urban",
        "name": "улица Терешковой",
        "name:etymology:wikidata": "Q44371",
        "oneway": "yes",
        "surface": "asphalt"
      },
      "geometry": {
        "type": "LineString",
        "coordinates": [
          [
            86.1284495,
            55.3709035
          ],
          [
            86.1283525,
            55.3703973
          ]
        ]
      },
      "id": "way/116829729"
    },
    {
      "type": "Feature",
      "properties": {
        "@id": "way/116837409",
        "highway": "primary",
        "lanes": "2",
        "maxspeed": "RU:urban",
        "name": "улица Терешковой",
        "name:etymology:wikidata": "Q44371",
        "oneway": "yes",
        "surface": "asphalt"
      },
      "geometry": {
        "type": "LineString",
        "coordinates": [
          [
            86.1107543,
            55.3881233
          ],
          [
            86.1104888,
            55.3882097
          ]
        ]
      },
      "id": "way/116837409"
    },
    {
      "type": "Feature",
      "properties": {
        "@id": "way/116837423",
        "highway": "primary",
        "lanes": "3",
        "maxspeed": "RU:urban",
        "name": "улица Терешковой",
        "name:etymology:wikidata": "Q44371",
        "oneway": "yes",
        "surface": "asphalt"
      },
      "geometry": {
        "type": "LineString",
        "coordinates": [
          [
            86.1347022,
            55.355499
          ],
          [
            86.1349249,
            55.3548724
          ],
          [
            86.1353251,
            55.3536695
          ],
          [
            86.1355862,
            55.3528565
          ],
          [
            86.1356986,
            55.3524544
          ],
          [
            86.1357221,
            55.3522533
          ],
          [
            86.1357485,
            55.3519702
          ],
          [
            86.1357539,
            55.3518329
          ],
          [
            86.1358232,
            55.3500238
          ],
          [
            86.1358369,
            55.3489691
          ],
          [
            86.1358376,
            55.3489154
          ],
          [
            86.1358344,
            55.3487764
          ]
        ]
      },
      "id": "way/116837423"
    },
    {
      "type": "Feature",
      "properties": {
        "@id": "way/117175129",
        "highway": "secondary",
        "lanes": "3",
        "maxspeed": "RU:urban",
        "name": "бульвар Строителей",
        "oneway": "yes",
        "surface": "asphalt"
      },
      "geometry": {
        "type": "LineString",
        "coordinates": [
          [
            86.1619756,
            55.3498227
          ],
          [
            86.1619993,
            55.3497884
          ],
          [
            86.1620095,
            55.3497496
          ],
          [
            86.1620086,
            55.34971
          ],
          [
            86.1619901,
            55.3496657
          ],
          [
            86.1619427,
            55.3496092
          ],
          [
            86.1618653,
            55.3495541
          ],
          [
            86.1616932,
            55.3494743
          ]
        ]
      },
      "id": "way/117175129"
    },
    {
      "type": "Feature",
      "properties": {
        "@id": "way/117175131",
        "highway": "secondary",
        "lanes": "1",
        "maxspeed": "RU:urban",
        "oneway": "yes"
      },
      "geometry": {
        "type": "LineString",
        "coordinates": [
          [
            86.1623609,
            55.3486725
          ],
          [
            86.1626065,
            55.3487146
          ],
          [
            86.1627579,
            55.3487265
          ],
          [
            86.1628812,
            55.3487232
          ],
          [
            86.1630129,
            55.3487063
          ],
          [
            86.1631432,
            55.3486399
          ]
        ]
      },
      "id": "way/117175131"
    },
    {
      "type": "Feature",
      "properties": {
        "@id": "way/117175162",
        "highway": "secondary",
        "lanes": "3",
        "maxspeed": "RU:urban",
        "name": "бульвар Строителей",
        "oneway": "yes",
        "surface": "asphalt"
      },
      "geometry": {
        "type": "LineString",
        "coordinates": [
          [
            86.1632152,
            55.3486624
          ],
          [
            86.1628566,
            55.3490424
          ],
          [
            86.1627264,
            55.3491511
          ]
        ]
      },
      "id": "way/117175162"
    },
    {
      "type": "Feature",
      "properties": {
        "@id": "way/117175163",
        "highway": "secondary",
        "lanes": "3",
        "maxspeed": "RU:urban",
        "name": "бульвар Строителей",
        "oneway": "yes",
        "surface": "asphalt"
      },
      "geometry": {
        "type": "LineString",
        "coordinates": [
          [
            86.1621108,
            55.3498644
          ],
          [
            86.1610979,
            55.3509615
          ]
        ]
      },
      "id": "way/117175163"
    },
    {
      "type": "Feature",
      "properties": {
        "@id": "way/117313854",
        "highway": "primary",
        "oneway": "yes"
      },
      "geometry": {
        "type": "LineString",
        "coordinates": [
          [
            86.1306054,
            55.3221136
          ],
          [
            86.1310554,
            55.322017
          ],
          [
            86.1315546,
            55.321943
          ],
          [
            86.1318063,
            55.3218874
          ],
          [
            86.131964,
            55.3218208
          ],
          [
            86.1320857,
            55.3217538
          ],
          [
            86.1324256,
            55.3214796
          ]
        ]
      },
      "id": "way/117313854"
    },
    {
      "type": "Feature",
      "properties": {
        "@id": "way/117313856",
        "highway": "primary",
        "lanes": "2",
        "maxspeed": "RU:urban",
        "name": "шоссе имени А.А. Леонова",
        "oneway": "yes",
        "source": "Решение №284 от 29.11.2019",
        "surface": "asphalt"
      },
      "geometry": {
        "type": "LineString",
        "coordinates": [
          [
            86.1400052,
            55.2947711
          ],
          [
            86.1381834,
            55.2939261
          ],
          [
            86.1332308,
            55.2915912
          ],
          [
            86.1328443,
            55.2914128
          ],
          [
            86.1325942,
            55.2913053
          ],
          [
            86.1323902,
            55.2912235
          ],
          [
            86.1321819,
            55.2911444
          ],
          [
            86.1319654,
            55.2910663
          ],
          [
            86.1317493,
            55.2909944
          ],
          [
            86.1315354,
            55.2909274
          ],
          [
            86.1313082,
            55.2908605
          ],
          [
            86.131093,
            55.2908036
          ],
          [
            86.1308071,
            55.2907334
          ],
          [
            86.1305734,
            55.2906798
          ],
          [
            86.1304647,
            55.2906584
          ],
          [
            86.1303448,
            55.2906348
          ],
          [
            86.1301616,
            55.2905994
          ],
          [
            86.1299807,
            55.2905665
          ],
          [
            86.1290082,
            55.2904109
          ],
          [
            86.1289041,
            55.2903945
          ],
          [
            86.1285494,
            55.2903385
          ],
          [
            86.1279103,
            55.2902353
          ],
          [
            86.1276186,
            55.2901835
          ],
          [
            86.1273736,
            55.2901358
          ],
          [
            86.1270772,
            55.2900718
          ],
          [
            86.1268471,
            55.2900175
          ],
          [
            86.1266184,
            55.2899597
          ],
          [
            86.126337,
            55.2898831
          ],
          [
            86.125998,
            55.2897829
          ],
          [
            86.1256661,
            55.2896747
          ],
          [
            86.1254611,
            55.2896034
          ],
          [
            86.1252481,
            55.2895266
          ],
          [
            86.1249854,
            55.289428
          ],
          [
            86.1245214,
            55.2892518
          ],
          [
            86.1160036,
            55.2859063
          ],
          [
            86.114988,
            55.2855074
          ],
          [
            86.1143531,
            55.285259
          ],
          [
            86.1134035,
            55.2848875
          ]
        ]
      },
      "id": "way/117313856"
    },
    {
      "type": "Feature",
      "properties": {
        "@id": "way/117313859",
        "highway": "primary",
        "oneway": "yes"
      },
      "geometry": {
        "type": "LineString",
        "coordinates": [
          [
            86.1320712,
            55.322577
          ],
          [
            86.1320185,
            55.3224211
          ],
          [
            86.1319254,
            55.3222896
          ],
          [
            86.1318083,
            55.3222175
          ],
          [
            86.1317047,
            55.3221839
          ],
          [
            86.1315332,
            55.3221488
          ],
          [
            86.1311348,
            55.3221281
          ]
        ]
      },
      "id": "way/117313859"
    },
    {
      "type": "Feature",
      "properties": {
        "@id": "way/117315601",
        "highway": "secondary",
        "lanes": "2",
        "name": "Соборная улица",
        "oneway": "yes",
        "surface": "asphalt"
      },
      "geometry": {
        "type": "LineString",
        "coordinates": [
          [
            86.0974395,
            55.3453176
          ],
          [
            86.0974927,
            55.3455442
          ],
          [
            86.0974915,
            55.3456371
          ],
          [
            86.0974873,
            55.345716
          ],
          [
            86.0974839,
            55.3458722
          ],
          [
            86.0974911,
            55.3459189
          ],
          [
            86.09751,
            55.3459696
          ]
        ]
      },
      "id": "way/117315601"
    },
    {
      "type": "Feature",
      "properties": {
        "@id": "way/132021719",
        "highway": "primary",
        "lanes": "2",
        "lit": "yes",
        "maxspeed": "RU:urban",
        "surface": "asphalt"
      },
      "geometry": {
        "type": "LineString",
        "coordinates": [
          [
            85.9522326,
            55.3244405
          ],
          [
            85.9508173,
            55.3249769
          ],
          [
            85.9497918,
            55.3253656
          ],
          [
            85.9489444,
            55.3256425
          ],
          [
            85.9480913,
            55.3258957
          ],
          [
            85.9474021,
            55.326085
          ],
          [
            85.9464912,
            55.3263306
          ],
          [
            85.9452167,
            55.3266683
          ],
          [
            85.9447053,
            55.32682
          ],
          [
            85.9442136,
            55.3269965
          ],
          [
            85.9437034,
            55.3272112
          ],
          [
            85.9422517,
            55.3278661
          ],
          [
            85.9413638,
            55.3282715
          ],
          [
            85.9409164,
            55.3284711
          ],
          [
            85.9405817,
            55.3286136
          ],
          [
            85.9403845,
            55.3286965
          ],
          [
            85.9401998,
            55.3287651
          ],
          [
            85.9398167,
            55.328898
          ],
          [
            85.9380631,
            55.3294096
          ],
          [
            85.9373407,
            55.3296296
          ]
        ]
      },
      "id": "way/132021719"
    },
    {
      "type": "Feature",
      "properties": {
        "@id": "way/133154419",
        "highway": "primary",
        "lanes": "2",
        "maxspeed": "RU:urban",
        "name": "Советский проспект",
        "name:ru": "Советский проспект",
        "oneway": "yes",
        "surface": "asphalt"
      },
      "geometry": {
        "type": "LineString",
        "coordinates": [
          [
            86.0983572,
            55.3499768
          ],
          [
            86.0964065,
            55.3509387
          ],
          [
            86.0962511,
            55.3510076
          ]
        ]
      },
      "id": "way/133154419"
    },
    {
      "type": "Feature",
      "properties": {
        "@id": "way/137842920",
        "highway": "secondary",
        "maxspeed": "40",
        "name": "улица Правая Гавань",
        "oneway": "yes",
        "source": "local_knowledge",
        "surface": "asphalt"
      },
      "geometry": {
        "type": "LineString",
        "coordinates": [
          [
            86.0808914,
            55.3718765
          ],
          [
            86.081059,
            55.3718607
          ],
          [
            86.081154,
            55.3718465
          ],
          [
            86.0813198,
            55.3718069
          ],
          [
            86.081671,
            55.3716992
          ]
        ]
      },
      "id": "way/137842920"
    },
    {
      "type": "Feature",
      "properties": {
        "@id": "way/138191718",
        "highway": "primary",
        "lanes": "2",
        "maxspeed": "60",
        "name": "улица Кирова",
        "name:etymology:wikidata": "Q207682",
        "name:ru": "улица Кирова",
        "oneway": "yes",
        "surface": "asphalt"
      },
      "geometry": {
        "type": "LineString",
        "coordinates": [
          [
            86.0762164,
            55.3574477
          ],
          [
            86.0762975,
            55.3575683
          ]
        ]
      },
      "id": "way/138191718"
    },
    {
      "type": "Feature",
      "properties": {
        "@id": "way/138738285",
        "highway": "primary",
        "lanes": "3",
        "maxspeed": "RU:urban",
        "name": "Советский проспект",
        "name:ru": "Советский проспект",
        "oneway": "yes",
        "surface": "asphalt"
      },
      "geometry": {
        "type": "LineString",
        "coordinates": [
          [
            86.0775766,
            55.3571278
          ],
          [
            86.0805589,
            55.3564213
          ],
          [
            86.0806863,
            55.3563917
          ],
          [
            86.0812402,
            55.356268
          ],
          [
            86.0812959,
            55.356255
          ],
          [
            86.0823967,
            55.3559995
          ],
          [
            86.0825071,
            55.3559742
          ],
          [
            86.0834341,
            55.3557611
          ],
          [
            86.0844504,
            55.3555243
          ],
          [
            86.0849826,
            55.3554034
          ],
          [
            86.0850397,
            55.3553898
          ],
          [
            86.0862993,
            55.3551138
          ],
          [
            86.0864464,
            55.3550802
          ],
          [
            86.0866247,
            55.3550359
          ],
          [
            86.0866963,
            55.3549924
          ],
          [
            86.0867593,
            55.3549388
          ],
          [
            86.0868015,
            55.3548852
          ]
        ]
      },
      "id": "way/138738285"
    },
    {
      "type": "Feature",
      "properties": {
        "@id": "way/140822271",
        "highway": "primary",
        "highway:category": "ru:IВ",
        "lanes": "2",
        "maxspeed": "RU:urban",
        "name": "Кемерово — Новокузнецк",
        "oneway": "yes",
        "ref": "32К-445",
        "surface": "asphalt"
      },
      "geometry": {
        "type": "LineString",
        "coordinates": [
          [
            86.140579,
            55.2943843
          ],
          [
            86.1405002,
            55.2942179
          ],
          [
            86.1391699,
            55.2914739
          ],
          [
            86.1388537,
            55.2908205
          ],
          [
            86.1385906,
            55.2902617
          ],
          [
            86.1384927,
            55.2900213
          ],
          [
            86.1384333,
            55.2898449
          ],
          [
            86.1383937,
            55.2897048
          ],
          [
            86.1383677,
            55.2895664
          ],
          [
            86.1383381,
            55.289335
          ]
        ]
      },
      "id": "way/140822271"
    },
    {
      "type": "Feature",
      "properties": {
        "@id": "way/153630390",
        "highway": "primary",
        "lanes": "3",
        "maxspeed": "RU:urban",
        "name": "Кузнецкий проспект",
        "name:ru": "Кузнецкий проспект",
        "oneway": "yes"
      },
      "geometry": {
        "type": "LineString",
        "coordinates": [
          [
            86.061474,
            55.3300179
          ],
          [
            86.061716,
            55.3301366
          ],
          [
            86.06217,
            55.3304117
          ]
        ]
      },
      "id": "way/153630390"
    },
    {
      "type": "Feature",
      "properties": {
        "@id": "way/154206044",
        "hgv": "no",
        "highway": "primary",
        "maxspeed": "40",
        "name": "улица Антипова"
      },
      "geometry": {
        "type": "LineString",
        "coordinates": [
          [
            86.1333952,
            55.4288204
          ],
          [
            86.1357469,
            55.4311182
          ],
          [
            86.1359362,
            55.4313034
          ],
          [
            86.1361515,
            55.4314848
          ],
          [
            86.1364934,
            55.4317532
          ],
          [
            86.1373851,
            55.4324243
          ]
        ]
      },
      "id": "way/154206044"
    },
    {
      "type": "Feature",
      "properties": {
        "@id": "way/156810557",
        "highway": "secondary",
        "name": "Волгоградская улица",
        "name:uk": "Волгоградська вулиця",
        "surface": "asphalt"
      },
      "geometry": {
        "type": "LineString",
        "coordinates": [
          [
            86.1522418,
            55.3405551
          ],
          [
            86.1528326,
            55.3398769
          ]
        ]
      },
      "id": "way/156810557"
    },
    {
      "type": "Feature",
      "properties": {
        "@id": "way/156810558",
        "highway": "secondary",
        "name": "Волгоградская улица",
        "name:uk": "Волгоградська вулиця"
      },
      "geometry": {
        "type": "LineString",
        "coordinates": [
          [
            86.1528326,
            55.3398769
          ],
          [
            86.1529014,
            55.3398015
          ],
          [
            86.1529896,
            55.3397074
          ]
        ]
      },
      "id": "way/156810558"
    },
    {
      "type": "Feature",
      "properties": {
        "@id": "way/156810559",
        "highway": "secondary",
        "lanes": "3",
        "maxspeed": "RU:urban",
        "name": "бульвар Строителей",
        "oneway": "yes",
        "surface": "asphalt"
      },
      "geometry": {
        "type": "LineString",
        "coordinates": [
          [
            86.1725153,
            55.3385289
          ],
          [
            86.1714989,
            55.3396577
          ]
        ]
      },
      "id": "way/156810559"
    },
    {
      "type": "Feature",
      "properties": {
        "@id": "way/156810572",
        "highway": "secondary",
        "lanes": "3",
        "maxspeed": "RU:urban",
        "name": "проспект Химиков",
        "oneway": "yes",
        "surface": "asphalt"
      },
      "geometry": {
        "type": "LineString",
        "coordinates": [
          [
            86.1319129,
            55.3300454
          ],
          [
            86.1320373,
            55.3300815
          ]
        ]
      },
      "id": "way/156810572"
    },
    {
      "type": "Feature",
      "properties": {
        "@id": "way/157030717",
        "highway": "secondary",
        "lanes": "2",
        "maxspeed": "RU:urban",
        "name": "Октябрьский проспект",
        "name:etymology:wikidata": "Q42976",
        "name:ru": "Октябрьский проспект",
        "oneway": "yes",
        "surface": "asphalt"
      },
      "geometry": {
        "type": "LineString",
        "coordinates": [
          [
            86.1360359,
            55.3486825
          ],
          [
            86.1362437,
            55.3486844
          ],
          [
            86.1366058,
            55.3486906
          ],
          [
            86.1386514,
            55.3487156
          ]
        ]
      },
      "id": "way/157030717"
    },
    {
      "type": "Feature",
      "properties": {
        "@id": "way/158998750",
        "highway": "primary",
        "lanes": "2",
        "maxspeed": "RU:urban",
        "name": "Красноармейская улица",
        "name:etymology:wikidata": "Q251395",
        "name:ru": "Красноармейская улица",
        "oneway": "yes",
        "surface": "asphalt"
      },
      "geometry": {
        "type": "LineString",
        "coordinates": [
          [
            86.0073723,
            55.3557638
          ],
          [
            86.0071175,
            55.3557135
          ],
          [
            86.0066995,
            55.355583
          ],
          [
            86.0064671,
            55.3554818
          ],
          [
            86.0062713,
            55.3553765
          ],
          [
            86.0060926,
            55.3552476
          ],
          [
            86.0059132,
            55.3550723
          ],
          [
            86.0058069,
            55.3549162
          ],
          [
            86.0057826,
            55.3548683
          ],
          [
            86.0057522,
            55.3548085
          ],
          [
            86.0057177,
            55.3546933
          ],
          [
            86.0056899,
            55.3544864
          ],
          [
            86.0056951,
            55.3543505
          ],
          [
            86.0057217,
            55.3542147
          ],
          [
            86.0059628,
            55.3533489
          ],
          [
            86.0060438,
            55.353061
          ],
          [
            86.0061613,
            55.3526409
          ],
          [
            86.0062286,
            55.3523231
          ],
          [
            86.0062518,
            55.3521231
          ],
          [
            86.0062567,
            55.3519418
          ],
          [
            86.0062408,
            55.3517772
          ],
          [
            86.0061975,
            55.3516101
          ],
          [
            86.0061331,
            55.3514706
          ],
          [
            86.0060487,
            55.3513336
          ],
          [
            86.0058933,
            55.3511528
          ],
          [
            86.0057614,
            55.3510172
          ],
          [
            86.0055016,
            55.3508165
          ],
          [
            86.0050495,
            55.3505366
          ],
          [
            86.0045834,
            55.3502662
          ],
          [
            86.0041576,
            55.3500208
          ],
          [
            86.0021566,
            55.3488675
          ],
          [
            86.0021188,
            55.348844
          ],
          [
            86.0011832,
            55.3483001
          ],
          [
            86.0007364,
            55.3480289
          ]
        ]
      },
      "id": "way/158998750"
    },
    {
      "type": "Feature",
      "properties": {
        "@id": "way/158998757",
        "highway": "primary",
        "lanes": "2",
        "maxspeed": "RU:urban",
        "name": "Грузовая улица",
        "surface": "asphalt"
      },
      "geometry": {
        "type": "LineString",
        "coordinates": [
          [
            85.9993074,
            55.3471807
          ],
          [
            85.9990368,
            55.3470235
          ],
          [
            85.9987636,
            55.3468636
          ],
          [
            85.9973363,
            55.3460338
          ],
          [
            85.9948092,
            55.3445647
          ],
          [
            85.994028,
            55.3441183
          ],
          [
            85.9927802,
            55.3434434
          ],
          [
            85.992101,
            55.3430461
          ],
          [
            85.9912831,
            55.3425785
          ]
        ]
      },
      "id": "way/158998757"
    },
    {
      "type": "Feature",
      "properties": {
        "@id": "way/163205828",
        "access": "yes",
        "bridge": "yes",
        "highway": "primary",
        "lanes": "2",
        "layer": "1",
        "maxspeed": "RU:urban",
        "surface": "asphalt"
      },
      "geometry": {
        "type": "LineString",
        "coordinates": [
          [
            85.9530976,
            55.3248821
          ],
          [
            85.9528733,
            55.3247742
          ],
          [
            85.9527644,
            55.3247218
          ]
        ]
      },
      "id": "way/163205828"
    },
    {
      "type": "Feature",
      "properties": {
        "@id": "way/163205829",
        "highway": "primary",
        "lanes": "2",
        "lit": "yes",
        "maxspeed": "RU:urban",
        "surface": "asphalt"
      },
      "geometry": {
        "type": "LineString",
        "coordinates": [
          [
            85.9527644,
            55.3247218
          ],
          [
            85.9526954,
            55.3246876
          ],
          [
            85.9526417,
            55.324659
          ],
          [
            85.9523355,
            55.3244954
          ],
          [
            85.9522326,
            55.3244405
          ]
        ]
      },
      "id": "way/163205829"
    },
    {
      "type": "Feature",
      "properties": {
        "@id": "way/171925317",
        "highway": "primary",
        "lanes": "2",
        "maxspeed": "60",
        "name": "улица Вахрушева",
        "surface": "asphalt"
      },
      "geometry": {
        "type": "LineString",
        "coordinates": [
          [
            86.1373321,
            55.4454984
          ],
          [
            86.1377225,
            55.4451334
          ],
          [
            86.1378764,
            55.4449793
          ],
          [
            86.1383097,
            55.4444277
          ],
          [
            86.1387261,
            55.4437897
          ],
          [
            86.1388947,
            55.4434969
          ],
          [
            86.1390859,
            55.4430465
          ],
          [
            86.1391142,
            55.4429376
          ],
          [
            86.1392015,
            55.4426021
          ],
          [
            86.1393072,
            55.4420934
          ],
          [
            86.1393308,
            55.4417085
          ],
          [
            86.1393792,
            55.4399788
          ],
          [
            86.1393784,
            55.4388695
          ],
          [
            86.1393779,
            55.4386197
          ],
          [
            86.1393705,
            55.438466
          ],
          [
            86.1393642,
            55.438337
          ]
        ]
      },
      "id": "way/171925317"
    },
    {
      "type": "Feature",
      "properties": {
        "@id": "way/174223894",
        "highway": "secondary",
        "lanes": "2",
        "name": "Инициативная улица"
      },
      "geometry": {
        "type": "LineString",
        "coordinates": [
          [
            86.0436186,
            55.4052611
          ],
          [
            86.0422398,
            55.404837
          ]
        ]
      },
      "id": "way/174223894"
    },
    {
      "type": "Feature",
      "properties": {
        "@id": "way/179466315",
        "highway": "secondary",
        "lanes": "2",
        "note": "Юрга не является \"большим городом\" (city), поэтому к нему ведут дороги класса secondary"
      },
      "geometry": {
        "type": "LineString",
        "coordinates": [
          [
            85.9982289,
            55.3666991
          ],
          [
            85.9981531,
            55.3668065
          ],
          [
            85.9981104,
            55.3669051
          ],
          [
            85.9980864,
            55.367042
          ],
          [
            85.998106,
            55.3671788
          ],
          [
            85.9981423,
            55.3672989
          ],
          [
            85.9982353,
            55.3674617
          ],
          [
            85.9986881,
            55.3679178
          ],
          [
            85.9988353,
            55.3681051
          ],
          [
            85.9989193,
            55.3682848
          ],
          [
            85.9990024,
            55.3684585
          ],
          [
            85.9990226,
            55.3685798
          ],
          [
            85.9990106,
            55.3687081
          ],
          [
            85.9983603,
            55.371288
          ],
          [
            85.9980025,
            55.3728285
          ],
          [
            85.9970398,
            55.3777884
          ],
          [
            85.9970203,
            55.3780071
          ],
          [
            85.9968916,
            55.3782083
          ],
          [
            85.9967548,
            55.3783211
          ],
          [
            85.9965616,
            55.3784338
          ],
          [
            85.9963133,
            55.3785442
          ],
          [
            85.9916022,
            55.3802412
          ],
          [
            85.9899963,
            55.3808898
          ],
          [
            85.9860888,
            55.3826326
          ],
          [
            85.9851763,
            55.3829931
          ],
          [
            85.9828656,
            55.3837931
          ],
          [
            85.9797998,
            55.3849989
          ],
          [
            85.9775706,
            55.3858496
          ],
          [
            85.9769566,
            55.3860933
          ],
          [
            85.9745622,
            55.3871131
          ],
          [
            85.9737992,
            55.3874468
          ],
          [
            85.9726888,
            55.387992
          ],
          [
            85.9723826,
            55.3881667
          ],
          [
            85.9711955,
            55.3888418
          ],
          [
            85.9705548,
            55.3891706
          ],
          [
            85.9700588,
            55.3893932
          ],
          [
            85.9641328,
            55.3918364
          ],
          [
            85.9637114,
            55.3920062
          ],
          [
            85.9631942,
            55.3922848
          ],
          [
            85.9599012,
            55.3941385
          ],
          [
            85.9562272,
            55.3961011
          ],
          [
            85.9521644,
            55.3984007
          ],
          [
            85.9517278,
            55.3986381
          ],
          [
            85.9514398,
            55.3987772
          ],
          [
            85.9512165,
            55.3988705
          ],
          [
            85.9509975,
            55.3989344
          ],
          [
            85.9507622,
            55.3989846
          ],
          [
            85.9504734,
            55.3990258
          ],
          [
            85.9483734,
            55.3993241
          ],
          [
            85.9480433,
            55.3993809
          ],
          [
            85.9478384,
            55.39942
          ],
          [
            85.9476744,
            55.3994621
          ],
          [
            85.9475364,
            55.3995087
          ],
          [
            85.9474339,
            55.3995521
          ]
        ]
      },
      "id": "way/179466315"
    },
    {
      "type": "Feature",
      "properties": {
        "@id": "way/186561420",
        "highway": "secondary",
        "name": "Цимлянская улица"
      },
      "geometry": {
        "type": "LineString",
        "coordinates": [
          [
            86.1146945,
            55.3973989
          ],
          [
            86.1145773,
            55.397406
          ],
          [
            86.1144988,
            55.3974108
          ],
          [
            86.1143025,
            55.3974129
          ]
        ]
      },
      "id": "way/186561420"
    },
    {
      "type": "Feature",
      "properties": {
        "@id": "way/186622972",
        "highway": "secondary",
        "lanes": "2",
        "maxspeed": "60",
        "name": "1-й переулок Антипова"
      },
      "geometry": {
        "type": "LineString",
        "coordinates": [
          [
            86.1292244,
            55.423604
          ],
          [
            86.1299469,
            55.423387
          ],
          [
            86.1311593,
            55.4230389
          ],
          [
            86.1321867,
            55.4227359
          ],
          [
            86.1333801,
            55.4223005
          ],
          [
            86.134913,
            55.4218067
          ],
          [
            86.1366811,
            55.4212846
          ],
          [
            86.1379685,
            55.4208786
          ]
        ]
      },
      "id": "way/186622972"
    },
    {
      "type": "Feature",
      "properties": {
        "@id": "way/187718195",
        "goods": "no",
        "hgv": "no",
        "highway": "secondary",
        "lanes": "2",
        "maxspeed": "60",
        "name": "улица Суворова",
        "surface": "asphalt"
      },
      "geometry": {
        "type": "LineString",
        "coordinates": [
          [
            86.0788718,
            55.3754483
          ],
          [
            86.0790007,
            55.3753652
          ],
          [
            86.0791176,
            55.375304
          ],
          [
            86.0792421,
            55.3752652
          ],
          [
            86.0793917,
            55.3752437
          ],
          [
            86.0795514,
            55.3752302
          ],
          [
            86.079754,
            55.3752418
          ],
          [
            86.0799197,
            55.3752677
          ],
          [
            86.0801145,
            55.375334
          ],
          [
            86.0802732,
            55.3754079
          ],
          [
            86.0805252,
            55.3755291
          ],
          [
            86.0807517,
            55.3756502
          ],
          [
            86.0809289,
            55.3757636
          ],
          [
            86.0810472,
            55.3758522
          ],
          [
            86.081172,
            55.3759471
          ],
          [
            86.0813054,
            55.3760446
          ],
          [
            86.0814566,
            55.3761544
          ],
          [
            86.0816536,
            55.3762848
          ],
          [
            86.081869,
            55.3763955
          ],
          [
            86.0820962,
            55.3764975
          ],
          [
            86.0823026,
            55.3765876
          ],
          [
            86.0826268,
            55.3767209
          ],
          [
            86.0829003,
            55.3768237
          ],
          [
            86.0832623,
            55.3769554
          ],
          [
            86.0834067,
            55.376995
          ],
          [
            86.0835208,
            55.3770106
          ],
          [
            86.0836117,
            55.3770111
          ],
          [
            86.083702,
            55.3769882
          ],
          [
            86.0837792,
            55.3769585
          ],
          [
            86.0838509,
            55.3769176
          ],
          [
            86.0839789,
            55.3768192
          ]
        ]
      },
      "id": "way/187718195"
    },
    {
      "type": "Feature",
      "properties": {
        "@id": "way/187785160",
        "highway": "secondary",
        "lanes": "2",
        "maxspeed": "60",
        "name": "улица Джамбула"
      },
      "geometry": {
        "type": "LineString",
        "coordinates": [
          [
            86.0333812,
            55.3893828
          ],
          [
            86.0326233,
            55.3894729
          ],
          [
            86.0320903,
            55.3894291
          ],
          [
            86.0314294,
            55.3893433
          ],
          [
            86.030824,
            55.3892095
          ],
          [
            86.0303279,
            55.3890564
          ],
          [
            86.0296027,
            55.3887566
          ],
          [
            86.0285029,
            55.3882783
          ],
          [
            86.0282504,
            55.3882006
          ],
          [
            86.0281423,
            55.3881833
          ]
        ]
      },
      "id": "way/187785160"
    },
    {
      "type": "Feature",
      "properties": {
        "@id": "way/187785171",
        "highway": "secondary",
        "lanes": "2",
        "maxspeed": "60"
      },
      "geometry": {
        "type": "LineString",
        "coordinates": [
          [
            86.0346663,
            55.3876183
          ],
          [
            86.0346866,
            55.3877545
          ],
          [
            86.0347904,
            55.3880404
          ],
          [
            86.034919,
            55.3884456
          ],
          [
            86.0349364,
            55.3885767
          ]
        ]
      },
      "id": "way/187785171"
    },
    {
      "type": "Feature",
      "properties": {
        "@id": "way/187785176",
        "highway": "secondary",
        "name": "улица Тельмана",
        "name:etymology:wikidata": "Q77004"
      },
      "geometry": {
        "type": "LineString",
        "coordinates": [
          [
            86.0281423,
            55.3881833
          ],
          [
            86.0261967,
            55.3887455
          ],
          [
            86.0259698,
            55.3888188
          ],
          [
            86.02577,
            55.388911
          ],
          [
            86.0250839,
            55.3893447
          ],
          [
            86.0237379,
            55.3902442
          ],
          [
            86.0234046,
            55.3904538
          ],
          [
            86.0233021,
            55.3905121
          ],
          [
            86.0232501,
            55.3905364
          ],
          [
            86.0231833,
            55.3905553
          ],
          [
            86.0230252,
            55.3905908
          ],
          [
            86.0228733,
            55.3905878
          ],
          [
            86.0227259,
            55.390507
          ],
          [
            86.0226556,
            55.390396
          ],
          [
            86.022605,
            55.3902716
          ],
          [
            86.0225376,
            55.3901341
          ],
          [
            86.0224527,
            55.3899664
          ],
          [
            86.0223407,
            55.3898779
          ],
          [
            86.0221755,
            55.3898062
          ],
          [
            86.021945,
            55.3897308
          ],
          [
            86.0215401,
            55.3896796
          ],
          [
            86.0210733,
            55.3896608
          ]
        ]
      },
      "id": "way/187785176"
    },
    {
      "type": "Feature",
      "properties": {
        "@id": "way/187785177",
        "highway": "secondary",
        "lanes": "2",
        "maxspeed": "60",
        "name": "улица Багратиона"
      },
      "geometry": {
        "type": "LineString",
        "coordinates": [
          [
            86.0349364,
            55.3885767
          ],
          [
            86.0348981,
            55.3887198
          ],
          [
            86.0347211,
            55.388883
          ],
          [
            86.0344432,
            55.3890223
          ],
          [
            86.0339861,
            55.3892036
          ],
          [
            86.0333812,
            55.3893828
          ]
        ]
      },
      "id": "way/187785177"
    },
    {
      "type": "Feature",
      "properties": {
        "@id": "way/187858615",
        "highway": "secondary",
        "surface": "asphalt"
      },
      "geometry": {
        "type": "LineString",
        "coordinates": [
          [
            86.0668135,
            55.3900854
          ],
          [
            86.0668641,
            55.3900517
          ],
          [
            86.0669315,
            55.3900229
          ],
          [
            86.0681084,
            55.3897564
          ],
          [
            86.0685828,
            55.3896402
          ],
          [
            86.0687449,
            55.389538
          ]
        ]
      },
      "id": "way/187858615"
    },
    {
      "type": "Feature",
      "properties": {
        "@id": "way/187858652",
        "highway": "secondary",
        "lanes": "2",
        "name": "Шахтёрская улица",
        "surface": "asphalt"
      },
      "geometry": {
        "type": "LineString",
        "coordinates": [
          [
            86.0687449,
            55.389538
          ],
          [
            86.0688327,
            55.3894309
          ],
          [
            86.068832,
            55.3893879
          ],
          [
            86.0687679,
            55.3893114
          ],
          [
            86.0684874,
            55.3888318
          ],
          [
            86.0683905,
            55.3886201
          ],
          [
            86.0683394,
            55.3884193
          ],
          [
            86.0682883,
            55.3881968
          ],
          [
            86.0682881,
            55.387846
          ],
          [
            86.0683096,
            55.3874592
          ],
          [
            86.0683181,
            55.3872899
          ],
          [
            86.0683036,
            55.3871413
          ],
          [
            86.0681781,
            55.3868774
          ],
          [
            86.0679491,
            55.3863958
          ],
          [
            86.0679269,
            55.3844924
          ],
          [
            86.0679781,
            55.384398
          ],
          [
            86.0680747,
            55.384316
          ]
        ]
      },
      "id": "way/187858652"
    },
    {
      "type": "Feature",
      "properties": {
        "@id": "way/188239898",
        "highway": "secondary",
        "name": "Каркасная улица"
      },
      "geometry": {
        "type": "LineString",
        "coordinates": [
          [
            86.0455504,
            55.4031893
          ],
          [
            86.0445698,
            55.4028927
          ],
          [
            86.0438656,
            55.402675
          ],
          [
            86.0436072,
            55.4025818
          ],
          [
            86.0433487,
            55.4024373
          ],
          [
            86.0431518,
            55.4022718
          ],
          [
            86.0429131,
            55.4020184
          ],
          [
            86.0428149,
            55.4018223
          ],
          [
            86.0427336,
            55.4016017
          ]
        ]
      },
      "id": "way/188239898"
    },
    {
      "type": "Feature",
      "properties": {
        "@id": "way/188239901",
        "highway": "secondary",
        "lanes": "2",
        "maxspeed": "60",
        "source": "local_knowledge"
      },
      "geometry": {
        "type": "LineString",
        "coordinates": [
          [
            86.0430959,
            55.401628
          ],
          [
            86.043547,
            55.4016279
          ],
          [
            86.0443479,
            55.4015616
          ],
          [
            86.045863,
            55.4014457
          ],
          [
            86.0470712,
            55.401342
          ],
          [
            86.0483878,
            55.4012196
          ],
          [
            86.0486067,
            55.4012069
          ],
          [
            86.0488769,
            55.4012088
          ],
          [
            86.0491601,
            55.4012298
          ]
        ]
      },
      "id": "way/188239901"
    },
    {
      "type": "Feature",
      "properties": {
        "@id": "way/192052889",
        "highway": "primary",
        "lanes": "2",
        "maxspeed": "RU:urban",
        "surface": "asphalt"
      },
      "geometry": {
        "type": "LineString",
        "coordinates": [
          [
            85.953418,
            55.3249973
          ],
          [
            85.9530976,
            55.3248821
          ]
        ]
      },
      "id": "way/192052889"
    },
    {
      "type": "Feature",
      "properties": {
        "@id": "way/192052900",
        "highway": "secondary",
        "name": "Пригородная улица",
        "surface": "asphalt"
      },
      "geometry": {
        "type": "LineString",
        "coordinates": [
          [
            85.9775167,
            55.3248187
          ],
          [
            85.9763733,
            55.3246885
          ],
          [
            85.9751187,
            55.3245442
          ],
          [
            85.9750901,
            55.3245412
          ],
          [
            85.9748535,
            55.3245162
          ],
          [
            85.9745707,
            55.3244878
          ],
          [
            85.9743338,
            55.3244717
          ],
          [
            85.9741957,
            55.324466
          ],
          [
            85.9729102,
            55.3244428
          ],
          [
            85.9689341,
            55.3244006
          ],
          [
            85.9681975,
            55.3244095
          ],
          [
            85.9679021,
            55.3244218
          ],
          [
            85.9677221,
            55.3244351
          ],
          [
            85.9675598,
            55.324448
          ],
          [
            85.9671271,
            55.3244824
          ],
          [
            85.9668174,
            55.3245091
          ],
          [
            85.966481,
            55.3245358
          ],
          [
            85.965963,
            55.3245768
          ],
          [
            85.9644998,
            55.3246876
          ],
          [
            85.9640744,
            55.3247142
          ],
          [
            85.9634687,
            55.3247479
          ],
          [
            85.9633133,
            55.324755
          ],
          [
            85.9557262,
            55.3250332
          ],
          [
            85.9551012,
            55.3250513
          ],
          [
            85.9545484,
            55.3250532
          ],
          [
            85.9538054,
            55.3250285
          ],
          [
            85.953418,
            55.3249973
          ]
        ]
      },
      "id": "way/192052900"
    },
    {
      "type": "Feature",
      "properties": {
        "@id": "way/203620238",
        "highway": "secondary",
        "lanes": "4",
        "maxspeed": "RU:urban",
        "name": "Базовая улица"
      },
      "geometry": {
        "type": "LineString",
        "coordinates": [
          [
            86.0760101,
            55.3229481
          ],
          [
            86.0773932,
            55.3236635
          ],
          [
            86.0775193,
            55.3237287
          ],
          [
            86.0776787,
            55.3238112
          ]
        ]
      },
      "id": "way/203620238"
    },
    {
      "type": "Feature",
      "properties": {
        "@id": "way/207640205",
        "highway": "secondary",
        "junction": "roundabout",
        "lanes": "3",
        "maxspeed": "40",
        "oneway": "yes"
      },
      "geometry": {
        "type": "LineString",
        "coordinates": [
          [
            86.2330996,
            55.4133308
          ],
          [
            86.2334702,
            55.4129339
          ]
        ]
      },
      "id": "way/207640205"
    },
    {
      "type": "Feature",
      "properties": {
        "@id": "way/208550222",
        "highway": "primary",
        "lanes": "2",
        "maxspeed": "RU:urban",
        "oneway": "yes"
      },
      "geometry": {
        "type": "LineString",
        "coordinates": [
          [
            86.0624615,
            55.3299608
          ],
          [
            86.0624518,
            55.3300758
          ],
          [
            86.0624456,
            55.3301197
          ],
          [
            86.0623942,
            55.3303306
          ],
          [
            86.0623872,
            55.3305897
          ]
        ]
      },
      "id": "way/208550222"
    },
    {
      "type": "Feature",
      "properties": {
        "@id": "way/208550276",
        "highway": "primary",
        "lanes": "2",
        "maxspeed": "RU:urban",
        "oneway": "yes"
      },
      "geometry": {
        "type": "LineString",
        "coordinates": [
          [
            86.0621223,
            55.3308567
          ],
          [
            86.0621517,
            55.3307557
          ],
          [
            86.06217,
            55.3304117
          ]
        ]
      },
      "id": "way/208550276"
    },
    {
      "type": "Feature",
      "properties": {
        "@id": "way/209524835",
        "highway": "secondary",
        "lanes": "2",
        "maxspeed": "60",
        "name": "Казачий тракт",
        "surface": "asphalt"
      },
      "geometry": {
        "type": "LineString",
        "coordinates": [
          [
            86.0871227,
            55.2985685
          ],
          [
            86.0875075,
            55.2974183
          ],
          [
            86.0876874,
            55.2969381
          ],
          [
            86.0878379,
            55.296586
          ],
          [
            86.0879983,
            55.2962147
          ],
          [
            86.0882505,
            55.2957161
          ],
          [
            86.0885074,
            55.2952638
          ],
          [
            86.0887764,
            55.2948358
          ],
          [
            86.0890226,
            55.2944414
          ],
          [
            86.0899169,
            55.2928579
          ]
        ]
      },
      "id": "way/209524835"
    },
    {
      "type": "Feature",
      "properties": {
        "@id": "way/216909311",
        "highway": "primary",
        "lanes": "2",
        "maxspeed": "RU:urban",
        "name": "проспект Шахтёров",
        "oneway": "yes",
        "surface": "asphalt"
      },
      "geometry": {
        "type": "LineString",
        "coordinates": [
          [
            86.106609,
            55.3892786
          ],
          [
            86.1065258,
            55.3891924
          ],
          [
            86.1058993,
            55.3885372
          ],
          [
            86.1057707,
            55.3884005
          ],
          [
            86.1056557,
            55.3883266
          ],
          [
            86.1054436,
            55.3882491
          ],
          [
            86.10528,
            55.3882108
          ],
          [
            86.1051208,
            55.3881753
          ],
          [
            86.1046366,
            55.388077
          ],
          [
            86.10311,
            55.3877504
          ],
          [
            86.1028931,
            55.387704
          ],
          [
            86.102791,
            55.387683
          ],
          [
            86.0985129,
            55.3868049
          ],
          [
            86.0982935,
            55.3867628
          ],
          [
            86.097831,
            55.3866826
          ],
          [
            86.0969112,
            55.3865842
          ],
          [
            86.0953981,
            55.3864328
          ],
          [
            86.0949202,
            55.3863851
          ],
          [
            86.0935609,
            55.3862458
          ],
          [
            86.0928799,
            55.3861714
          ],
          [
            86.0898705,
            55.3858637
          ],
          [
            86.0895455,
            55.3857437
          ],
          [
            86.0894877,
            55.385715
          ]
        ]
      },
      "id": "way/216909311"
    },
    {
      "type": "Feature",
      "properties": {
        "@id": "way/216909312",
        "hgv": "no",
        "highway": "primary",
        "lanes": "1",
        "maxspeed": "RU:urban",
        "name": "проспект Шахтёров",
        "oneway": "yes",
        "surface": "asphalt"
      },
      "geometry": {
        "type": "LineString",
        "coordinates": [
          [
            86.106922,
            55.3892963
          ],
          [
            86.1070455,
            55.3894263
          ],
          [
            86.1088391,
            55.3912602
          ],
          [
            86.1095158,
            55.3919514
          ],
          [
            86.1096801,
            55.3921283
          ],
          [
            86.1099495,
            55.3924091
          ],
          [
            86.1100564,
            55.3925282
          ],
          [
            86.1107528,
            55.3932886
          ],
          [
            86.1111144,
            55.3936673
          ],
          [
            86.1119404,
            55.3945229
          ],
          [
            86.1123249,
            55.3949232
          ],
          [
            86.1123703,
            55.3949699
          ],
          [
            86.1131136,
            55.3957571
          ],
          [
            86.1134768,
            55.3961399
          ],
          [
            86.1146945,
            55.3973989
          ]
        ]
      },
      "id": "way/216909312"
    },
    {
      "type": "Feature",
      "properties": {
        "@id": "way/216909388",
        "highway": "primary",
        "lanes": "2",
        "maxspeed": "60",
        "name": "улица Нахимова",
        "surface": "asphalt"
      },
      "geometry": {
        "type": "LineString",
        "coordinates": [
          [
            86.1196656,
            55.4185236
          ],
          [
            86.1182847,
            55.4165824
          ],
          [
            86.1179538,
            55.4160889
          ],
          [
            86.1169243,
            55.4145653
          ],
          [
            86.1163031,
            55.4136556
          ],
          [
            86.1157513,
            55.4128232
          ],
          [
            86.1156194,
            55.4126455
          ],
          [
            86.115556,
            55.4125709
          ]
        ]
      },
      "id": "way/216909388"
    },
    {
      "type": "Feature",
      "properties": {
        "@id": "way/227087054",
        "highway": "secondary",
        "name": "62-й проезд",
        "surface": "asphalt"
      },
      "geometry": {
        "type": "LineString",
        "coordinates": [
          [
            86.1641149,
            55.3099209
          ],
          [
            86.1606661,
            55.3091503
          ],
          [
            86.1600366,
            55.3090262
          ],
          [
            86.1590456,
            55.3088873
          ],
          [
            86.1585753,
            55.3088009
          ],
          [
            86.1568447,
            55.3084455
          ],
          [
            86.1567539,
            55.3084269
          ],
          [
            86.1518033,
            55.3074102
          ],
          [
            86.1481841,
            55.3066662
          ],
          [
            86.1430705,
            55.3056248
          ],
          [
            86.1414238,
            55.3052804
          ],
          [
            86.1405262,
            55.3050905
          ],
          [
            86.1404103,
            55.3050693
          ]
        ]
      },
      "id": "way/227087054"
    },
    {
      "type": "Feature",
      "properties": {
        "@id": "way/227087056",
        "highway": "secondary",
        "maxspeed": "RU:urban",
        "name": "62-й проезд",
        "surface": "asphalt"
      },
      "geometry": {
        "type": "LineString",
        "coordinates": [
          [
            86.1661868,
            55.3103689
          ],
          [
            86.1658894,
            55.3103081
          ]
        ]
      },
      "id": "way/227087056"
    },
    {
      "type": "Feature",
      "properties": {
        "@id": "way/227478983",
        "highway": "primary",
        "lanes": "2",
        "maxspeed": "RU:urban",
        "name": "улица Тухачевского",
        "name:uk": "вулиця Тухачевського",
        "oneway": "yes",
        "surface": "asphalt",
        "turn:lanes": "through|through"
      },
      "geometry": {
        "type": "LineString",
        "coordinates": [
          [
            86.1410259,
            55.2953079
          ],
          [
            86.1408624,
            55.2949746
          ],
          [
            86.1408169,
            55.2948766
          ]
        ]
      },
      "id": "way/227478983"
    },
    {
      "type": "Feature",
      "properties": {
        "@id": "way/240100610",
        "highway": "secondary",
        "lanes": "2",
        "maxspeed": "RU:rural",
        "name": "Подъезд к п. Металлплощадка",
        "oneway": "no",
        "ref": "32К-73",
        "surface": "asphalt"
      },
      "geometry": {
        "type": "LineString",
        "coordinates": [
          [
            86.1779992,
            55.3124784
          ],
          [
            86.1783915,
            55.3125561
          ],
          [
            86.1884967,
            55.3146307
          ],
          [
            86.1891541,
            55.3147541
          ]
        ]
      },
      "id": "way/240100610"
    },
    {
      "type": "Feature",
      "properties": {
        "@id": "way/244141373",
        "highway": "secondary",
        "name": "улица Рутгерса",
        "surface": "asphalt"
      },
      "geometry": {
        "type": "LineString",
        "coordinates": [
          [
            86.0850449,
            55.384676
          ],
          [
            86.0828067,
            55.3841791
          ],
          [
            86.0822495,
            55.3840696
          ],
          [
            86.0816856,
            55.3840081
          ]
        ]
      },
      "id": "way/244141373"
    },
    {
      "type": "Feature",
      "properties": {
        "@id": "way/246284414",
        "highway": "primary",
        "lanes": "3",
        "maxspeed": "RU:urban",
        "name": "улица Терешковой",
        "name:etymology:wikidata": "Q44371",
        "oneway": "yes",
        "surface": "asphalt"
      },
      "geometry": {
        "type": "LineString",
        "coordinates": [
          [
            86.1418813,
            55.3363949
          ],
          [
            86.1420291,
            55.3362296
          ],
          [
            86.1421659,
            55.3360764
          ],
          [
            86.1423484,
            55.3358815
          ],
          [
            86.1430573,
            55.3350791
          ],
          [
            86.1435756,
            55.3344992
          ],
          [
            86.1440356,
            55.3339845
          ],
          [
            86.1441578,
            55.3338477
          ],
          [
            86.1442152,
            55.3337835
          ],
          [
            86.1444107,
            55.3335605
          ],
          [
            86.1447453,
            55.3332204
          ],
          [
            86.1453502,
            55.3326117
          ],
          [
            86.1462509,
            55.3317053
          ],
          [
            86.1470496,
            55.3308425
          ],
          [
            86.1475136,
            55.330331
          ],
          [
            86.1477311,
            55.3300848
          ],
          [
            86.1484263,
            55.3293029
          ],
          [
            86.1484773,
            55.3292449
          ],
          [
            86.1485755,
            55.3291382
          ],
          [
            86.1488923,
            55.3287913
          ],
          [
            86.1493593,
            55.3282672
          ],
          [
            86.1494459,
            55.3281709
          ],
          [
            86.1496881,
            55.3279056
          ],
          [
            86.149815,
            55.3277712
          ],
          [
            86.1508108,
            55.3266749
          ],
          [
            86.1513268,
            55.326124
          ],
          [
            86.1514215,
            55.3260194
          ],
          [
            86.1521745,
            55.3252024
          ],
          [
            86.1529682,
            55.3243411
          ],
          [
            86.15382,
            55.3234295
          ],
          [
            86.1545543,
            55.3226257
          ],
          [
            86.1554258,
            55.3216593
          ],
          [
            86.1569853,
            55.3199821
          ],
          [
            86.1578785,
            55.3190198
          ],
          [
            86.1582885,
            55.3185746
          ],
          [
            86.1583919,
            55.3184598
          ],
          [
            86.1587171,
            55.3181252
          ],
          [
            86.159723,
            55.3170603
          ],
          [
            86.1603684,
            55.3163394
          ],
          [
            86.1609944,
            55.3156243
          ],
          [
            86.1615662,
            55.3149898
          ],
          [
            86.1630332,
            55.3133742
          ],
          [
            86.1651725,
            55.3110998
          ]
        ]
      },
      "id": "way/246284414"
    },
    {
      "type": "Feature",
      "properties": {
        "@id": "way/252257475",
        "highway": "primary",
        "lanes": "4",
        "maxspeed": "RU:urban",
        "name": "улица Терешковой",
        "name:etymology:wikidata": "Q44371",
        "oneway": "yes",
        "surface": "asphalt"
      },
      "geometry": {
        "type": "LineString",
        "coordinates": [
          [
            86.1389876,
            55.3398293
          ],
          [
            86.138823,
            55.340013
          ],
          [
            86.1386498,
            55.340203
          ],
          [
            86.1381961,
            55.340684
          ],
          [
            86.137651,
            55.3412774
          ],
          [
            86.1368559,
            55.3421241
          ],
          [
            86.1366256,
            55.342387
          ],
          [
            86.1365791,
            55.3424431
          ],
          [
            86.1364946,
            55.3425527
          ],
          [
            86.1364334,
            55.3426565
          ],
          [
            86.1363709,
            55.3427781
          ],
          [
            86.1363119,
            55.3429189
          ],
          [
            86.1362713,
            55.3430475
          ],
          [
            86.1362447,
            55.3431789
          ],
          [
            86.1362255,
            55.3433255
          ],
          [
            86.1361911,
            55.3436155
          ]
        ]
      },
      "id": "way/252257475"
    },
    {
      "type": "Feature",
      "properties": {
        "@id": "way/252257476",
        "highway": "primary",
        "lanes": "3",
        "maxspeed": "RU:urban",
        "name": "Октябрьский проспект",
        "name:etymology:wikidata": "Q42976",
        "name:ru": "Октябрьский проспект",
        "oneway": "yes",
        "surface": "asphalt"
      },
      "geometry": {
        "type": "LineString",
        "coordinates": [
          [
            86.1360256,
            55.3487773
          ],
          [
            86.1358344,
            55.3487764
          ]
        ]
      },
      "id": "way/252257476"
    },
    {
      "type": "Feature",
      "properties": {
        "@id": "way/252257477",
        "highway": "primary",
        "lanes": "2",
        "maxspeed": "RU:urban",
        "name": "Октябрьский проспект",
        "name:etymology:wikidata": "Q42976",
        "name:ru": "Октябрьский проспект",
        "oneway": "yes",
        "surface": "asphalt"
      },
      "geometry": {
        "type": "LineString",
        "coordinates": [
          [
            86.1315501,
            55.348746
          ],
          [
            86.1312569,
            55.3487463
          ]
        ]
      },
      "id": "way/252257477"
    },
    {
      "type": "Feature",
      "properties": {
        "@id": "way/252257478",
        "highway": "primary",
        "lanes": "4",
        "maxspeed": "RU:urban",
        "name": "улица Терешковой",
        "name:etymology:wikidata": "Q44371",
        "oneway": "yes",
        "surface": "asphalt"
      },
      "geometry": {
        "type": "LineString",
        "coordinates": [
          [
            86.1360121,
            55.3434005
          ],
          [
            86.1360632,
            55.3430349
          ],
          [
            86.1360976,
            55.3429127
          ],
          [
            86.1361513,
            55.3427779
          ],
          [
            86.1361645,
            55.3427515
          ],
          [
            86.1362229,
            55.3426342
          ],
          [
            86.1363123,
            55.3424833
          ],
          [
            86.1363726,
            55.3424034
          ],
          [
            86.1366419,
            55.3421042
          ],
          [
            86.1374592,
            55.3412222
          ],
          [
            86.1377318,
            55.340928
          ],
          [
            86.1386174,
            55.3399617
          ],
          [
            86.1387733,
            55.3397883
          ],
          [
            86.1388931,
            55.3396546
          ],
          [
            86.1391041,
            55.3394286
          ],
          [
            86.1395084,
            55.3390176
          ],
          [
            86.1402391,
            55.3382195
          ],
          [
            86.1408028,
            55.3376061
          ],
          [
            86.1410337,
            55.3373277
          ],
          [
            86.1416761,
            55.3366398
          ],
          [
            86.1417964,
            55.3364937
          ],
          [
            86.141847,
            55.3364364
          ],
          [
            86.1418813,
            55.3363949
          ]
        ]
      },
      "id": "way/252257478"
    },
    {
      "type": "Feature",
      "properties": {
        "@id": "way/252257479",
        "highway": "primary",
        "lanes": "3",
        "maxspeed": "RU:urban",
        "name": "улица Терешковой",
        "name:etymology:wikidata": "Q44371",
        "oneway": "yes",
        "surface": "asphalt"
      },
      "geometry": {
        "type": "LineString",
        "coordinates": [
          [
            86.1358344,
            55.3487764
          ],
          [
            86.1358297,
            55.3486814
          ]
        ]
      },
      "id": "way/252257479"
    },
    {
      "type": "Feature",
      "properties": {
        "@id": "way/252257480",
        "highway": "primary",
        "lanes": "3",
        "maxspeed": "RU:urban",
        "name": "улица Терешковой",
        "name:etymology:wikidata": "Q44371",
        "oneway": "yes",
        "surface": "asphalt"
      },
      "geometry": {
        "type": "LineString",
        "coordinates": [
          [
            86.1360359,
            55.3486825
          ],
          [
            86.1360256,
            55.3487773
          ]
        ]
      },
      "id": "way/252257480"
    },
    {
      "type": "Feature",
      "properties": {
        "@id": "way/252258539",
        "highway": "primary",
        "lanes": "2",
        "maxspeed": "RU:urban",
        "name": "проспект Шахтёров",
        "oneway": "yes",
        "surface": "asphalt"
      },
      "geometry": {
        "type": "LineString",
        "coordinates": [
          [
            86.1146945,
            55.3973989
          ],
          [
            86.1165463,
            55.3993151
          ],
          [
            86.1171651,
            55.3999716
          ],
          [
            86.118071,
            55.4009285
          ],
          [
            86.1192334,
            55.4022487
          ],
          [
            86.1193954,
            55.4024327
          ],
          [
            86.1195911,
            55.4026369
          ],
          [
            86.1214676,
            55.4045943
          ],
          [
            86.1226681,
            55.4057317
          ],
          [
            86.1232258,
            55.4062979
          ],
          [
            86.1254482,
            55.4086577
          ],
          [
            86.1269899,
            55.4102524
          ],
          [
            86.1279295,
            55.4112373
          ],
          [
            86.1280757,
            55.4113944
          ],
          [
            86.128162,
            55.4115582
          ],
          [
            86.1281916,
            55.4116714
          ]
        ]
      },
      "id": "way/252258539"
    },
    {
      "type": "Feature",
      "properties": {
        "@id": "way/252258540",
        "highway": "primary",
        "lanes": "2",
        "maxspeed": "RU:urban",
        "name": "проспект Шахтёров",
        "oneway": "yes",
        "surface": "asphalt"
      },
      "geometry": {
        "type": "LineString",
        "coordinates": [
          [
            86.1143025,
            55.3974129
          ],
          [
            86.1130197,
            55.3960406
          ],
          [
            86.1120931,
            55.3950602
          ],
          [
            86.1118278,
            55.3947862
          ],
          [
            86.1106179,
            55.3935101
          ],
          [
            86.1097691,
            55.392607
          ],
          [
            86.1092418,
            55.3920361
          ],
          [
            86.108459,
            55.3912163
          ],
          [
            86.1069655,
            55.3896481
          ],
          [
            86.1068126,
            55.3894897
          ],
          [
            86.1066915,
            55.3893642
          ],
          [
            86.106609,
            55.3892786
          ]
        ]
      },
      "id": "way/252258540"
    },
    {
      "type": "Feature",
      "properties": {
        "@id": "way/252398336",
        "highway": "primary",
        "lanes": "3",
        "maxspeed": "RU:urban",
        "name": "Октябрьский проспект",
        "name:etymology:wikidata": "Q42976",
        "name:ru": "Октябрьский проспект",
        "oneway": "yes",
        "surface": "asphalt"
      },
      "geometry": {
        "type": "LineString",
        "coordinates": [
          [
            86.1358297,
            55.3486814
          ],
          [
            86.1360359,
            55.3486825
          ]
        ]
      },
      "id": "way/252398336"
    },
    {
      "type": "Feature",
      "properties": {
        "@id": "way/261525341",
        "highway": "secondary",
        "name": "улица Сакко",
        "surface": "asphalt"
      },
      "geometry": {
        "type": "LineString",
        "coordinates": [
          [
            86.0370138,
            55.3440896
          ],
          [
            86.0328503,
            55.3450603
          ]
        ]
      },
      "id": "way/261525341"
    },
    {
      "type": "Feature",
      "properties": {
        "@id": "way/263459448",
        "highway": "primary",
        "lanes": "2",
        "maxspeed": "RU:urban",
        "name": "Базовая улица"
      },
      "geometry": {
        "type": "LineString",
        "coordinates": [
          [
            86.0776787,
            55.3238112
          ],
          [
            86.0778911,
            55.3239153
          ]
        ]
      },
      "id": "way/263459448"
    },
    {
      "type": "Feature",
      "properties": {
        "@id": "way/263459449",
        "highway": "secondary",
        "lanes": "2",
        "maxspeed": "RU:urban",
        "name": "улица Юрия Двужильного",
        "oneway": "yes"
      },
      "geometry": {
        "type": "LineString",
        "coordinates": [
          [
            86.093773,
            55.3140291
          ],
          [
            86.0940426,
            55.3141666
          ],
          [
            86.0967345,
            55.3155912
          ],
          [
            86.0967985,
            55.3156251
          ],
          [
            86.0971349,
            55.3158015
          ],
          [
            86.0986745,
            55.3166252
          ],
          [
            86.0987851,
            55.3166843
          ],
          [
            86.0991019,
            55.3168543
          ]
        ]
      },
      "id": "way/263459449"
    },
    {
      "type": "Feature",
      "properties": {
        "@id": "way/263459450",
        "highway": "primary",
        "lanes": "2",
        "maxspeed": "RU:urban",
        "name": "улица Юрия Двужильного",
        "oneway": "yes"
      },
      "geometry": {
        "type": "LineString",
        "coordinates": [
          [
            86.1322848,
            55.3220272
          ],
          [
            86.1321798,
            55.3220322
          ]
        ]
      },
      "id": "way/263459450"
    },
    {
      "type": "Feature",
      "properties": {
        "@id": "way/282033672",
        "highway": "primary",
        "lanes": "4",
        "lanes:psv": "1",
        "maxspeed": "RU:urban",
        "name": "проспект Ленина",
        "name:etymology:wikidata": "Q1394",
        "name:ru": "проспект Ленина",
        "oneway": "yes",
        "surface": "asphalt"
      },
      "geometry": {
        "type": "LineString",
        "coordinates": [
          [
            86.1610971,
            55.3490647
          ],
          [
            86.1610645,
            55.3489655
          ]
        ]
      },
      "id": "way/282033672"
    },
    {
      "type": "Feature",
      "properties": {
        "@id": "way/289026103",
        "highway": "primary",
        "lanes": "3",
        "maxspeed": "RU:urban",
        "name": "Кузнецкий проспект",
        "name:uk": "Кузнецький проспект",
        "oneway": "yes"
      },
      "geometry": {
        "type": "LineString",
        "coordinates": [
          [
            86.0644528,
            55.353134
          ],
          [
            86.0623457,
            55.3502049
          ]
        ]
      },
      "id": "way/289026103"
    },
    {
      "type": "Feature",
      "properties": {
        "@id": "way/289026104",
        "highway": "primary",
        "lanes": "4",
        "maxspeed": "RU:urban",
        "name": "Кузнецкий проспект",
        "oneway": "yes"
      },
      "geometry": {
        "type": "LineString",
        "coordinates": [
          [
            86.0619176,
            55.3442037
          ],
          [
            86.0619159,
            55.3441793
          ],
          [
            86.0619154,
            55.3440349
          ],
          [
            86.0619178,
            55.3439624
          ],
          [
            86.0618932,
            55.3437436
          ],
          [
            86.0618796,
            55.3435309
          ]
        ]
      },
      "id": "way/289026104"
    },
    {
      "type": "Feature",
      "properties": {
        "@id": "way/289027618",
        "highway": "primary",
        "lanes": "2",
        "maxspeed": "RU:urban",
        "name": "улица Тухачевского",
        "oneway": "yes",
        "surface": "asphalt"
      },
      "geometry": {
        "type": "LineString",
        "coordinates": [
          [
            86.1317379,
            55.3362658
          ],
          [
            86.1317374,
            55.336179
          ]
        ]
      },
      "id": "way/289027618"
    },
    {
      "type": "Feature",
      "properties": {
        "@id": "way/294288726",
        "highway": "secondary",
        "lanes": "2",
        "name": "Инициативная улица"
      },
      "geometry": {
        "type": "LineString",
        "coordinates": [
          [
            86.0379662,
            55.4034677
          ],
          [
            86.0368738,
            55.4031192
          ]
        ]
      },
      "id": "way/294288726"
    },
    {
      "type": "Feature",
      "properties": {
        "@id": "way/294288727",
        "highway": "secondary",
        "lanes": "2",
        "name": "Инициативная улица"
      },
      "geometry": {
        "type": "LineString",
        "coordinates": [
          [
            86.0406825,
            55.4043476
          ],
          [
            86.0379662,
            55.4034677
          ]
        ]
      },
      "id": "way/294288727"
    },
    {
      "type": "Feature",
      "properties": {
        "@id": "way/295564352",
        "highway": "primary",
        "highway:category": "ru:IВ",
        "lanes": "2",
        "maxspeed": "RU:urban",
        "name": "Кемерово — Новокузнецк",
        "oneway": "yes",
        "ref": "32К-445",
        "surface": "asphalt"
      },
      "geometry": {
        "type": "LineString",
        "coordinates": [
          [
            86.1387227,
            55.2881667
          ],
          [
            86.1386041,
            55.2884058
          ],
          [
            86.1385767,
            55.2884856
          ],
          [
            86.1385283,
            55.2886287
          ],
          [
            86.1384853,
            55.2888226
          ],
          [
            86.1384621,
            55.2889935
          ],
          [
            86.1384496,
            55.2891686
          ],
          [
            86.138454,
            55.2893311
          ],
          [
            86.1384789,
            55.2895525
          ],
          [
            86.1385095,
            55.2896919
          ],
          [
            86.1385455,
            55.2898337
          ],
          [
            86.1386066,
            55.2900078
          ],
          [
            86.138703,
            55.2902458
          ],
          [
            86.1391385,
            55.291167
          ],
          [
            86.1392801,
            55.2914472
          ],
          [
            86.1395799,
            55.2920631
          ],
          [
            86.1402691,
            55.2934333
          ]
        ]
      },
      "id": "way/295564352"
    },
    {
      "type": "Feature",
      "properties": {
        "@id": "way/295974081",
        "highway": "secondary",
        "maxspeed": "60"
      },
      "geometry": {
        "type": "LineString",
        "coordinates": [
          [
            86.0433123,
            55.381493
          ],
          [
            86.0434364,
            55.3814624
          ],
          [
            86.0435679,
            55.3814612
          ]
        ]
      },
      "id": "way/295974081"
    },
    {
      "type": "Feature",
      "properties": {
        "@id": "way/301438608",
        "highway": "secondary",
        "lanes": "2",
        "maxspeed": "40",
        "name": "проспект Владимира Михайлова",
        "oneway": "yes",
        "surface": "asphalt"
      },
      "geometry": {
        "type": "LineString",
        "coordinates": [
          [
            86.2326104,
            55.4194863
          ],
          [
            86.2326275,
            55.4191983
          ],
          [
            86.232647,
            55.4189071
          ],
          [
            86.2326611,
            55.4186582
          ],
          [
            86.232647,
            55.4183284
          ],
          [
            86.2326138,
            55.4172794
          ],
          [
            86.2325994,
            55.416224
          ],
          [
            86.2326035,
            55.4160001
          ],
          [
            86.2326106,
            55.4157456
          ],
          [
            86.232639,
            55.415471
          ],
          [
            86.2326833,
            55.4152751
          ],
          [
            86.232925,
            55.4143691
          ]
        ]
      },
      "id": "way/301438608"
    },
    {
      "type": "Feature",
      "properties": {
        "@id": "way/310183138",
        "highway": "secondary",
        "lanes": "3",
        "maxspeed": "60",
        "name": "улица Сибиряков-Гвардейцев",
        "oneway": "yes",
        "surface": "asphalt"
      },
      "geometry": {
        "type": "LineString",
        "coordinates": [
          [
            86.1417964,
            55.3364937
          ],
          [
            86.1415659,
            55.3365
          ],
          [
            86.1361225,
            55.3364448
          ],
          [
            86.1338471,
            55.3364256
          ],
          [
            86.1320589,
            55.3364118
          ],
          [
            86.131886,
            55.3364116
          ],
          [
            86.1317413,
            55.3364102
          ],
          [
            86.1316322,
            55.3364082
          ],
          [
            86.1275774,
            55.3363754
          ],
          [
            86.1254621,
            55.3363527
          ],
          [
            86.125257,
            55.3363522
          ],
          [
            86.1250915,
            55.3363503
          ],
          [
            86.1212918,
            55.3363292
          ],
          [
            86.1209823,
            55.3363294
          ],
          [
            86.120794,
            55.3363272
          ],
          [
            86.1186084,
            55.3363089
          ],
          [
            86.1170131,
            55.3362988
          ]
        ]
      },
      "id": "way/310183138"
    },
    {
      "type": "Feature",
      "properties": {
        "@id": "way/322116586",
        "highway": "primary",
        "lanes": "3",
        "maxspeed": "RU:urban",
        "name": "Советский проспект",
        "name:ru": "Советский проспект",
        "oneway": "yes",
        "surface": "asphalt"
      },
      "geometry": {
        "type": "LineString",
        "coordinates": [
          [
            86.0868757,
            55.3549895
          ],
          [
            86.0868278,
            55.3550641
          ],
          [
            86.0867555,
            55.3551362
          ],
          [
            86.0866512,
            55.355185
          ],
          [
            86.0865238,
            55.3552183
          ]
        ]
      },
      "id": "way/322116586"
    },
    {
      "type": "Feature",
      "properties": {
        "@id": "way/325029521",
        "highway": "primary",
        "lanes": "4",
        "maxspeed": "RU:urban",
        "name": "Кузнецкий проспект",
        "name:uk": "Кузнецький проспект",
        "oneway": "yes"
      },
      "geometry": {
        "type": "LineString",
        "coordinates": [
          [
            86.0619001,
            55.3445535
          ],
          [
            86.0619085,
            55.3443511
          ],
          [
            86.0619134,
            55.3442362
          ],
          [
            86.0619176,
            55.3442037
          ]
        ]
      },
      "id": "way/325029521"
    },
    {
      "type": "Feature",
      "properties": {
        "@id": "way/325033848",
        "highway": "secondary",
        "surface": "asphalt"
      },
      "geometry": {
        "type": "LineString",
        "coordinates": [
          [
            86.0619505,
            55.3390492
          ],
          [
            86.0618171,
            55.3390772
          ],
          [
            86.0592726,
            55.3396433
          ]
        ]
      },
      "id": "way/325033848"
    },
    {
      "type": "Feature",
      "properties": {
        "@id": "way/325742987",
        "highway": "primary",
        "maxspeed": "RU:urban",
        "name": "2-я Камышинская улица"
      },
      "geometry": {
        "type": "LineString",
        "coordinates": [
          [
            86.0608655,
            55.3259747
          ],
          [
            86.0607541,
            55.3258463
          ],
          [
            86.0606004,
            55.3257186
          ],
          [
            86.0603956,
            55.3255559
          ],
          [
            86.0600688,
            55.3252724
          ],
          [
            86.0594758,
            55.3244908
          ],
          [
            86.0578677,
            55.3227017
          ],
          [
            86.0570975,
            55.3217809
          ],
          [
            86.0565154,
            55.3211489
          ],
          [
            86.0562909,
            55.3209051
          ],
          [
            86.0558667,
            55.3204841
          ],
          [
            86.05533,
            55.3200558
          ],
          [
            86.0540259,
            55.3190206
          ],
          [
            86.0534392,
            55.3185075
          ],
          [
            86.0530946,
            55.3182399
          ],
          [
            86.0525255,
            55.3177979
          ],
          [
            86.0525146,
            55.3177888
          ],
          [
            86.0523344,
            55.3176396
          ],
          [
            86.051976,
            55.317358
          ],
          [
            86.0518368,
            55.3172597
          ],
          [
            86.0514228,
            55.3169478
          ],
          [
            86.0508979,
            55.3166462
          ],
          [
            86.0505495,
            55.316446
          ],
          [
            86.0503225,
            55.3163215
          ],
          [
            86.0492455,
            55.315711
          ],
          [
            86.0488212,
            55.3154704
          ],
          [
            86.0487276,
            55.3154173
          ],
          [
            86.0484416,
            55.3152476
          ],
          [
            86.0483058,
            55.3151511
          ]
        ]
      },
      "id": "way/325742987"
    },
    {
      "type": "Feature",
      "properties": {
        "@id": "way/325742988",
        "bridge": "yes",
        "highway": "primary",
        "layer": "1",
        "maxspeed": "RU:urban",
        "name": "2-я Камышинская улица"
      },
      "geometry": {
        "type": "LineString",
        "coordinates": [
          [
            86.0609802,
            55.3262879
          ],
          [
            86.0608655,
            55.3259747
          ]
        ]
      },
      "id": "way/325742988"
    },
    {
      "type": "Feature",
      "properties": {
        "@id": "way/330471438",
        "bridge": "yes",
        "highway": "secondary",
        "layer": "1",
        "maxspeed": "40",
        "name": "Мариинская улица"
      },
      "geometry": {
        "type": "LineString",
        "coordinates": [
          [
            86.0457245,
            55.3821565
          ],
          [
            86.045299,
            55.3819805
          ]
        ]
      },
      "id": "way/330471438"
    },
    {
      "type": "Feature",
      "properties": {
        "@id": "way/343623315",
        "highway": "secondary",
        "surface": "asphalt"
      },
      "geometry": {
        "type": "LineString",
        "coordinates": [
          [
            86.0251635,
            55.3381985
          ],
          [
            86.0167407,
            55.3348235
          ],
          [
            86.0165749,
            55.3347826
          ],
          [
            86.0164061,
            55.3347434
          ],
          [
            86.0161981,
            55.334714
          ],
          [
            86.016014,
            55.3347066
          ],
          [
            86.0158029,
            55.3347141
          ],
          [
            86.0155892,
            55.3347369
          ],
          [
            86.0153756,
            55.3347763
          ],
          [
            86.0150608,
            55.334848
          ],
          [
            86.0148731,
            55.3348872
          ],
          [
            86.0146961,
            55.3349176
          ],
          [
            86.0145452,
            55.3349288
          ],
          [
            86.0143272,
            55.3349291
          ],
          [
            86.0141432,
            55.3349128
          ],
          [
            86.0139075,
            55.3348749
          ],
          [
            86.0136909,
            55.3348279
          ],
          [
            86.0133496,
            55.3347391
          ],
          [
            86.0129521,
            55.3346061
          ],
          [
            86.0079232,
            55.3327914
          ],
          [
            86.0071398,
            55.3325124
          ],
          [
            86.0025211,
            55.3308675
          ],
          [
            86.0019054,
            55.3306724
          ],
          [
            85.9917079,
            55.3275131
          ],
          [
            85.991446,
            55.3274319
          ],
          [
            85.9910169,
            55.327311
          ],
          [
            85.9905658,
            55.3272185
          ],
          [
            85.9867386,
            55.3266442
          ],
          [
            85.986295,
            55.3265532
          ],
          [
            85.9828088,
            55.3257548
          ],
          [
            85.9808094,
            55.3253017
          ],
          [
            85.9801831,
            55.3251732
          ],
          [
            85.9798288,
            55.3251097
          ],
          [
            85.9793203,
            55.3250339
          ],
          [
            85.9775167,
            55.3248187
          ]
        ]
      },
      "id": "way/343623315"
    },
    {
      "type": "Feature",
      "properties": {
        "@id": "way/345678657",
        "bridge": "yes",
        "highway": "secondary",
        "lanes": "3",
        "layer": "1",
        "maxspeed": "RU:urban",
        "name": "улица Сибиряков-Гвардейцев",
        "oneway": "yes",
        "opening_date": "2023-12-30",
        "surface": "asphalt"
      },
      "geometry": {
        "type": "LineString",
        "coordinates": [
          [
            86.0818396,
            55.3358966
          ],
          [
            86.0826389,
            55.3359014
          ]
        ]
      },
      "id": "way/345678657"
    },
    {
      "type": "Feature",
      "properties": {
        "@id": "way/345678658",
        "highway": "secondary",
        "lanes": "3",
        "maxspeed": "RU:urban",
        "name": "улица Сибиряков-Гвардейцев",
        "oneway": "yes",
        "surface": "asphalt"
      },
      "geometry": {
        "type": "LineString",
        "coordinates": [
          [
            86.1170469,
            55.3361579
          ],
          [
            86.1190984,
            55.3361701
          ],
          [
            86.1206081,
            55.3361824
          ],
          [
            86.120983,
            55.3361844
          ],
          [
            86.1213156,
            55.3361862
          ],
          [
            86.1216963,
            55.3361899
          ],
          [
            86.1251006,
            55.3362126
          ],
          [
            86.1252618,
            55.3362149
          ],
          [
            86.1254549,
            55.3362149
          ],
          [
            86.1295294,
            55.3362417
          ],
          [
            86.1316366,
            55.3362652
          ],
          [
            86.1317379,
            55.3362658
          ]
        ]
      },
      "id": "way/345678658"
    },
    {
      "type": "Feature",
      "properties": {
        "@id": "way/345679185",
        "highway": "secondary",
        "oneway": "yes"
      },
      "geometry": {
        "type": "LineString",
        "coordinates": [
          [
            86.0622543,
            55.3389654
          ],
          [
            86.062157,
            55.3389866
          ],
          [
            86.0620885,
            55.3390037
          ],
          [
            86.0620012,
            55.3390325
          ],
          [
            86.0619505,
            55.3390492
          ]
        ]
      },
      "id": "way/345679185"
    },
    {
      "type": "Feature",
      "properties": {
        "@id": "way/345679186",
        "highway": "secondary",
        "lanes": "3",
        "maxspeed": "RU:urban",
        "name": "улица Сибиряков-Гвардейцев",
        "oneway": "yes",
        "surface": "asphalt"
      },
      "geometry": {
        "type": "LineString",
        "coordinates": [
          [
            86.0622603,
            55.3388674
          ],
          [
            86.0623936,
            55.3388256
          ],
          [
            86.0647248,
            55.3382787
          ],
          [
            86.0654064,
            55.3381194
          ],
          [
            86.0660737,
            55.3379635
          ],
          [
            86.0684136,
            55.3374179
          ],
          [
            86.0693023,
            55.3372104
          ],
          [
            86.0695519,
            55.3371521
          ],
          [
            86.0696795,
            55.3371223
          ],
          [
            86.0698193,
            55.3370889
          ],
          [
            86.0712383,
            55.3367537
          ],
          [
            86.0750516,
            55.3358881
          ],
          [
            86.0752476,
            55.3358527
          ],
          [
            86.0754149,
            55.3358338
          ],
          [
            86.0755943,
            55.3358253
          ],
          [
            86.0779667,
            55.3358607
          ],
          [
            86.0782091,
            55.3358643
          ]
        ]
      },
      "id": "way/345679186"
    },
    {
      "type": "Feature",
      "properties": {
        "@id": "way/347045087",
        "highway": "secondary",
        "lanes": "2",
        "maxspeed": "40",
        "name": "проспект Владимира Михайлова",
        "surface": "asphalt"
      },
      "geometry": {
        "type": "LineString",
        "coordinates": [
          [
            86.2306743,
            55.4244541
          ],
          [
            86.230487,
            55.4246872
          ],
          [
            86.2303446,
            55.4248593
          ],
          [
            86.2301662,
            55.4250544
          ],
          [
            86.2299741,
            55.4252372
          ],
          [
            86.2295188,
            55.4257063
          ],
          [
            86.2290904,
            55.4261204
          ],
          [
            86.2286387,
            55.4265202
          ],
          [
            86.2282053,
            55.4268728
          ],
          [
            86.2277788,
            55.4272054
          ],
          [
            86.2274871,
            55.4274241
          ],
          [
            86.2271735,
            55.4276477
          ],
          [
            86.2267857,
            55.4279089
          ],
          [
            86.2264736,
            55.4281064
          ],
          [
            86.2261722,
            55.4282956
          ]
        ]
      },
      "id": "way/347045087"
    },
    {
      "type": "Feature",
      "properties": {
        "@id": "way/347060131",
        "highway": "secondary",
        "lanes": "2",
        "maxspeed": "90",
        "name": "Кемерово — Андреевка",
        "ref": "32К-426",
        "surface": "asphalt"
      },
      "geometry": {
        "type": "LineString",
        "coordinates": [
          [
            86.1412118,
            55.4198433
          ],
          [
            86.1451959,
            55.4217652
          ],
          [
            86.1539611,
            55.4259567
          ],
          [
            86.1605722,
            55.4292565
          ],
          [
            86.1610213,
            55.4294031
          ],
          [
            86.1614852,
            55.429524
          ],
          [
            86.1619118,
            55.4296101
          ],
          [
            86.1623222,
            55.429677
          ],
          [
            86.1627674,
            55.4297288
          ],
          [
            86.1631581,
            55.4297575
          ],
          [
            86.1635799,
            55.4297685
          ],
          [
            86.1689811,
            55.4297931
          ],
          [
            86.1722736,
            55.4298117
          ],
          [
            86.176114,
            55.4298202
          ],
          [
            86.1799657,
            55.4298287
          ],
          [
            86.1807444,
            55.4298597
          ],
          [
            86.1815831,
            55.4299068
          ],
          [
            86.1831949,
            55.4300573
          ],
          [
            86.1839408,
            55.430164
          ],
          [
            86.186398,
            55.4306579
          ],
          [
            86.1921847,
            55.4319477
          ],
          [
            86.1934519,
            55.4322734
          ],
          [
            86.194664,
            55.4326071
          ],
          [
            86.1956567,
            55.4329171
          ],
          [
            86.1962065,
            55.4331392
          ],
          [
            86.1973517,
            55.4337319
          ],
          [
            86.1984569,
            55.4343643
          ],
          [
            86.1994894,
            55.4350167
          ],
          [
            86.2014367,
            55.4365455
          ]
        ]
      },
      "id": "way/347060131"
    },
    {
      "type": "Feature",
      "properties": {
        "@id": "way/355214542",
        "highway": "secondary",
        "lanes": "2",
        "maxspeed": "60",
        "name": "Казачий тракт",
        "surface": "asphalt"
      },
      "geometry": {
        "type": "LineString",
        "coordinates": [
          [
            86.0899169,
            55.2928579
          ],
          [
            86.0904522,
            55.2919207
          ],
          [
            86.0909631,
            55.2909856
          ],
          [
            86.0915237,
            55.290011
          ],
          [
            86.0918253,
            55.2894953
          ],
          [
            86.0920021,
            55.2892143
          ],
          [
            86.0921154,
            55.2890514
          ],
          [
            86.0922449,
            55.2888908
          ],
          [
            86.0923792,
            55.2887573
          ],
          [
            86.0925231,
            55.2886399
          ],
          [
            86.0927065,
            55.2885304
          ],
          [
            86.0929169,
            55.2884233
          ],
          [
            86.0935616,
            55.2881007
          ],
          [
            86.0941991,
            55.2877713
          ],
          [
            86.0947858,
            55.2874625
          ],
          [
            86.1006873,
            55.2843776
          ],
          [
            86.1023278,
            55.2835299
          ],
          [
            86.102845,
            55.2832564
          ],
          [
            86.1031777,
            55.2830874
          ],
          [
            86.1034564,
            55.282956
          ],
          [
            86.1038657,
            55.2827998
          ],
          [
            86.1052606,
            55.2822789
          ],
          [
            86.1055042,
            55.2821933
          ],
          [
            86.1056613,
            55.282148
          ],
          [
            86.1056908,
            55.2821395
          ],
          [
            86.1058251,
            55.2821147
          ],
          [
            86.1059653,
            55.2821003
          ],
          [
            86.1061078,
            55.2820973
          ],
          [
            86.106267,
            55.2821104
          ],
          [
            86.1064096,
            55.2821329
          ],
          [
            86.1065611,
            55.2821724
          ],
          [
            86.1067973,
            55.2822425
          ],
          [
            86.1070673,
            55.2823316
          ],
          [
            86.1074746,
            55.2824843
          ],
          [
            86.1077843,
            55.2826073
          ],
          [
            86.1084554,
            55.2828865
          ],
          [
            86.1088949,
            55.2830625
          ],
          [
            86.1092999,
            55.2832256
          ],
          [
            86.11014,
            55.2835516
          ],
          [
            86.1102078,
            55.2835779
          ],
          [
            86.1121685,
            55.2843572
          ],
          [
            86.1123858,
            55.2844487
          ]
        ]
      },
      "id": "way/355214542"
    },
    {
      "type": "Feature",
      "properties": {
        "@id": "way/356699655",
        "highway": "primary",
        "lanes": "2",
        "maxspeed": "RU:urban",
        "name": "улица Ракитянского",
        "oneway": "yes",
        "surface": "asphalt"
      },
      "geometry": {
        "type": "LineString",
        "coordinates": [
          [
            86.1243488,
            55.4184249
          ],
          [
            86.1243387,
            55.4183842
          ],
          [
            86.1243067,
            55.4182946
          ],
          [
            86.1248226,
            55.4173606
          ],
          [
            86.1259607,
            55.4153237
          ],
          [
            86.12642,
            55.4144335
          ],
          [
            86.1269296,
            55.4134955
          ],
          [
            86.1273068,
            55.4128153
          ],
          [
            86.1275932,
            55.4122623
          ],
          [
            86.1278028,
            55.4118684
          ]
        ]
      },
      "id": "way/356699655"
    },
    {
      "type": "Feature",
      "properties": {
        "@id": "way/364053447",
        "highway": "secondary",
        "lanes": "3",
        "maxspeed": "RU:urban",
        "name": "Красноармейская улица",
        "name:etymology:wikidata": "Q251395",
        "oneway": "yes",
        "surface": "asphalt"
      },
      "geometry": {
        "type": "LineString",
        "coordinates": [
          [
            86.0667336,
            55.3526141
          ],
          [
            86.0668766,
            55.3525809
          ]
        ]
      },
      "id": "way/364053447"
    },
    {
      "type": "Feature",
      "properties": {
        "@id": "way/364136156",
        "highway": "primary",
        "lanes": "2",
        "maxspeed": "RU:urban",
        "name": "Красноармейская улица",
        "name:etymology:wikidata": "Q251395",
        "oneway": "yes",
        "surface": "asphalt"
      },
      "geometry": {
        "type": "LineString",
        "coordinates": [
          [
            86.0073564,
            55.3556853
          ],
          [
            86.0075292,
            55.3557196
          ],
          [
            86.0079583,
            55.3557623
          ],
          [
            86.0089159,
            55.3558385
          ],
          [
            86.0094384,
            55.3558816
          ],
          [
            86.0125902,
            55.3561414
          ],
          [
            86.0134985,
            55.3562129
          ],
          [
            86.0170323,
            55.3564901
          ],
          [
            86.0180665,
            55.3565731
          ],
          [
            86.0192453,
            55.3566677
          ],
          [
            86.0207233,
            55.3567863
          ],
          [
            86.021928,
            55.3568845
          ],
          [
            86.02294,
            55.356967
          ],
          [
            86.0247816,
            55.3571121
          ],
          [
            86.0261469,
            55.3572238
          ],
          [
            86.0281891,
            55.3573856
          ],
          [
            86.0301735,
            55.3575438
          ],
          [
            86.0305506,
            55.3575752
          ],
          [
            86.0312266,
            55.357646
          ],
          [
            86.032073,
            55.3577354
          ],
          [
            86.0326808,
            55.3577996
          ],
          [
            86.0345666,
            55.3579928
          ],
          [
            86.0365565,
            55.3581903
          ],
          [
            86.0370405,
            55.3582281
          ],
          [
            86.0371565,
            55.3582356
          ],
          [
            86.0375148,
            55.3582508
          ],
          [
            86.0375793,
            55.3582535
          ],
          [
            86.0385463,
            55.358275
          ],
          [
            86.0393509,
            55.3582864
          ],
          [
            86.0398646,
            55.3582815
          ],
          [
            86.0401643,
            55.3582744
          ],
          [
            86.040566,
            55.3582552
          ],
          [
            86.0413615,
            55.3582031
          ],
          [
            86.0420153,
            55.358136
          ],
          [
            86.0425481,
            55.3580723
          ],
          [
            86.0433474,
            55.357964
          ],
          [
            86.0442889,
            55.3578039
          ],
          [
            86.0448526,
            55.3577073
          ],
          [
            86.0450372,
            55.3576697
          ],
          [
            86.0464571,
            55.3573512
          ]
        ]
      },
      "id": "way/364136156"
    },
    {
      "type": "Feature",
      "properties": {
        "@id": "way/370825407",
        "highway": "secondary",
        "lanes": "4",
        "maxspeed": "RU:urban",
        "name": "Волгоградская улица",
        "name:uk": "Волгоградська вулиця",
        "surface": "asphalt"
      },
      "geometry": {
        "type": "LineString",
        "coordinates": [
          [
            86.1475568,
            55.3573679
          ],
          [
            86.1475322,
            55.3572703
          ]
        ]
      },
      "id": "way/370825407"
    },
    {
      "type": "Feature",
      "properties": {
        "@id": "way/374799117",
        "bridge": "yes",
        "highway": "primary",
        "lanes": "3",
        "layer": "1",
        "maxspeed": "RU:urban",
        "name": "улица Терешковой",
        "name:etymology:wikidata": "Q44371",
        "oneway": "yes",
        "surface": "asphalt"
      },
      "geometry": {
        "type": "LineString",
        "coordinates": [
          [
            86.1287013,
            55.3666818
          ],
          [
            86.1308234,
            55.3634669
          ],
          [
            86.131791,
            55.3619697
          ],
          [
            86.1322047,
            55.3613335
          ]
        ]
      },
      "id": "way/374799117"
    },
    {
      "type": "Feature",
      "properties": {
        "@id": "way/374799118",
        "highway": "primary",
        "lanes": "3",
        "maxspeed": "RU:urban",
        "name": "улица Терешковой",
        "name:etymology:wikidata": "Q44371",
        "oneway": "yes",
        "surface": "asphalt"
      },
      "geometry": {
        "type": "LineString",
        "coordinates": [
          [
            86.1322047,
            55.3613335
          ],
          [
            86.1322446,
            55.3612728
          ],
          [
            86.1324262,
            55.3609967
          ],
          [
            86.1326556,
            55.3606506
          ],
          [
            86.1328584,
            55.3602994
          ],
          [
            86.1331026,
            55.3598977
          ],
          [
            86.1332695,
            55.3595933
          ],
          [
            86.1334608,
            55.3591881
          ]
        ]
      },
      "id": "way/374799118"
    },
    {
      "type": "Feature",
      "properties": {
        "@id": "way/393550283",
        "highway": "secondary",
        "lanes": "2",
        "maxspeed": "90",
        "name": "проспект Владимира Михайлова",
        "surface": "asphalt"
      },
      "geometry": {
        "type": "LineString",
        "coordinates": [
          [
            86.2203987,
            55.430906
          ],
          [
            86.2199497,
            55.4310516
          ],
          [
            86.2184273,
            55.4315124
          ],
          [
            86.2180075,
            55.4316455
          ],
          [
            86.2168951,
            55.4319666
          ],
          [
            86.2141236,
            55.432785
          ],
          [
            86.2138905,
            55.432853
          ],
          [
            86.2132576,
            55.43304
          ],
          [
            86.2097992,
            55.4340651
          ],
          [
            86.2094342,
            55.4341723
          ],
          [
            86.2093402,
            55.4342002
          ],
          [
            86.2089345,
            55.4343208
          ],
          [
            86.2057063,
            55.4352753
          ],
          [
            86.2052772,
            55.435403
          ],
          [
            86.2036192,
            55.4358932
          ],
          [
            86.2021826,
            55.4363207
          ],
          [
            86.2014367,
            55.4365455
          ]
        ]
      },
      "id": "way/393550283"
    },
    {
      "type": "Feature",
      "properties": {
        "@id": "way/398866459",
        "highway": "secondary",
        "lanes": "3",
        "maxspeed": "RU:urban",
        "name": "проспект Ленина",
        "name:etymology:wikidata": "Q1394",
        "oneway": "yes",
        "surface": "asphalt"
      },
      "geometry": {
        "type": "LineString",
        "coordinates": [
          [
            86.1809785,
            55.3547786
          ],
          [
            86.1808367,
            55.3547353
          ],
          [
            86.1805149,
            55.3546372
          ],
          [
            86.1790254,
            55.354182
          ],
          [
            86.1775051,
            55.3537189
          ],
          [
            86.1766363,
            55.3534631
          ],
          [
            86.1759588,
            55.3532636
          ]
        ]
      },
      "id": "way/398866459"
    },
    {
      "type": "Feature",
      "properties": {
        "@id": "way/400622221",
        "highway": "primary",
        "lanes": "2",
        "maxspeed": "RU:urban",
        "name": "Соборная улица",
        "oneway": "yes",
        "surface": "asphalt"
      },
      "geometry": {
        "type": "LineString",
        "coordinates": [
          [
            86.0972328,
            55.3446104
          ],
          [
            86.0972444,
            55.3445652
          ],
          [
            86.0972535,
            55.3445335
          ],
          [
            86.0972736,
            55.3444699
          ]
        ]
      },
      "id": "way/400622221"
    },
    {
      "type": "Feature",
      "properties": {
        "@id": "way/400622223",
        "highway": "primary",
        "lanes": "3",
        "maxspeed": "RU:urban",
        "name": "Соборная улица",
        "oneway": "yes",
        "surface": "asphalt"
      },
      "geometry": {
        "type": "LineString",
        "coordinates": [
          [
            86.097465,
            55.3444744
          ],
          [
            86.0974642,
            55.3445284
          ],
          [
            86.0974639,
            55.3445581
          ],
          [
            86.0974678,
            55.3446131
          ]
        ]
      },
      "id": "way/400622223"
    },
    {
      "type": "Feature",
      "properties": {
        "@id": "way/400624169",
        "highway": "secondary",
        "lanes": "4",
        "maxspeed": "RU:urban",
        "name": "Соборная улица",
        "oneway": "yes",
        "surface": "asphalt"
      },
      "geometry": {
        "type": "LineString",
        "coordinates": [
          [
            86.0974678,
            55.3446131
          ],
          [
            86.0974593,
            55.344767
          ],
          [
            86.0974395,
            55.3453176
          ]
        ]
      },
      "id": "way/400624169"
    },
    {
      "type": "Feature",
      "properties": {
        "@id": "way/401291756",
        "highway": "primary",
        "lanes": "3",
        "maxspeed": "RU:urban",
        "name": "Кузнецкий проспект",
        "name:ru": "Кузнецкий проспект",
        "name:uk": "Кузнецький проспект",
        "surface": "asphalt"
      },
      "geometry": {
        "type": "LineString",
        "coordinates": [
          [
            86.0644864,
            55.3531831
          ],
          [
            86.0644528,
            55.353134
          ]
        ]
      },
      "id": "way/401291756"
    },
    {
      "type": "Feature",
      "properties": {
        "@id": "way/401291757",
        "highway": "primary",
        "lanes": "3",
        "maxspeed": "RU:urban",
        "name": "Кузнецкий проспект",
        "name:ru": "Кузнецкий проспект",
        "surface": "asphalt"
      },
      "geometry": {
        "type": "LineString",
        "coordinates": [
          [
            86.0645211,
            55.3532335
          ],
          [
            86.0644864,
            55.3531831
          ]
        ]
      },
      "id": "way/401291757"
    },
    {
      "type": "Feature",
      "properties": {
        "@id": "way/409229528",
        "bridge": "yes",
        "highway": "primary",
        "lanes": "2",
        "layer": "1",
        "maxspeed": "RU:urban",
        "name": "проспект Ленина",
        "name:etymology:wikidata": "Q1394",
        "name:ru": "проспект Ленина",
        "oneway": "yes",
        "surface": "asphalt"
      },
      "geometry": {
        "type": "LineString",
        "coordinates": [
          [
            86.0914371,
            55.3444061
          ],
          [
            86.0926095,
            55.3444217
          ]
        ]
      },
      "id": "way/409229528"
    },
    {
      "type": "Feature",
      "properties": {
        "@id": "way/409229529",
        "highway": "primary",
        "lanes": "3",
        "maxspeed": "RU:urban",
        "name": "проспект Ленина",
        "name:etymology:wikidata": "Q1394",
        "name:ru": "проспект Ленина",
        "oneway": "yes",
        "surface": "asphalt"
      },
      "geometry": {
        "type": "LineString",
        "coordinates": [
          [
            86.0926095,
            55.3444217
          ],
          [
            86.0932008,
            55.3444316
          ]
        ]
      },
      "id": "way/409229529"
    },
    {
      "type": "Feature",
      "properties": {
        "@id": "way/409229781",
        "highway": "primary",
        "lanes": "3",
        "maxspeed": "RU:urban",
        "name": "проспект Ленина",
        "name:etymology:wikidata": "Q1394",
        "name:ru": "проспект Ленина",
        "oneway": "yes",
        "surface": "asphalt"
      },
      "geometry": {
        "type": "LineString",
        "coordinates": [
          [
            86.0914301,
            55.3445368
          ],
          [
            86.0892964,
            55.3445227
          ],
          [
            86.0889126,
            55.3445251
          ]
        ]
      },
      "id": "way/409229781"
    },
    {
      "type": "Feature",
      "properties": {
        "@id": "way/409229782",
        "bridge": "yes",
        "highway": "primary",
        "lanes": "2",
        "layer": "1",
        "maxspeed": "RU:urban",
        "name": "проспект Ленина",
        "name:etymology:wikidata": "Q1394",
        "name:ru": "проспект Ленина",
        "oneway": "yes",
        "surface": "asphalt"
      },
      "geometry": {
        "type": "LineString",
        "coordinates": [
          [
            86.092607,
            55.3445483
          ],
          [
            86.0914301,
            55.3445368
          ]
        ]
      },
      "id": "way/409229782"
    },
    {
      "type": "Feature",
      "properties": {
        "@id": "way/424869283",
        "highway": "secondary",
        "lanes": "3",
        "maxspeed": "RU:urban",
        "name": "бульвар Строителей",
        "oneway": "yes",
        "surface": "asphalt"
      },
      "geometry": {
        "type": "LineString",
        "coordinates": [
          [
            86.1637444,
            55.3480927
          ],
          [
            86.1632152,
            55.3486624
          ]
        ]
      },
      "id": "way/424869283"
    },
    {
      "type": "Feature",
      "properties": {
        "@id": "way/424869284",
        "highway": "secondary",
        "lanes": "3",
        "maxspeed": "RU:urban",
        "name": "бульвар Строителей",
        "oneway": "yes",
        "surface": "asphalt"
      },
      "geometry": {
        "type": "LineString",
        "coordinates": [
          [
            86.1652887,
            55.3463981
          ],
          [
            86.1640067,
            55.3478048
          ],
          [
            86.1637444,
            55.3480927
          ]
        ]
      },
      "id": "way/424869284"
    },
    {
      "type": "Feature",
      "properties": {
        "@id": "way/433205968",
        "highway": "secondary",
        "lanes": "3",
        "maxspeed": "RU:urban",
        "name": "бульвар Строителей",
        "oneway": "yes",
        "surface": "asphalt"
      },
      "geometry": {
        "type": "LineString",
        "coordinates": [
          [
            86.1595421,
            55.3526809
          ],
          [
            86.1593996,
            55.3528313
          ],
          [
            86.1593819,
            55.35285
          ],
          [
            86.159341,
            55.3528952
          ],
          [
            86.1591585,
            55.3530855
          ],
          [
            86.159097,
            55.3531504
          ],
          [
            86.1589222,
            55.3533348
          ],
          [
            86.1576838,
            55.3546412
          ],
          [
            86.1576218,
            55.3547066
          ],
          [
            86.1574754,
            55.3548611
          ]
        ]
      },
      "id": "way/433205968"
    },
    {
      "type": "Feature",
      "properties": {
        "@id": "way/433205969",
        "highway": "secondary",
        "lanes": "3",
        "maxspeed": "RU:urban",
        "name": "бульвар Строителей",
        "oneway": "yes",
        "surface": "asphalt"
      },
      "geometry": {
        "type": "LineString",
        "coordinates": [
          [
            86.1605568,
            55.3515417
          ],
          [
            86.1595421,
            55.3526809
          ]
        ]
      },
      "id": "way/433205969"
    },
    {
      "type": "Feature",
      "properties": {
        "@id": "way/433205970",
        "highway": "secondary",
        "lanes": "3",
        "maxspeed": "RU:urban",
        "name": "бульвар Строителей",
        "oneway": "yes",
        "surface": "asphalt"
      },
      "geometry": {
        "type": "LineString",
        "coordinates": [
          [
            86.1610979,
            55.3509615
          ],
          [
            86.1606536,
            55.3514382
          ],
          [
            86.1606119,
            55.3514824
          ],
          [
            86.1605568,
            55.3515417
          ]
        ]
      },
      "id": "way/433205970"
    },
    {
      "type": "Feature",
      "properties": {
        "@id": "way/438363495",
        "highway": "primary",
        "lanes": "3",
        "maxspeed": "RU:urban",
        "name": "Кузнецкий проспект",
        "name:ru": "Кузнецкий проспект",
        "oneway": "yes",
        "surface": "asphalt"
      },
      "geometry": {
        "type": "LineString",
        "coordinates": [
          [
            86.0669833,
            55.3566658
          ],
          [
            86.0668872,
            55.3565314
          ],
          [
            86.06685,
            55.3564794
          ],
          [
            86.0661208,
            55.3554418
          ],
          [
            86.065566,
            55.3546951
          ],
          [
            86.0653016,
            55.3543109
          ]
        ]
      },
      "id": "way/438363495"
    },
    {
      "type": "Feature",
      "properties": {
        "@id": "way/438368263",
        "highway": "secondary",
        "lanes": "2",
        "maxspeed": "RU:urban",
        "name": "Ленинградский проспект",
        "surface": "asphalt"
      },
      "geometry": {
        "type": "LineString",
        "coordinates": [
          [
            86.1782722,
            55.343953
          ],
          [
            86.1783977,
            55.3438141
          ],
          [
            86.1786555,
            55.3435344
          ],
          [
            86.1786874,
            55.3434967
          ],
          [
            86.1791132,
            55.3430225
          ],
          [
            86.1793674,
            55.3427631
          ],
          [
            86.1801033,
            55.3419692
          ],
          [
            86.1809619,
            55.341043
          ],
          [
            86.181009,
            55.3409922
          ],
          [
            86.1815153,
            55.340446
          ],
          [
            86.1816337,
            55.3403182
          ],
          [
            86.1817387,
            55.3402065
          ],
          [
            86.1817947,
            55.3401458
          ],
          [
            86.1824279,
            55.3394614
          ],
          [
            86.1832619,
            55.3385617
          ],
          [
            86.1835435,
            55.3382578
          ],
          [
            86.1842975,
            55.3373864
          ],
          [
            86.1846561,
            55.3369873
          ],
          [
            86.1850931,
            55.3365156
          ],
          [
            86.1854082,
            55.3361755
          ],
          [
            86.1855311,
            55.3360465
          ]
        ]
      },
      "id": "way/438368263"
    },
    {
      "type": "Feature",
      "properties": {
        "@id": "way/443928269",
        "highway": "secondary",
        "lanes": "2",
        "maxspeed": "RU:urban",
        "name": "улица 1-я Линия",
        "surface": "asphalt"
      },
      "geometry": {
        "type": "LineString",
        "coordinates": [
          [
            86.069371,
            55.3188857
          ],
          [
            86.0695815,
            55.3187141
          ],
          [
            86.0707048,
            55.3181104
          ],
          [
            86.0709027,
            55.3180005
          ],
          [
            86.0711188,
            55.3178861
          ],
          [
            86.0722076,
            55.3172888
          ],
          [
            86.0722736,
            55.3172526
          ],
          [
            86.0729242,
            55.3168098
          ],
          [
            86.0731474,
            55.3166248
          ],
          [
            86.0732613,
            55.3165304
          ],
          [
            86.0732836,
            55.3165056
          ],
          [
            86.0735876,
            55.3161678
          ],
          [
            86.0737773,
            55.315913
          ],
          [
            86.0741607,
            55.3154629
          ],
          [
            86.074883,
            55.314611
          ],
          [
            86.075171,
            55.3142512
          ],
          [
            86.0752189,
            55.3141809
          ],
          [
            86.0752667,
            55.3141105
          ],
          [
            86.0761039,
            55.313067
          ],
          [
            86.0763979,
            55.3127504
          ],
          [
            86.0765862,
            55.3126301
          ],
          [
            86.0770215,
            55.3123707
          ],
          [
            86.0771097,
            55.3123182
          ]
        ]
      },
      "id": "way/443928269"
    },
    {
      "type": "Feature",
      "properties": {
        "@id": "way/444354876",
        "highway": "secondary",
        "lanes": "3",
        "maxspeed": "RU:urban",
        "name": "бульвар Строителей",
        "oneway": "yes",
        "surface": "asphalt"
      },
      "geometry": {
        "type": "LineString",
        "coordinates": [
          [
            86.1698089,
            55.341534
          ],
          [
            86.1697264,
            55.3416229
          ],
          [
            86.1691621,
            55.3422306
          ],
          [
            86.1683263,
            55.3431308
          ],
          [
            86.1676006,
            55.3439123
          ],
          [
            86.1675134,
            55.3440062
          ],
          [
            86.1663115,
            55.3453006
          ]
        ]
      },
      "id": "way/444354876"
    },
    {
      "type": "Feature",
      "properties": {
        "@id": "way/444354877",
        "highway": "secondary",
        "lanes": "3",
        "maxspeed": "RU:urban",
        "name": "бульвар Строителей",
        "oneway": "yes",
        "surface": "asphalt"
      },
      "geometry": {
        "type": "LineString",
        "coordinates": [
          [
            86.1714989,
            55.3396577
          ],
          [
            86.1712271,
            55.3399763
          ],
          [
            86.1709824,
            55.3402489
          ],
          [
            86.1708566,
            55.3403891
          ]
        ]
      },
      "id": "way/444354877"
    },
    {
      "type": "Feature",
      "properties": {
        "@id": "way/446762827",
        "highway": "secondary",
        "lanes": "2",
        "maxspeed": "RU:urban",
        "name": "Притомский проспект",
        "name:ru": "Притомский проспект",
        "oneway": "yes",
        "sidewalk": "no",
        "surface": "asphalt"
      },
      "geometry": {
        "type": "LineString",
        "coordinates": [
          [
            86.131836,
            55.3571374
          ],
          [
            86.130799,
            55.3569071
          ],
          [
            86.1289866,
            55.3564279
          ],
          [
            86.1273637,
            55.3559989
          ],
          [
            86.1245506,
            55.3552552
          ],
          [
            86.123921,
            55.3550945
          ],
          [
            86.1234491,
            55.3549893
          ],
          [
            86.1228182,
            55.3548687
          ],
          [
            86.1220871,
            55.3547843
          ],
          [
            86.1216495,
            55.3547492
          ],
          [
            86.1207721,
            55.3547239
          ],
          [
            86.1201753,
            55.3547176
          ],
          [
            86.11798,
            55.3546944
          ],
          [
            86.1174728,
            55.354689
          ],
          [
            86.1169982,
            55.3546842
          ],
          [
            86.1140302,
            55.3546524
          ]
        ]
      },
      "id": "way/446762827"
    },
    {
      "type": "Feature",
      "properties": {
        "@id": "way/455018045",
        "highway": "secondary",
        "lanes": "3",
        "maxspeed": "RU:urban",
        "name": "бульвар Строителей",
        "oneway": "yes",
        "surface": "asphalt"
      },
      "geometry": {
        "type": "LineString",
        "coordinates": [
          [
            86.1752136,
            55.3356077
          ],
          [
            86.1744948,
            55.3363974
          ],
          [
            86.1741088,
            55.3368215
          ],
          [
            86.1740692,
            55.336865
          ]
        ]
      },
      "id": "way/455018045"
    },
    {
      "type": "Feature",
      "properties": {
        "@id": "way/459354772",
        "highway": "secondary",
        "lanes": "2",
        "maxspeed": "60",
        "name": "улица 1-я Линия",
        "surface": "asphalt"
      },
      "geometry": {
        "type": "LineString",
        "coordinates": [
          [
            86.0772892,
            55.3122273
          ],
          [
            86.0774341,
            55.3121469
          ],
          [
            86.0785411,
            55.3114401
          ],
          [
            86.0786742,
            55.3113741
          ],
          [
            86.0802596,
            55.3104257
          ],
          [
            86.0831739,
            55.3086249
          ],
          [
            86.0842973,
            55.3079143
          ],
          [
            86.0846312,
            55.3077031
          ],
          [
            86.0847835,
            55.3075804
          ],
          [
            86.0849404,
            55.3074216
          ],
          [
            86.0850541,
            55.3072548
          ],
          [
            86.085104,
            55.3071194
          ],
          [
            86.0851433,
            55.3069742
          ],
          [
            86.0852414,
            55.3064567
          ],
          [
            86.0855611,
            55.3047706
          ]
        ]
      },
      "id": "way/459354772"
    },
    {
      "type": "Feature",
      "properties": {
        "@id": "way/459354775",
        "highway": "primary",
        "lanes": "5",
        "lanes:backward": "3",
        "lanes:forward": "2",
        "maxspeed": "RU:urban",
        "name": "улица Баумана"
      },
      "geometry": {
        "type": "LineString",
        "coordinates": [
          [
            86.0929352,
            55.3206528
          ],
          [
            86.093144,
            55.3205199
          ],
          [
            86.0932411,
            55.3204601
          ],
          [
            86.0948433,
            55.3194724
          ]
        ]
      },
      "id": "way/459354775"
    },
    {
      "type": "Feature",
      "properties": {
        "@id": "way/459474493",
        "highway": "primary",
        "lanes": "2",
        "maxspeed": "RU:urban",
        "name": "Красноармейская улица",
        "name:etymology:wikidata": "Q251395",
        "oneway": "yes",
        "surface": "asphalt"
      },
      "geometry": {
        "type": "LineString",
        "coordinates": [
          [
            86.0627708,
            55.3536345
          ],
          [
            86.0622698,
            55.3537474
          ],
          [
            86.0610587,
            55.3540357
          ],
          [
            86.0607312,
            55.3541137
          ],
          [
            86.0603394,
            55.3542058
          ],
          [
            86.0597914,
            55.3543397
          ],
          [
            86.0571219,
            55.3549747
          ],
          [
            86.0539112,
            55.3557084
          ],
          [
            86.0533319,
            55.3558445
          ],
          [
            86.0520528,
            55.3561451
          ],
          [
            86.0513476,
            55.3563054
          ],
          [
            86.0508866,
            55.3564098
          ],
          [
            86.0477127,
            55.3571406
          ],
          [
            86.0465052,
            55.3574186
          ]
        ]
      },
      "id": "way/459474493"
    },
    {
      "type": "Feature",
      "properties": {
        "@id": "way/459476205",
        "highway": "primary",
        "lanes": "2",
        "maxspeed": "RU:urban",
        "name": "Октябрьский проспект",
        "name:etymology:wikidata": "Q42976",
        "name:ru": "Октябрьский проспект",
        "oneway": "yes",
        "surface": "asphalt"
      },
      "geometry": {
        "type": "LineString",
        "coordinates": [
          [
            86.1267736,
            55.3487058
          ],
          [
            86.1266136,
            55.3487034
          ],
          [
            86.1260071,
            55.3486996
          ],
          [
            86.1255136,
            55.3486965
          ],
          [
            86.124108,
            55.3486823
          ],
          [
            86.1236221,
            55.3486782
          ],
          [
            86.1233755,
            55.3486761
          ],
          [
            86.1222556,
            55.3486497
          ]
        ]
      },
      "id": "way/459476205"
    },
    {
      "type": "Feature",
      "properties": {
        "@id": "way/459476208",
        "highway": "secondary",
        "ref": "32К-89",
        "surface": "asphalt"
      },
      "geometry": {
        "type": "LineString",
        "coordinates": [
          [
            86.1978748,
            55.3360784
          ],
          [
            86.1982767,
            55.3354961
          ],
          [
            86.1991165,
            55.3341814
          ],
          [
            86.1992029,
            55.3340379
          ],
          [
            86.2010556,
            55.3308689
          ],
          [
            86.2011656,
            55.3306582
          ],
          [
            86.2012238,
            55.3304987
          ],
          [
            86.2012687,
            55.3300471
          ]
        ]
      },
      "id": "way/459476208"
    },
    {
      "type": "Feature",
      "properties": {
        "@id": "way/459479768",
        "highway": "secondary",
        "name": "Рабочая улица",
        "surface": "asphalt"
      },
      "geometry": {
        "type": "LineString",
        "coordinates": [
          [
            86.0370138,
            55.3440896
          ],
          [
            86.0374015,
            55.3446344
          ],
          [
            86.0378018,
            55.3451968
          ],
          [
            86.0378267,
            55.3452318
          ],
          [
            86.0378392,
            55.3452494
          ],
          [
            86.0400102,
            55.3482996
          ],
          [
            86.04208,
            55.3512075
          ],
          [
            86.042949,
            55.3524278
          ],
          [
            86.0432787,
            55.3528915
          ],
          [
            86.0447823,
            55.3550036
          ],
          [
            86.0464571,
            55.3573512
          ]
        ]
      },
      "id": "way/459479768"
    },
    {
      "type": "Feature",
      "properties": {
        "@id": "way/459479770",
        "highway": "primary",
        "lanes": "4",
        "maxspeed": "RU:urban",
        "name": "Советский проспект",
        "name:ru": "Советский проспект",
        "oneway": "yes",
        "surface": "asphalt"
      },
      "geometry": {
        "type": "LineString",
        "coordinates": [
          [
            86.0762975,
            55.3575683
          ],
          [
            86.0760074,
            55.3576361
          ]
        ]
      },
      "id": "way/459479770"
    },
    {
      "type": "Feature",
      "properties": {
        "@id": "way/459479772",
        "highway": "primary",
        "lanes": "2",
        "maxspeed": "60",
        "name": "улица Кирова",
        "name:etymology:wikidata": "Q207682",
        "name:ru": "улица Кирова",
        "oneway": "yes",
        "surface": "asphalt"
      },
      "geometry": {
        "type": "LineString",
        "coordinates": [
          [
            86.0760074,
            55.3576361
          ],
          [
            86.0759846,
            55.3575769
          ],
          [
            86.075978,
            55.3575028
          ]
        ]
      },
      "id": "way/459479772"
    },
    {
      "type": "Feature",
      "properties": {
        "@id": "way/459479774",
        "highway": "primary",
        "lanes": "2",
        "maxspeed": "RU:urban",
        "name": "Октябрьский проспект",
        "name:etymology:wikidata": "Q42976",
        "name:ru": "Октябрьский проспект",
        "oneway": "yes",
        "surface": "asphalt"
      },
      "geometry": {
        "type": "LineString",
        "coordinates": [
          [
            86.1080905,
            55.3485503
          ],
          [
            86.1078868,
            55.3485457
          ],
          [
            86.1071084,
            55.3485392
          ],
          [
            86.1067137,
            55.3485359
          ],
          [
            86.1033146,
            55.3485073
          ],
          [
            86.1024144,
            55.3484996
          ],
          [
            86.1016375,
            55.3484929
          ],
          [
            86.1014455,
            55.3485007
          ],
          [
            86.1012965,
            55.3485097
          ],
          [
            86.101195,
            55.3485227
          ]
        ]
      },
      "id": "way/459479774"
    },
    {
      "type": "Feature",
      "properties": {
        "@id": "way/459480474",
        "highway": "primary",
        "lanes": "2",
        "maxspeed": "60",
        "name": "улица Нахимова",
        "oneway": "yes",
        "surface": "asphalt"
      },
      "geometry": {
        "type": "LineString",
        "coordinates": [
          [
            86.0894795,
            55.385695
          ],
          [
            86.0894554,
            55.3856671
          ],
          [
            86.0893591,
            55.3855473
          ],
          [
            86.0893256,
            55.3855089
          ],
          [
            86.089248,
            55.3854154
          ]
        ]
      },
      "id": "way/459480474"
    },
    {
      "type": "Feature",
      "properties": {
        "@id": "way/459537297",
        "highway": "secondary",
        "lanes": "4",
        "maxspeed": "RU:urban",
        "name": "Базовая улица"
      },
      "geometry": {
        "type": "LineString",
        "coordinates": [
          [
            86.069371,
            55.3188857
          ],
          [
            86.0696563,
            55.3190989
          ],
          [
            86.0696646,
            55.3191043
          ],
          [
            86.0708309,
            55.3198611
          ],
          [
            86.0709299,
            55.3199288
          ],
          [
            86.0720359,
            55.3206851
          ]
        ]
      },
      "id": "way/459537297"
    },
    {
      "type": "Feature",
      "properties": {
        "@id": "way/459537299",
        "highway": "secondary",
        "lanes": "2",
        "maxspeed": "RU:urban",
        "surface": "asphalt"
      },
      "geometry": {
        "type": "LineString",
        "coordinates": [
          [
            86.0771097,
            55.3123182
          ],
          [
            86.0772035,
            55.3122707
          ],
          [
            86.0772524,
            55.3122459
          ],
          [
            86.0772892,
            55.3122273
          ]
        ]
      },
      "id": "way/459537299"
    },
    {
      "type": "Feature",
      "properties": {
        "@id": "way/459543239",
        "highway": "secondary",
        "lanes": "4",
        "maxspeed": "40",
        "name": "Космическая улица"
      },
      "geometry": {
        "type": "LineString",
        "coordinates": [
          [
            86.093773,
            55.3140291
          ],
          [
            86.0936368,
            55.3141403
          ],
          [
            86.093478,
            55.3142581
          ],
          [
            86.0934,
            55.3143056
          ],
          [
            86.0930858,
            55.3144974
          ]
        ]
      },
      "id": "way/459543239"
    },
    {
      "type": "Feature",
      "properties": {
        "@id": "way/473278131",
        "highway": "secondary",
        "lanes": "3",
        "maxspeed": "RU:urban",
        "name": "Красноармейская улица",
        "name:etymology:wikidata": "Q251395",
        "oneway": "yes",
        "surface": "asphalt"
      },
      "geometry": {
        "type": "LineString",
        "coordinates": [
          [
            86.0906782,
            55.3471698
          ],
          [
            86.0905028,
            55.3472096
          ],
          [
            86.089637,
            55.3474075
          ],
          [
            86.0891675,
            55.3475153
          ],
          [
            86.0877517,
            55.3478389
          ],
          [
            86.0875817,
            55.3478764
          ],
          [
            86.0874264,
            55.347911
          ],
          [
            86.0872048,
            55.3479599
          ],
          [
            86.0861843,
            55.3481938
          ],
          [
            86.0843931,
            55.3486064
          ],
          [
            86.0829968,
            55.348933
          ],
          [
            86.0828693,
            55.3489631
          ],
          [
            86.082641,
            55.3490158
          ]
        ]
      },
      "id": "way/473278131"
    },
    {
      "type": "Feature",
      "properties": {
        "@id": "way/480349728",
        "highway": "primary",
        "name": "улица Вахрушева",
        "oneway": "yes"
      },
      "geometry": {
        "type": "LineString",
        "coordinates": [
          [
            86.1392547,
            55.433881
          ],
          [
            86.1394052,
            55.4341238
          ],
          [
            86.1394461,
            55.4343327
          ],
          [
            86.1394794,
            55.4346024
          ],
          [
            86.1394224,
            55.4375617
          ]
        ]
      },
      "id": "way/480349728"
    },
    {
      "type": "Feature",
      "properties": {
        "@id": "way/480378131",
        "highway": "secondary",
        "lanes": "3",
        "maxspeed": "60",
        "name": "улица Сибиряков-Гвардейцев",
        "oneway": "yes",
        "surface": "asphalt"
      },
      "geometry": {
        "type": "LineString",
        "coordinates": [
          [
            86.09756,
            55.3361456
          ],
          [
            86.0972992,
            55.3361397
          ],
          [
            86.0927036,
            55.3360908
          ],
          [
            86.0854291,
            55.3360231
          ],
          [
            86.0845209,
            55.3360089
          ],
          [
            86.0826368,
            55.3359912
          ]
        ]
      },
      "id": "way/480378131"
    },
    {
      "type": "Feature",
      "properties": {
        "@id": "way/525039986",
        "highway": "secondary",
        "junction": "roundabout",
        "maxspeed": "60",
        "oneway": "yes"
      },
      "geometry": {
        "type": "LineString",
        "coordinates": [
          [
            86.0593321,
            55.3615225
          ],
          [
            86.0593284,
            55.3615954
          ],
          [
            86.0592972,
            55.3616684
          ],
          [
            86.0592191,
            55.3617393
          ],
          [
            86.0591081,
            55.3617942
          ],
          [
            86.0589739,
            55.3618285
          ],
          [
            86.058828,
            55.3618391
          ]
        ]
      },
      "id": "way/525039986"
    },
    {
      "type": "Feature",
      "properties": {
        "@id": "way/529335422",
        "highway": "secondary",
        "lanes": "4",
        "maxspeed": "RU:urban",
        "name": "Волгоградская улица",
        "name:uk": "Волгоградська вулиця"
      },
      "geometry": {
        "type": "LineString",
        "coordinates": [
          [
            86.1475779,
            55.355001
          ],
          [
            86.147588,
            55.3544998
          ],
          [
            86.1475914,
            55.3543318
          ],
          [
            86.1475999,
            55.3540496
          ],
          [
            86.1476029,
            55.3539661
          ]
        ]
      },
      "id": "way/529335422"
    },
    {
      "type": "Feature",
      "properties": {
        "@id": "way/529335423",
        "highway": "secondary",
        "lanes": "4",
        "maxspeed": "RU:urban",
        "name": "Волгоградская улица",
        "name:uk": "Волгоградська вулиця",
        "surface": "asphalt"
      },
      "geometry": {
        "type": "LineString",
        "coordinates": [
          [
            86.1475636,
            55.3557137
          ],
          [
            86.1475779,
            55.355001
          ]
        ]
      },
      "id": "way/529335423"
    },
    {
      "type": "Feature",
      "properties": {
        "@id": "way/529339918",
        "highway": "secondary",
        "lanes": "2",
        "name": "Инициативная улица"
      },
      "geometry": {
        "type": "LineString",
        "coordinates": [
          [
            86.0422398,
            55.404837
          ],
          [
            86.040835,
            55.4043975
          ]
        ]
      },
      "id": "way/529339918"
    },
    {
      "type": "Feature",
      "properties": {
        "@id": "way/543813324",
        "highway": "primary",
        "lanes": "4",
        "lanes:bus": "1",
        "maxspeed": "RU:urban",
        "name": "проспект Ленина",
        "name:etymology:wikidata": "Q1394",
        "name:ru": "проспект Ленина",
        "oneway": "yes",
        "surface": "asphalt"
      },
      "geometry": {
        "type": "LineString",
        "coordinates": [
          [
            86.1476973,
            55.3449196
          ],
          [
            86.1481183,
            55.3449291
          ],
          [
            86.148257,
            55.3449411
          ],
          [
            86.1484297,
            55.3449624
          ],
          [
            86.1485873,
            55.3449969
          ],
          [
            86.1487428,
            55.3450383
          ],
          [
            86.1494125,
            55.3452412
          ],
          [
            86.1508744,
            55.3456784
          ],
          [
            86.1541275,
            55.3466479
          ],
          [
            86.1542506,
            55.3466839
          ],
          [
            86.1544754,
            55.3467496
          ],
          [
            86.1546909,
            55.3468143
          ],
          [
            86.1549562,
            55.3468963
          ],
          [
            86.1559748,
            55.3472014
          ],
          [
            86.1568252,
            55.3474541
          ],
          [
            86.1585036,
            55.3479565
          ],
          [
            86.1603983,
            55.3485241
          ],
          [
            86.160961,
            55.3486896
          ]
        ]
      },
      "id": "way/543813324"
    },
    {
      "type": "Feature",
      "properties": {
        "@id": "way/550983825",
        "highway": "secondary",
        "lanes": "2",
        "maxspeed": "90",
        "name": "Центральная улица",
        "note": "Юрга не является \"большим городом\" (city), поэтому к нему ведут дороги класса secondary",
        "old_ref": "Р-384",
        "ref": "32Р-67"
      },
      "geometry": {
        "type": "LineString",
        "coordinates": [
          [
            85.931152,
            55.4124085
          ],
          [
            85.9296255,
            55.4133439
          ],
          [
            85.9290793,
            55.4136644
          ],
          [
            85.9287962,
            55.4138547
          ],
          [
            85.9284143,
            55.4141443
          ],
          [
            85.9278821,
            55.4145464
          ],
          [
            85.9276749,
            55.4147102
          ],
          [
            85.926782,
            55.4154364
          ],
          [
            85.9256621,
            55.4163366
          ],
          [
            85.9256432,
            55.416352
          ],
          [
            85.9254433,
            55.4165146
          ],
          [
            85.9247878,
            55.4170764
          ],
          [
            85.9245386,
            55.4172758
          ],
          [
            85.9242961,
            55.4174492
          ],
          [
            85.9241018,
            55.4175841
          ],
          [
            85.9239074,
            55.4177011
          ],
          [
            85.9236446,
            55.4178324
          ],
          [
            85.9223865,
            55.4184272
          ],
          [
            85.9221137,
            55.4185595
          ],
          [
            85.9216271,
            55.4188014
          ],
          [
            85.9211837,
            55.4190612
          ],
          [
            85.920706,
            55.4193798
          ],
          [
            85.9203247,
            55.4196629
          ],
          [
            85.9199276,
            55.4200039
          ],
          [
            85.9198483,
            55.4200823
          ],
          [
            85.9196545,
            55.4202653
          ],
          [
            85.9185079,
            55.4211959
          ],
          [
            85.9175274,
            55.4220252
          ]
        ]
      },
      "id": "way/550983825"
    },
    {
      "type": "Feature",
      "properties": {
        "@id": "way/553383844",
        "highway": "primary",
        "lanes": "3",
        "maxspeed": "RU:urban",
        "name": "улица Терешковой",
        "name:etymology:wikidata": "Q44371",
        "oneway": "yes",
        "surface": "asphalt"
      },
      "geometry": {
        "type": "LineString",
        "coordinates": [
          [
            86.1459639,
            55.3324167
          ],
          [
            86.14587,
            55.3325121
          ],
          [
            86.1454287,
            55.3329688
          ],
          [
            86.1450836,
            55.3333528
          ],
          [
            86.1447818,
            55.3336741
          ],
          [
            86.1445826,
            55.3338869
          ]
        ]
      },
      "id": "way/553383844"
    },
    {
      "type": "Feature",
      "properties": {
        "@id": "way/611033349",
        "highway": "primary",
        "lanes": "4",
        "maxspeed": "RU:urban",
        "name": "Кузнецкий проспект",
        "name:uk": "Кузнецький проспект",
        "oneway": "yes"
      },
      "geometry": {
        "type": "LineString",
        "coordinates": [
          [
            86.0618892,
            55.3447683
          ],
          [
            86.0618944,
            55.3446572
          ]
        ]
      },
      "id": "way/611033349"
    },
    {
      "type": "Feature",
      "properties": {
        "@id": "way/611033350",
        "highway": "secondary",
        "lanes": "2",
        "maxspeed": "RU:urban",
        "name": "улица Юрия Двужильного",
        "oneway": "yes"
      },
      "geometry": {
        "type": "LineString",
        "coordinates": [
          [
            86.0899201,
            55.3121241
          ],
          [
            86.0887108,
            55.3114899
          ],
          [
            86.0880515,
            55.311142
          ],
          [
            86.087012,
            55.3105903
          ],
          [
            86.0868778,
            55.3105214
          ]
        ]
      },
      "id": "way/611033350"
    },
    {
      "type": "Feature",
      "properties": {
        "@id": "way/628263900",
        "highway": "secondary",
        "lanes": "3",
        "maxspeed": "RU:urban",
        "name": "бульвар Строителей",
        "oneway": "yes",
        "surface": "asphalt"
      },
      "geometry": {
        "type": "LineString",
        "coordinates": [
          [
            86.1761891,
            55.3345488
          ],
          [
            86.1759862,
            55.3347691
          ],
          [
            86.1759271,
            55.3348332
          ],
          [
            86.1752136,
            55.3356077
          ]
        ]
      },
      "id": "way/628263900"
    },
    {
      "type": "Feature",
      "properties": {
        "@id": "way/629736585",
        "highway": "secondary",
        "maxspeed": "60",
        "name": "Восточный проспект",
        "ref": "32К-89",
        "surface": "asphalt"
      },
      "geometry": {
        "type": "LineString",
        "coordinates": [
          [
            86.197361,
            55.3449089
          ],
          [
            86.1976549,
            55.3445856
          ],
          [
            86.1977365,
            55.3444687
          ],
          [
            86.1977944,
            55.3442973
          ],
          [
            86.197848,
            55.3440777
          ],
          [
            86.1978769,
            55.3438237
          ],
          [
            86.1978722,
            55.3436102
          ],
          [
            86.1977879,
            55.3433276
          ],
          [
            86.1971337,
            55.3421429
          ],
          [
            86.1968475,
            55.341638
          ],
          [
            86.1967805,
            55.3414603
          ],
          [
            86.1967496,
            55.3412418
          ],
          [
            86.1967774,
            55.3409564
          ],
          [
            86.196937,
            55.340229
          ],
          [
            86.1971795,
            55.3390894
          ],
          [
            86.1973758,
            55.3381315
          ],
          [
            86.1975144,
            55.3374097
          ],
          [
            86.197685,
            55.3366084
          ],
          [
            86.1977863,
            55.3362929
          ],
          [
            86.1978748,
            55.3360784
          ]
        ]
      },
      "id": "way/629736585"
    },
    {
      "type": "Feature",
      "properties": {
        "@id": "way/641166114",
        "highway": "primary",
        "lanes": "2",
        "maxspeed": "RU:urban",
        "name": "Советский проспект",
        "name:ru": "Советский проспект",
        "oneway": "yes",
        "surface": "asphalt"
      },
      "geometry": {
        "type": "LineString",
        "coordinates": [
          [
            86.0950817,
            55.3515916
          ],
          [
            86.0923163,
            55.3529283
          ],
          [
            86.0921068,
            55.3530296
          ]
        ]
      },
      "id": "way/641166114"
    },
    {
      "type": "Feature",
      "properties": {
        "@id": "way/647967203",
        "highway": "primary",
        "lanes": "4",
        "lanes:bus": "1",
        "maxspeed": "RU:urban",
        "name": "проспект Ленина",
        "name:etymology:wikidata": "Q1394",
        "name:ru": "проспект Ленина",
        "oneway": "yes",
        "surface": "asphalt"
      },
      "geometry": {
        "type": "LineString",
        "coordinates": [
          [
            86.1315412,
            55.344911
          ],
          [
            86.1293567,
            55.3448937
          ],
          [
            86.1287655,
            55.3448901
          ],
          [
            86.1273765,
            55.3448764
          ],
          [
            86.1268615,
            55.344872
          ]
        ]
      },
      "id": "way/647967203"
    },
    {
      "type": "Feature",
      "properties": {
        "@id": "way/648996725",
        "highway": "secondary",
        "lanes": "2",
        "maxspeed": "RU:urban",
        "name": "Космическая улица"
      },
      "geometry": {
        "type": "LineString",
        "coordinates": [
          [
            86.0877415,
            55.3178248
          ],
          [
            86.0876226,
            55.317933
          ],
          [
            86.0874593,
            55.3180324
          ],
          [
            86.0848669,
            55.3196104
          ]
        ]
      },
      "id": "way/648996725"
    },
    {
      "type": "Feature",
      "properties": {
        "@id": "way/655867572",
        "highway": "primary",
        "lanes": "2",
        "maxspeed": "RU:urban",
        "name": "улица Юрия Двужильного",
        "oneway": "yes"
      },
      "geometry": {
        "type": "LineString",
        "coordinates": [
          [
            86.0998871,
            55.317412
          ],
          [
            86.1000821,
            55.3175177
          ],
          [
            86.1010619,
            55.318049
          ],
          [
            86.1014282,
            55.3182477
          ]
        ]
      },
      "id": "way/655867572"
    },
    {
      "type": "Feature",
      "properties": {
        "@id": "way/658253165",
        "highway": "secondary",
        "lanes": "2",
        "maxspeed": "RU:urban",
        "name": "улица Кирзавод 3-бис",
        "note": "Юрга не является \"большим городом\" (city), поэтому к нему ведут дороги класса secondary"
      },
      "geometry": {
        "type": "LineString",
        "coordinates": [
          [
            86.0018864,
            55.3619249
          ],
          [
            86.0016283,
            55.3619768
          ],
          [
            86.0014755,
            55.3620454
          ],
          [
            86.0013789,
            55.3621445
          ],
          [
            86.0011214,
            55.3627238
          ],
          [
            86.0001561,
            55.3643851
          ],
          [
            85.999276,
            55.3657651
          ],
          [
            85.9991594,
            55.3658954
          ],
          [
            85.9990319,
            55.3660222
          ],
          [
            85.9988557,
            55.3661631
          ],
          [
            85.9984782,
            55.366455
          ],
          [
            85.998326,
            55.3665986
          ],
          [
            85.9982928,
            55.366633
          ],
          [
            85.9982289,
            55.3666991
          ]
        ]
      },
      "id": "way/658253165"
    },
    {
      "type": "Feature",
      "properties": {
        "@id": "way/665014330",
        "highway": "secondary",
        "lanes": "3",
        "maxspeed": "RU:urban",
        "name": "бульвар Строителей",
        "oneway": "yes",
        "surface": "asphalt"
      },
      "geometry": {
        "type": "LineString",
        "coordinates": [
          [
            86.1574754,
            55.3548611
          ],
          [
            86.1568055,
            55.3555851
          ],
          [
            86.1562544,
            55.3562085
          ],
          [
            86.1560485,
            55.3563905
          ],
          [
            86.1559297,
            55.356468
          ],
          [
            86.1558133,
            55.3565245
          ],
          [
            86.1556126,
            55.3566077
          ],
          [
            86.1555442,
            55.3566488
          ],
          [
            86.1555171,
            55.3566785
          ],
          [
            86.1554981,
            55.356714
          ]
        ]
      },
      "id": "way/665014330"
    },
    {
      "type": "Feature",
      "properties": {
        "@id": "way/697059993",
        "highway": "primary",
        "lanes": "2",
        "maxspeed": "RU:urban",
        "name": "Октябрьский проспект",
        "name:etymology:wikidata": "Q42976",
        "name:ru": "Октябрьский проспект",
        "oneway": "yes",
        "surface": "asphalt"
      },
      "geometry": {
        "type": "LineString",
        "coordinates": [
          [
            86.1141284,
            55.3485983
          ],
          [
            86.1120095,
            55.3485803
          ],
          [
            86.1118799,
            55.3485793
          ],
          [
            86.1118062,
            55.3485787
          ],
          [
            86.1112925,
            55.3485761
          ],
          [
            86.1104551,
            55.3485719
          ],
          [
            86.1094877,
            55.3485592
          ],
          [
            86.1087681,
            55.3485532
          ],
          [
            86.1083926,
            55.34855
          ],
          [
            86.1080905,
            55.3485503
          ]
        ]
      },
      "id": "way/697059993"
    },
    {
      "type": "Feature",
      "properties": {
        "@id": "way/697059994",
        "highway": "primary",
        "lanes": "2",
        "maxspeed": "RU:urban",
        "name": "Октябрьский проспект",
        "name:etymology:wikidata": "Q42976",
        "name:ru": "Октябрьский проспект",
        "oneway": "yes",
        "surface": "asphalt"
      },
      "geometry": {
        "type": "LineString",
        "coordinates": [
          [
            86.114131,
            55.3485145
          ],
          [
            86.1141654,
            55.3485145
          ]
        ]
      },
      "id": "way/697059994"
    },
    {
      "type": "Feature",
      "properties": {
        "@id": "way/697059995",
        "highway": "primary",
        "lanes": "2",
        "maxspeed": "RU:urban",
        "name": "Октябрьский проспект",
        "name:etymology:wikidata": "Q42976",
        "name:ru": "Октябрьский проспект",
        "oneway": "yes",
        "surface": "asphalt"
      },
      "geometry": {
        "type": "LineString",
        "coordinates": [
          [
            86.1141654,
            55.3485145
          ],
          [
            86.116292,
            55.3485294
          ],
          [
            86.1171458,
            55.3485365
          ],
          [
            86.1182529,
            55.3485457
          ],
          [
            86.1188751,
            55.3485509
          ],
          [
            86.1193619,
            55.348555
          ],
          [
            86.1203011,
            55.3485628
          ],
          [
            86.1222583,
            55.3485834
          ]
        ]
      },
      "id": "way/697059995"
    },
    {
      "type": "Feature",
      "properties": {
        "@id": "way/697900222",
        "highway": "secondary",
        "lanes": "2",
        "maxspeed": "RU:urban",
        "name": "Октябрьский проспект",
        "name:etymology:wikidata": "Q42976",
        "name:ru": "Октябрьский проспект",
        "oneway": "yes",
        "surface": "asphalt"
      },
      "geometry": {
        "type": "LineString",
        "coordinates": [
          [
            86.1477855,
            55.3496833
          ],
          [
            86.1483014,
            55.349846
          ],
          [
            86.1490122,
            55.3500574
          ],
          [
            86.1497866,
            55.3502878
          ],
          [
            86.1501079,
            55.3503837
          ],
          [
            86.1526454,
            55.3511413
          ],
          [
            86.1537083,
            55.3514586
          ],
          [
            86.1538775,
            55.3515091
          ],
          [
            86.1545468,
            55.3517089
          ],
          [
            86.1550776,
            55.3518674
          ],
          [
            86.1572563,
            55.3525178
          ],
          [
            86.1574222,
            55.3525673
          ],
          [
            86.1576514,
            55.3526357
          ]
        ]
      },
      "id": "way/697900222"
    },
    {
      "type": "Feature",
      "properties": {
        "@id": "way/697900223",
        "highway": "secondary",
        "maxspeed": "RU:urban",
        "name": "Волгоградская улица",
        "name:uk": "Волгоградська вулиця",
        "surface": "asphalt"
      },
      "geometry": {
        "type": "LineString",
        "coordinates": [
          [
            86.1477855,
            55.3496833
          ],
          [
            86.1478068,
            55.3494659
          ],
          [
            86.1478095,
            55.3494059
          ],
          [
            86.1478255,
            55.3490523
          ],
          [
            86.1478515,
            55.3484772
          ]
        ]
      },
      "id": "way/697900223"
    },
    {
      "type": "Feature",
      "properties": {
        "@id": "way/697900224",
        "highway": "secondary",
        "lanes": "2",
        "maxspeed": "RU:urban",
        "name": "Октябрьский проспект",
        "name:etymology:wikidata": "Q42976",
        "oneway": "yes",
        "surface": "asphalt"
      },
      "geometry": {
        "type": "LineString",
        "coordinates": [
          [
            86.1477755,
            55.3497667
          ],
          [
            86.1473428,
            55.3496459
          ],
          [
            86.1471284,
            55.3495814
          ],
          [
            86.1455609,
            55.3491096
          ],
          [
            86.1451748,
            55.3490008
          ],
          [
            86.1447015,
            55.3489066
          ],
          [
            86.1442977,
            55.3488544
          ],
          [
            86.1440786,
            55.3488503
          ],
          [
            86.1424767,
            55.348837
          ],
          [
            86.1423543,
            55.348836
          ],
          [
            86.142068,
            55.3488335
          ],
          [
            86.1413898,
            55.3488277
          ],
          [
            86.1394045,
            55.348811
          ],
          [
            86.1381896,
            55.3488007
          ]
        ]
      },
      "id": "way/697900224"
    },
    {
      "type": "Feature",
      "properties": {
        "@id": "way/698850823",
        "highway": "secondary",
        "lanes": "4",
        "maxspeed": "RU:urban",
        "name": "Комсомольский проспект",
        "oneway": "yes",
        "surface": "asphalt"
      },
      "geometry": {
        "type": "LineString",
        "coordinates": [
          [
            86.189216,
            55.3457843
          ],
          [
            86.188767,
            55.3462924
          ],
          [
            86.1886862,
            55.3463713
          ],
          [
            86.1886133,
            55.3464479
          ],
          [
            86.188591,
            55.3464985
          ],
          [
            86.1885884,
            55.346555
          ],
          [
            86.1886015,
            55.3466016
          ]
        ]
      },
      "id": "way/698850823"
    },
    {
      "type": "Feature",
      "properties": {
        "@id": "way/698850824",
        "highway": "secondary",
        "lanes": "4",
        "maxspeed": "RU:urban",
        "name": "Комсомольский проспект",
        "oneway": "yes",
        "surface": "asphalt"
      },
      "geometry": {
        "type": "LineString",
        "coordinates": [
          [
            86.1901214,
            55.3447993
          ],
          [
            86.1900321,
            55.3448967
          ],
          [
            86.1898132,
            55.3451362
          ]
        ]
      },
      "id": "way/698850824"
    },
    {
      "type": "Feature",
      "properties": {
        "@id": "way/698850825",
        "highway": "secondary",
        "lanes": "4",
        "maxspeed": "RU:urban",
        "name": "Комсомольский проспект",
        "oneway": "yes",
        "surface": "asphalt"
      },
      "geometry": {
        "type": "LineString",
        "coordinates": [
          [
            86.1898132,
            55.3451362
          ],
          [
            86.189216,
            55.3457843
          ]
        ]
      },
      "id": "way/698850825"
    },
    {
      "type": "Feature",
      "properties": {
        "@id": "way/698858030",
        "highway": "primary",
        "lanes": "2",
        "maxspeed": "RU:urban",
        "name": "улица Тухачевского",
        "oneway": "yes",
        "surface": "asphalt"
      },
      "geometry": {
        "type": "LineString",
        "coordinates": [
          [
            86.1317343,
            55.3355167
          ],
          [
            86.1317564,
            55.334988
          ],
          [
            86.1317733,
            55.3344066
          ],
          [
            86.1318027,
            55.3338857
          ],
          [
            86.1318087,
            55.3337323
          ]
        ]
      },
      "id": "way/698858030"
    },
    {
      "type": "Feature",
      "properties": {
        "@id": "way/698862235",
        "highway": "secondary",
        "lanes": "3",
        "maxspeed": "RU:urban",
        "name": "Молодёжный проспект",
        "oneway": "yes",
        "surface": "asphalt"
      },
      "geometry": {
        "type": "LineString",
        "coordinates": [
          [
            86.1304319,
            55.3295992
          ],
          [
            86.131116,
            55.3298134
          ],
          [
            86.1316542,
            55.3299714
          ],
          [
            86.1319129,
            55.3300454
          ]
        ]
      },
      "id": "way/698862235"
    },
    {
      "type": "Feature",
      "properties": {
        "@id": "way/698862614",
        "highway": "secondary",
        "lanes": "3",
        "maxspeed": "RU:urban",
        "name": "Молодёжный проспект",
        "oneway": "yes",
        "surface": "asphalt"
      },
      "geometry": {
        "type": "LineString",
        "coordinates": [
          [
            86.1287593,
            55.3291109
          ],
          [
            86.1288871,
            55.3291479
          ],
          [
            86.1304319,
            55.3295992
          ]
        ]
      },
      "id": "way/698862614"
    },
    {
      "type": "Feature",
      "properties": {
        "@id": "way/698862812",
        "highway": "secondary",
        "lanes": "3",
        "maxspeed": "RU:urban",
        "name": "Молодёжный проспект",
        "oneway": "yes",
        "surface": "asphalt"
      },
      "geometry": {
        "type": "LineString",
        "coordinates": [
          [
            86.1278647,
            55.3288425
          ],
          [
            86.1287593,
            55.3291109
          ]
        ]
      },
      "id": "way/698862812"
    },
    {
      "type": "Feature",
      "properties": {
        "@id": "way/698862918",
        "highway": "secondary",
        "lanes": "3",
        "maxspeed": "RU:urban",
        "name": "Молодёжный проспект",
        "oneway": "yes",
        "surface": "asphalt"
      },
      "geometry": {
        "type": "LineString",
        "coordinates": [
          [
            86.127068,
            55.3286045
          ],
          [
            86.1274373,
            55.328716
          ]
        ]
      },
      "id": "way/698862918"
    },
    {
      "type": "Feature",
      "properties": {
        "@id": "way/698862919",
        "highway": "secondary",
        "lanes": "3",
        "maxspeed": "RU:urban",
        "name": "Молодёжный проспект",
        "oneway": "yes",
        "surface": "asphalt"
      },
      "geometry": {
        "type": "LineString",
        "coordinates": [
          [
            86.1274373,
            55.328716
          ],
          [
            86.1278647,
            55.3288425
          ]
        ]
      },
      "id": "way/698862919"
    },
    {
      "type": "Feature",
      "properties": {
        "@id": "way/698863043",
        "highway": "secondary",
        "lanes": "3",
        "maxspeed": "RU:urban",
        "name": "Молодёжный проспект",
        "oneway": "yes",
        "surface": "asphalt"
      },
      "geometry": {
        "type": "LineString",
        "coordinates": [
          [
            86.1152387,
            55.3246788
          ],
          [
            86.1154868,
            55.3247989
          ],
          [
            86.1170115,
            55.3254228
          ],
          [
            86.1174578,
            55.3256031
          ],
          [
            86.1177369,
            55.3257286
          ],
          [
            86.1182752,
            55.3259708
          ],
          [
            86.1187638,
            55.3261315
          ],
          [
            86.119263,
            55.326285
          ],
          [
            86.1199868,
            55.3265102
          ],
          [
            86.1206637,
            55.3267022
          ],
          [
            86.1209704,
            55.3267892
          ],
          [
            86.1223224,
            55.3271916
          ],
          [
            86.1232378,
            55.327465
          ],
          [
            86.1234132,
            55.3275175
          ],
          [
            86.123974,
            55.327693
          ],
          [
            86.1246333,
            55.327888
          ],
          [
            86.1254881,
            55.3281277
          ],
          [
            86.1256638,
            55.3281794
          ],
          [
            86.1259966,
            55.3282791
          ],
          [
            86.127068,
            55.3286045
          ]
        ]
      },
      "id": "way/698863043"
    },
    {
      "type": "Feature",
      "properties": {
        "@id": "way/698866337",
        "highway": "secondary",
        "lanes": "3",
        "maxspeed": "RU:urban",
        "name": "Молодёжный проспект",
        "oneway": "yes",
        "surface": "asphalt"
      },
      "geometry": {
        "type": "LineString",
        "coordinates": [
          [
            86.1150577,
            55.324574
          ],
          [
            86.1152387,
            55.3246788
          ]
        ]
      },
      "id": "way/698866337"
    },
    {
      "type": "Feature",
      "properties": {
        "@id": "way/698868649",
        "highway": "secondary",
        "lanes": "2",
        "maxspeed": "RU:urban",
        "name": "Волгоградская улица",
        "oneway": "no"
      },
      "geometry": {
        "type": "LineString",
        "coordinates": [
          [
            86.1626295,
            55.3292081
          ],
          [
            86.1630391,
            55.3287473
          ],
          [
            86.1632959,
            55.3284744
          ],
          [
            86.1637061,
            55.3280264
          ],
          [
            86.1638143,
            55.3279086
          ],
          [
            86.1642201,
            55.3274672
          ],
          [
            86.165631,
            55.3259637
          ],
          [
            86.1660989,
            55.3254492
          ],
          [
            86.1666043,
            55.3248627
          ],
          [
            86.1667084,
            55.3247504
          ],
          [
            86.1675728,
            55.3238335
          ],
          [
            86.1677747,
            55.323605
          ],
          [
            86.1678983,
            55.3234751
          ],
          [
            86.1681725,
            55.3231737
          ],
          [
            86.1682615,
            55.3230736
          ],
          [
            86.1686604,
            55.3226493
          ],
          [
            86.1688161,
            55.3224807
          ],
          [
            86.1694146,
            55.3218289
          ],
          [
            86.1700706,
            55.3211248
          ],
          [
            86.1706164,
            55.32052
          ],
          [
            86.1720386,
            55.318971
          ],
          [
            86.1724401,
            55.3185337
          ],
          [
            86.1731817,
            55.3177259
          ],
          [
            86.1745828,
            55.3161998
          ],
          [
            86.1756688,
            55.3150169
          ],
          [
            86.1758007,
            55.3148732
          ],
          [
            86.1776155,
            55.3128964
          ],
          [
            86.1779992,
            55.3124784
          ]
        ]
      },
      "id": "way/698868649"
    },
    {
      "type": "Feature",
      "properties": {
        "@id": "way/698868711",
        "highway": "secondary",
        "name": "Волгоградская улица",
        "name:uk": "Волгоградська вулиця",
        "surface": "asphalt"
      },
      "geometry": {
        "type": "LineString",
        "coordinates": [
          [
            86.1517933,
            55.3410696
          ],
          [
            86.1522418,
            55.3405551
          ]
        ]
      },
      "id": "way/698868711"
    },
    {
      "type": "Feature",
      "properties": {
        "@id": "way/698868770",
        "highway": "secondary",
        "name": "Волгоградская улица",
        "name:uk": "Волгоградська вулиця",
        "surface": "asphalt"
      },
      "geometry": {
        "type": "LineString",
        "coordinates": [
          [
            86.1508613,
            55.3420899
          ],
          [
            86.1517933,
            55.3410696
          ]
        ]
      },
      "id": "way/698868770"
    },
    {
      "type": "Feature",
      "properties": {
        "@id": "way/698868863",
        "highway": "secondary",
        "maxspeed": "RU:urban",
        "name": "Волгоградская улица",
        "name:uk": "Волгоградська вулиця",
        "surface": "asphalt"
      },
      "geometry": {
        "type": "LineString",
        "coordinates": [
          [
            86.1481183,
            55.3449291
          ],
          [
            86.1483793,
            55.3446342
          ],
          [
            86.1484427,
            55.3445638
          ],
          [
            86.1496177,
            55.3433369
          ]
        ]
      },
      "id": "way/698868863"
    },
    {
      "type": "Feature",
      "properties": {
        "@id": "way/704099505",
        "highway": "primary",
        "lanes": "2",
        "maxspeed": "40",
        "name": "Советский проспект",
        "oneway": "yes",
        "surface": "asphalt"
      },
      "geometry": {
        "type": "LineString",
        "coordinates": [
          [
            86.0890634,
            55.3541673
          ],
          [
            86.0873994,
            55.3545508
          ],
          [
            86.0872686,
            55.3545891
          ],
          [
            86.0871816,
            55.3546225
          ],
          [
            86.0870924,
            55.3546725
          ],
          [
            86.0870563,
            55.3547208
          ],
          [
            86.0868757,
            55.3549895
          ]
        ]
      },
      "id": "way/704099505"
    },
    {
      "type": "Feature",
      "properties": {
        "@id": "way/722611759",
        "highway": "secondary",
        "lanes": "2",
        "name": "улица 50 лет Октября",
        "name:etymology:wikidata": "Q42976",
        "oneway": "yes",
        "psv": "yes",
        "surface": "asphalt"
      },
      "geometry": {
        "type": "LineString",
        "coordinates": [
          [
            86.0825732,
            55.3489277
          ],
          [
            86.082641,
            55.3490158
          ]
        ]
      },
      "id": "way/722611759"
    },
    {
      "type": "Feature",
      "properties": {
        "@id": "way/722612567",
        "highway": "secondary",
        "lanes": "2",
        "maxspeed": "RU:urban",
        "name": "Красная улица",
        "name:ru": "Красная улица",
        "surface": "asphalt"
      },
      "geometry": {
        "type": "LineString",
        "coordinates": [
          [
            86.0873664,
            55.3478239
          ],
          [
            86.0874264,
            55.347911
          ]
        ]
      },
      "id": "way/722612567"
    },
    {
      "type": "Feature",
      "properties": {
        "@id": "way/723273472",
        "highway": "secondary",
        "lanes": "3",
        "maxspeed": "RU:urban",
        "name": "Красноармейская улица",
        "name:etymology:wikidata": "Q251395",
        "oneway": "yes",
        "surface": "asphalt"
      },
      "geometry": {
        "type": "LineString",
        "coordinates": [
          [
            86.082641,
            55.3490158
          ],
          [
            86.0823174,
            55.349091
          ]
        ]
      },
      "id": "way/723273472"
    },
    {
      "type": "Feature",
      "properties": {
        "@id": "way/732918880",
        "highway": "secondary",
        "lanes": "2",
        "maxspeed": "RU:urban",
        "name": "Октябрьский проспект",
        "name:etymology:wikidata": "Q42976",
        "name:ru": "Октябрьский проспект",
        "oneway": "yes",
        "surface": "asphalt"
      },
      "geometry": {
        "type": "LineString",
        "coordinates": [
          [
            86.1386514,
            55.3487156
          ],
          [
            86.1413951,
            55.3487384
          ],
          [
            86.1416769,
            55.3487408
          ],
          [
            86.1422234,
            55.3487454
          ],
          [
            86.1423598,
            55.3487466
          ],
          [
            86.1428728,
            55.3487508
          ],
          [
            86.1440934,
            55.3487609
          ],
          [
            86.1443255,
            55.3487785
          ],
          [
            86.1447317,
            55.3488336
          ],
          [
            86.1452231,
            55.3489368
          ],
          [
            86.1456387,
            55.3490553
          ],
          [
            86.1472483,
            55.3495281
          ],
          [
            86.1473897,
            55.3495696
          ],
          [
            86.1475367,
            55.3496144
          ],
          [
            86.1477855,
            55.3496833
          ]
        ]
      },
      "id": "way/732918880"
    },
    {
      "type": "Feature",
      "properties": {
        "@id": "way/734653708",
        "highway": "secondary",
        "lanes": "2",
        "maxspeed": "RU:urban",
        "name": "проспект Химиков",
        "oneway": "yes",
        "surface": "asphalt"
      },
      "geometry": {
        "type": "LineString",
        "coordinates": [
          [
            86.1985579,
            55.3501994
          ],
          [
            86.1983039,
            55.3500547
          ],
          [
            86.1966902,
            55.3495344
          ],
          [
            86.1964544,
            55.3494647
          ],
          [
            86.192148,
            55.3481971
          ],
          [
            86.1904597,
            55.3477017
          ],
          [
            86.1891215,
            55.3473137
          ],
          [
            86.1886602,
            55.3471873
          ]
        ]
      },
      "id": "way/734653708"
    },
    {
      "type": "Feature",
      "properties": {
        "@id": "way/738403554",
        "highway": "secondary",
        "lanes": "2",
        "maxspeed": "RU:urban",
        "name": "улица Марковцева",
        "oneway": "yes",
        "surface": "asphalt"
      },
      "geometry": {
        "type": "LineString",
        "coordinates": [
          [
            86.1771735,
            55.3335102
          ],
          [
            86.1773713,
            55.333578
          ],
          [
            86.177903,
            55.333737
          ]
        ]
      },
      "id": "way/738403554"
    },
    {
      "type": "Feature",
      "properties": {
        "@id": "way/738403811",
        "highway": "secondary",
        "lanes": "2",
        "maxspeed": "RU:urban",
        "name": "улица Марковцева",
        "oneway": "yes",
        "surface": "asphalt"
      },
      "geometry": {
        "type": "LineString",
        "coordinates": [
          [
            86.1803706,
            55.334466
          ],
          [
            86.1830663,
            55.3352682
          ]
        ]
      },
      "id": "way/738403811"
    },
    {
      "type": "Feature",
      "properties": {
        "@id": "way/746446672",
        "highway": "secondary",
        "maxspeed": "60",
        "name": "Восточный проспект",
        "ref": "32К-89",
        "surface": "asphalt"
      },
      "geometry": {
        "type": "LineString",
        "coordinates": [
          [
            86.19806,
            55.3480053
          ],
          [
            86.1977014,
            55.3484346
          ],
          [
            86.1972182,
            55.3489394
          ],
          [
            86.196799,
            55.3494218
          ]
        ]
      },
      "id": "way/746446672"
    },
    {
      "type": "Feature",
      "properties": {
        "@id": "way/746628109",
        "highway": "secondary",
        "lanes": "3",
        "maxspeed": "RU:urban",
        "name": "проспект Химиков",
        "oneway": "yes",
        "surface": "asphalt"
      },
      "geometry": {
        "type": "LineString",
        "coordinates": [
          [
            86.1873486,
            55.3468474
          ],
          [
            86.1872942,
            55.3467975
          ],
          [
            86.1872239,
            55.346753
          ],
          [
            86.1870833,
            55.3466891
          ],
          [
            86.1865692,
            55.3465416
          ],
          [
            86.1859945,
            55.3463695
          ],
          [
            86.1833329,
            55.3455723
          ],
          [
            86.1828324,
            55.3454213
          ],
          [
            86.1821192,
            55.345206
          ],
          [
            86.1816239,
            55.345059
          ],
          [
            86.179979,
            55.3445651
          ],
          [
            86.1785735,
            55.3441373
          ],
          [
            86.178285,
            55.3440551
          ],
          [
            86.1781265,
            55.3440082
          ],
          [
            86.1779553,
            55.3439566
          ],
          [
            86.177298,
            55.3437614
          ],
          [
            86.1761878,
            55.3434317
          ],
          [
            86.1742931,
            55.3428648
          ],
          [
            86.1741692,
            55.3428287
          ],
          [
            86.1721409,
            55.3422298
          ],
          [
            86.1699869,
            55.3415856
          ],
          [
            86.1698089,
            55.341534
          ]
        ]
      },
      "id": "way/746628109"
    },
    {
      "type": "Feature",
      "properties": {
        "@id": "way/749179783",
        "highway": "primary",
        "lanes": "2",
        "maxspeed": "RU:urban",
        "name": "улица Тухачевского",
        "oneway": "yes",
        "surface": "asphalt"
      },
      "geometry": {
        "type": "LineString",
        "coordinates": [
          [
            86.1318847,
            55.3318072
          ],
          [
            86.1319008,
            55.3308006
          ]
        ]
      },
      "id": "way/749179783"
    },
    {
      "type": "Feature",
      "properties": {
        "@id": "way/749179784",
        "highway": "primary",
        "lanes": "2",
        "maxspeed": "RU:urban",
        "name": "улица Тухачевского",
        "oneway": "yes",
        "surface": "asphalt"
      },
      "geometry": {
        "type": "LineString",
        "coordinates": [
          [
            86.1409782,
            55.2948771
          ],
          [
            86.1410598,
            55.2950896
          ],
          [
            86.1413202,
            55.2956876
          ],
          [
            86.1419514,
            55.2967653
          ],
          [
            86.1426332,
            55.2981688
          ],
          [
            86.142774,
            55.2984928
          ],
          [
            86.1428289,
            55.2986606
          ],
          [
            86.1428892,
            55.2988666
          ],
          [
            86.1429399,
            55.2991538
          ],
          [
            86.1429592,
            55.2993504
          ],
          [
            86.1429661,
            55.2995147
          ],
          [
            86.1429419,
            55.2998507
          ],
          [
            86.1428886,
            55.3001696
          ],
          [
            86.1427545,
            55.3005365
          ],
          [
            86.1414458,
            55.3033064
          ],
          [
            86.1411592,
            55.3038635
          ],
          [
            86.1405262,
            55.3050905
          ],
          [
            86.1404223,
            55.3052674
          ],
          [
            86.1400288,
            55.306046
          ],
          [
            86.1398704,
            55.3063562
          ],
          [
            86.1385889,
            55.3090102
          ],
          [
            86.1384831,
            55.3092285
          ]
        ]
      },
      "id": "way/749179784"
    },
    {
      "type": "Feature",
      "properties": {
        "@id": "way/749277077",
        "highway": "primary",
        "lanes": "2",
        "name": "Красноармейская улица",
        "name:etymology:wikidata": "Q251395",
        "oneway": "yes",
        "surface": "asphalt"
      },
      "geometry": {
        "type": "LineString",
        "coordinates": [
          [
            86.0647049,
            55.3531893
          ],
          [
            86.0645211,
            55.3532335
          ]
        ]
      },
      "id": "way/749277077"
    },
    {
      "type": "Feature",
      "properties": {
        "@id": "way/749277078",
        "highway": "primary",
        "lanes": "3",
        "maxspeed": "RU:urban",
        "name": "Кузнецкий проспект",
        "oneway": "yes"
      },
      "geometry": {
        "type": "LineString",
        "coordinates": [
          [
            86.0662713,
            55.3554095
          ],
          [
            86.0670761,
            55.3565401
          ],
          [
            86.0671013,
            55.3565758
          ],
          [
            86.0671129,
            55.3565925
          ],
          [
            86.0678733,
            55.3576921
          ],
          [
            86.0678971,
            55.3577265
          ],
          [
            86.0679963,
            55.35787
          ]
        ]
      },
      "id": "way/749277078"
    },
    {
      "type": "Feature",
      "properties": {
        "@id": "way/749277079",
        "highway": "primary",
        "lanes": "2",
        "name": "Красноармейская улица",
        "name:etymology:wikidata": "Q251395",
        "oneway": "yes",
        "surface": "asphalt"
      },
      "geometry": {
        "type": "LineString",
        "coordinates": [
          [
            86.0644528,
            55.353134
          ],
          [
            86.0646337,
            55.3530923
          ]
        ]
      },
      "id": "way/749277079"
    },
    {
      "type": "Feature",
      "properties": {
        "@id": "way/749287305",
        "highway": "secondary",
        "lanes": "3",
        "maxspeed": "RU:urban",
        "name": "Соборная улица",
        "name:ru": "Соборная улица",
        "oneway": "yes",
        "surface": "asphalt"
      },
      "geometry": {
        "type": "LineString",
        "coordinates": [
          [
            86.09751,
            55.3459696
          ],
          [
            86.0980405,
            55.3463191
          ],
          [
            86.0998916,
            55.3475979
          ]
        ]
      },
      "id": "way/749287305"
    },
    {
      "type": "Feature",
      "properties": {
        "@id": "way/749290453",
        "highway": "secondary",
        "lanes": "2",
        "maxspeed": "RU:urban",
        "name": "Притомский проспект",
        "name:ru": "Притомский проспект",
        "oneway": "yes",
        "sidewalk": "no",
        "surface": "asphalt"
      },
      "geometry": {
        "type": "LineString",
        "coordinates": [
          [
            86.1140494,
            55.3545875
          ],
          [
            86.1186297,
            55.3546379
          ],
          [
            86.1201794,
            55.3546532
          ],
          [
            86.1207023,
            55.3546583
          ],
          [
            86.121169,
            55.3546721
          ],
          [
            86.1217511,
            55.354698
          ],
          [
            86.1222178,
            55.3547346
          ],
          [
            86.1225852,
            55.3547803
          ],
          [
            86.12284,
            55.3548139
          ],
          [
            86.1230935,
            55.3548573
          ],
          [
            86.1233121,
            55.3549038
          ],
          [
            86.1235723,
            55.3549587
          ],
          [
            86.1241463,
            55.3550868
          ],
          [
            86.1300203,
            55.3566497
          ],
          [
            86.130428,
            55.3567294
          ],
          [
            86.1307539,
            55.3567877
          ],
          [
            86.131896,
            55.3569227
          ],
          [
            86.1322387,
            55.3570196
          ],
          [
            86.133129,
            55.3572809
          ],
          [
            86.1339069,
            55.3574213
          ],
          [
            86.1344233,
            55.3574756
          ],
          [
            86.1346049,
            55.357492
          ],
          [
            86.1357091,
            55.3575666
          ],
          [
            86.1371917,
            55.3576751
          ],
          [
            86.1376644,
            55.3577365
          ],
          [
            86.1387882,
            55.3579604
          ],
          [
            86.1391211,
            55.3580006
          ],
          [
            86.139455,
            55.3580166
          ],
          [
            86.1398467,
            55.3580127
          ],
          [
            86.1420123,
            55.3578139
          ],
          [
            86.1437117,
            55.3576578
          ],
          [
            86.1444897,
            55.3575855
          ],
          [
            86.1471786,
            55.3573075
          ],
          [
            86.1475322,
            55.3572703
          ]
        ]
      },
      "id": "way/749290453"
    },
    {
      "type": "Feature",
      "properties": {
        "@id": "way/749290454",
        "highway": "primary",
        "lanes": "2",
        "maxspeed": "RU:urban",
        "name": "Советский проспект",
        "name:ru": "Советский проспект",
        "oneway": "yes",
        "surface": "asphalt"
      },
      "geometry": {
        "type": "LineString",
        "coordinates": [
          [
            86.0994323,
            55.3493037
          ],
          [
            86.1006618,
            55.3486197
          ],
          [
            86.1008352,
            55.3485494
          ],
          [
            86.1009789,
            55.3484974
          ]
        ]
      },
      "id": "way/749290454"
    },
    {
      "type": "Feature",
      "properties": {
        "@id": "way/749290455",
        "bridge": "yes",
        "highway": "primary",
        "lanes": "2",
        "layer": "1",
        "maxspeed": "RU:urban",
        "name": "Советский проспект",
        "name:ru": "Советский проспект",
        "oneway": "yes",
        "surface": "asphalt"
      },
      "geometry": {
        "type": "LineString",
        "coordinates": [
          [
            86.0982547,
            55.3499294
          ],
          [
            86.0994323,
            55.3493037
          ]
        ]
      },
      "id": "way/749290455"
    },
    {
      "type": "Feature",
      "properties": {
        "@id": "way/749290940",
        "highway": "secondary",
        "lanes": "4",
        "maxspeed": "60",
        "name": "Притомский проспект",
        "name:ru": "Притомский проспект",
        "oneway": "yes",
        "surface": "asphalt"
      },
      "geometry": {
        "type": "LineString",
        "coordinates": [
          [
            86.1010532,
            55.3485556
          ],
          [
            86.1009789,
            55.3484974
          ]
        ]
      },
      "id": "way/749290940"
    },
    {
      "type": "Feature",
      "properties": {
        "@id": "way/749722843",
        "highway": "primary",
        "lanes": "2",
        "maxspeed": "RU:urban",
        "name": "улица Тухачевского",
        "name:uk": "вулиця Тухачевського",
        "oneway": "yes",
        "surface": "asphalt"
      },
      "geometry": {
        "type": "LineString",
        "coordinates": [
          [
            86.1319955,
            55.324119
          ],
          [
            86.132032,
            55.3231734
          ],
          [
            86.1320712,
            55.322577
          ],
          [
            86.1321798,
            55.3220322
          ]
        ]
      },
      "id": "way/749722843"
    },
    {
      "type": "Feature",
      "properties": {
        "@id": "way/749722845",
        "highway": "primary",
        "lanes": "2",
        "maxspeed": "RU:urban",
        "name": "улица Тухачевского",
        "oneway": "yes",
        "surface": "asphalt"
      },
      "geometry": {
        "type": "LineString",
        "coordinates": [
          [
            86.1321051,
            55.3240956
          ],
          [
            86.1320856,
            55.3248806
          ],
          [
            86.1320792,
            55.3250482
          ],
          [
            86.1320688,
            55.3256815
          ],
          [
            86.1320668,
            55.3258048
          ],
          [
            86.13203,
            55.327759
          ],
          [
            86.1320341,
            55.3283335
          ]
        ]
      },
      "id": "way/749722845"
    },
    {
      "type": "Feature",
      "properties": {
        "@id": "way/749934907",
        "highway": "primary",
        "lanes": "1",
        "maxspeed": "RU:urban",
        "oneway": "yes",
        "surface": "asphalt"
      },
      "geometry": {
        "type": "LineString",
        "coordinates": [
          [
            86.1410259,
            55.2953079
          ],
          [
            86.1408967,
            55.295212
          ],
          [
            86.1407528,
            55.2951251
          ],
          [
            86.1402345,
            55.2948748
          ],
          [
            86.1400052,
            55.2947711
          ]
        ]
      },
      "id": "way/749934907"
    },
    {
      "type": "Feature",
      "properties": {
        "@id": "way/750101727",
        "highway": "secondary",
        "lanes": "3",
        "maxspeed": "RU:urban",
        "name": "Молодёжный проспект",
        "oneway": "yes",
        "surface": "asphalt"
      },
      "geometry": {
        "type": "LineString",
        "coordinates": [
          [
            86.1315824,
            55.3300463
          ],
          [
            86.1311693,
            55.3299241
          ]
        ]
      },
      "id": "way/750101727"
    },
    {
      "type": "Feature",
      "properties": {
        "@id": "way/750115861",
        "highway": "secondary",
        "lanes": "2",
        "maxspeed": "RU:urban",
        "name": "Ленинградский проспект",
        "oneway": "yes",
        "surface": "asphalt"
      },
      "geometry": {
        "type": "LineString",
        "coordinates": [
          [
            86.1711684,
            55.3517163
          ],
          [
            86.1712209,
            55.3515022
          ],
          [
            86.1718186,
            55.3508535
          ],
          [
            86.1726673,
            55.349948
          ],
          [
            86.1746414,
            55.3477766
          ],
          [
            86.174735,
            55.3476744
          ],
          [
            86.1759527,
            55.3463436
          ],
          [
            86.1767412,
            55.3454819
          ],
          [
            86.1780277,
            55.3441145
          ],
          [
            86.1781265,
            55.3440082
          ],
          [
            86.1782018,
            55.3439334
          ]
        ]
      },
      "id": "way/750115861"
    },
    {
      "type": "Feature",
      "properties": {
        "@id": "way/750115862",
        "highway": "secondary",
        "lanes": "3",
        "maxspeed": "RU:urban",
        "name": "Ленинградский проспект",
        "oneway": "yes",
        "surface": "asphalt"
      },
      "geometry": {
        "type": "LineString",
        "coordinates": [
          [
            86.1783577,
            55.3439769
          ],
          [
            86.178285,
            55.3440551
          ],
          [
            86.1781852,
            55.3441627
          ],
          [
            86.1778413,
            55.3445329
          ],
          [
            86.177632,
            55.3447582
          ],
          [
            86.1769627,
            55.3454787
          ],
          [
            86.1757915,
            55.3467397
          ],
          [
            86.175367,
            55.3471966
          ],
          [
            86.1748812,
            55.3477196
          ],
          [
            86.1747903,
            55.3478174
          ],
          [
            86.1743883,
            55.3482503
          ],
          [
            86.1742658,
            55.3483821
          ],
          [
            86.1729484,
            55.3498002
          ],
          [
            86.1724395,
            55.350348
          ],
          [
            86.1713562,
            55.3515464
          ],
          [
            86.1711684,
            55.3517163
          ]
        ]
      },
      "id": "way/750115862"
    },
    {
      "type": "Feature",
      "properties": {
        "@id": "way/750332019",
        "highway": "primary",
        "lanes": "2",
        "maxspeed": "60",
        "name": "улица Нахимова",
        "surface": "asphalt"
      },
      "geometry": {
        "type": "LineString",
        "coordinates": [
          [
            86.1237511,
            55.4232294
          ],
          [
            86.1231085,
            55.4225524
          ]
        ]
      },
      "id": "way/750332019"
    },
    {
      "type": "Feature",
      "properties": {
        "@id": "way/750332020",
        "highway": "primary",
        "lanes": "2",
        "maxspeed": "60",
        "name": "улица Нахимова",
        "surface": "asphalt"
      },
      "geometry": {
        "type": "LineString",
        "coordinates": [
          [
            86.1245868,
            55.4241951
          ],
          [
            86.124148,
            55.4236412
          ],
          [
            86.1237511,
            55.4232294
          ]
        ]
      },
      "id": "way/750332020"
    },
    {
      "type": "Feature",
      "properties": {
        "@id": "way/750934983",
        "highway": "secondary",
        "lanes": "2",
        "maxspeed": "RU:urban",
        "name": "проспект Химиков",
        "oneway": "yes",
        "surface": "asphalt"
      },
      "geometry": {
        "type": "LineString",
        "coordinates": [
          [
            86.188781,
            55.3470635
          ],
          [
            86.1892306,
            55.3471922
          ],
          [
            86.1898983,
            55.3473891
          ],
          [
            86.1911768,
            55.347766
          ],
          [
            86.1944859,
            55.3487415
          ],
          [
            86.1965511,
            55.3493522
          ],
          [
            86.196799,
            55.3494218
          ]
        ]
      },
      "id": "way/750934983"
    },
    {
      "type": "Feature",
      "properties": {
        "@id": "way/750934985",
        "highway": "secondary",
        "junction": "roundabout",
        "lanes": "3",
        "maxspeed": "RU:urban",
        "surface": "asphalt"
      },
      "geometry": {
        "type": "LineString",
        "coordinates": [
          [
            86.1886015,
            55.3466016
          ],
          [
            86.1886842,
            55.3466631
          ],
          [
            86.1887416,
            55.346716
          ],
          [
            86.1887919,
            55.3467789
          ],
          [
            86.1888157,
            55.3468405
          ],
          [
            86.1888278,
            55.3469022
          ],
          [
            86.1888232,
            55.3469659
          ],
          [
            86.1888023,
            55.3470258
          ],
          [
            86.188781,
            55.3470635
          ],
          [
            86.1887215,
            55.3471374
          ],
          [
            86.1886602,
            55.3471873
          ],
          [
            86.188587,
            55.3472317
          ],
          [
            86.1885033,
            55.3472697
          ],
          [
            86.1884109,
            55.3473005
          ],
          [
            86.1883116,
            55.3473233
          ],
          [
            86.1882077,
            55.3473379
          ],
          [
            86.1881011,
            55.3473438
          ],
          [
            86.1879529,
            55.3473383
          ],
          [
            86.187828,
            55.3473169
          ],
          [
            86.1877567,
            55.3473006
          ],
          [
            86.1876759,
            55.3472751
          ],
          [
            86.1875869,
            55.3472364
          ],
          [
            86.1875092,
            55.3471905
          ],
          [
            86.1874445,
            55.3471384
          ],
          [
            86.1873942,
            55.3470815
          ],
          [
            86.1873596,
            55.3470209
          ],
          [
            86.1873414,
            55.346958
          ],
          [
            86.1873401,
            55.3468942
          ],
          [
            86.1873486,
            55.3468474
          ]
        ]
      },
      "id": "way/750934985"
    },
    {
      "type": "Feature",
      "properties": {
        "@id": "way/751154189",
        "highway": "secondary",
        "maxspeed": "60",
        "name": "Советский проспект",
        "oneway": "yes"
      },
      "geometry": {
        "type": "LineString",
        "coordinates": [
          [
            86.0355859,
            55.3664137
          ],
          [
            86.0357836,
            55.3662925
          ],
          [
            86.0361431,
            55.3661699
          ],
          [
            86.0372724,
            55.3657876
          ],
          [
            86.0385806,
            55.3653415
          ],
          [
            86.0400741,
            55.364837
          ],
          [
            86.0414597,
            55.3644744
          ],
          [
            86.0416697,
            55.3644294
          ],
          [
            86.0419393,
            55.3643831
          ],
          [
            86.0422991,
            55.3643353
          ],
          [
            86.0425595,
            55.3643047
          ],
          [
            86.0435461,
            55.3641787
          ]
        ]
      },
      "id": "way/751154189"
    },
    {
      "type": "Feature",
      "properties": {
        "@id": "way/751165729",
        "highway": "secondary",
        "lanes": "2",
        "name": "Шатурская улица",
        "oneway": "yes"
      },
      "geometry": {
        "type": "LineString",
        "coordinates": [
          [
            86.0060918,
            55.3560085
          ],
          [
            86.0059854,
            55.3560779
          ],
          [
            86.005918,
            55.3561328
          ],
          [
            86.0058683,
            55.3561878
          ]
        ]
      },
      "id": "way/751165729"
    },
    {
      "type": "Feature",
      "properties": {
        "@id": "way/751165730",
        "highway": "secondary",
        "lanes": "2",
        "name": "Шатурская улица",
        "oneway": "yes"
      },
      "geometry": {
        "type": "LineString",
        "coordinates": [
          [
            86.0053105,
            55.3578336
          ],
          [
            86.0053631,
            55.3576435
          ],
          [
            86.0055453,
            55.3566372
          ]
        ]
      },
      "id": "way/751165730"
    },
    {
      "type": "Feature",
      "properties": {
        "@id": "way/751165731",
        "highway": "secondary",
        "oneway": "yes"
      },
      "geometry": {
        "type": "LineString",
        "coordinates": [
          [
            86.0055726,
            55.355798
          ],
          [
            86.005588,
            55.3559514
          ],
          [
            86.0056003,
            55.3559918
          ],
          [
            86.0056213,
            55.3560261
          ],
          [
            86.0056594,
            55.3560593
          ],
          [
            86.0057843,
            55.3561355
          ]
        ]
      },
      "id": "way/751165731"
    },
    {
      "type": "Feature",
      "properties": {
        "@id": "way/751165732",
        "highway": "secondary",
        "oneway": "yes"
      },
      "geometry": {
        "type": "LineString",
        "coordinates": [
          [
            86.0055453,
            55.3566372
          ],
          [
            86.0056439,
            55.3563397
          ],
          [
            86.0056923,
            55.356245
          ],
          [
            86.0057424,
            55.3561781
          ],
          [
            86.0057843,
            55.3561355
          ]
        ]
      },
      "id": "way/751165732"
    },
    {
      "type": "Feature",
      "properties": {
        "@id": "way/751165733",
        "highway": "secondary"
      },
      "geometry": {
        "type": "LineString",
        "coordinates": [
          [
            86.0055726,
            55.355798
          ],
          [
            86.0056404,
            55.3550708
          ],
          [
            86.0056565,
            55.3548665
          ],
          [
            86.0057177,
            55.3546933
          ]
        ]
      },
      "id": "way/751165733"
    },
    {
      "type": "Feature",
      "properties": {
        "@id": "way/751165735",
        "highway": "secondary",
        "lanes": "2"
      },
      "geometry": {
        "type": "LineString",
        "coordinates": [
          [
            86.0068519,
            55.3557996
          ],
          [
            86.0065689,
            55.3558592
          ],
          [
            86.0063808,
            55.3559093
          ],
          [
            86.0062297,
            55.3559575
          ],
          [
            86.0060918,
            55.3560085
          ]
        ]
      },
      "id": "way/751165735"
    },
    {
      "type": "Feature",
      "properties": {
        "@id": "way/751226551",
        "highway": "secondary",
        "oneway": "yes"
      },
      "geometry": {
        "type": "LineString",
        "coordinates": [
          [
            86.0055453,
            55.3566372
          ],
          [
            86.005519,
            55.3565051
          ],
          [
            86.0055128,
            55.3563786
          ],
          [
            86.0055148,
            55.3560782
          ],
          [
            86.0055357,
            55.3559381
          ],
          [
            86.0055726,
            55.355798
          ]
        ]
      },
      "id": "way/751226551"
    },
    {
      "type": "Feature",
      "properties": {
        "@id": "way/751476135",
        "highway": "primary",
        "lanes": "3",
        "maxspeed": "RU:urban",
        "name": "проспект Ленина",
        "name:etymology:wikidata": "Q1394",
        "name:ru": "проспект Ленина",
        "oneway": "yes",
        "surface": "asphalt"
      },
      "geometry": {
        "type": "LineString",
        "coordinates": [
          [
            86.0972328,
            55.3446104
          ],
          [
            86.0969618,
            55.3446071
          ],
          [
            86.092607,
            55.3445483
          ]
        ]
      },
      "id": "way/751476135"
    },
    {
      "type": "Feature",
      "properties": {
        "@id": "way/751476136",
        "highway": "primary",
        "lanes": "2",
        "maxspeed": "RU:urban",
        "name": "Красноармейская улица",
        "name:etymology:wikidata": "Q251395",
        "name:ru": "Красноармейская улица",
        "oneway": "yes",
        "surface": "asphalt"
      },
      "geometry": {
        "type": "LineString",
        "coordinates": [
          [
            86.0465052,
            55.3574186
          ],
          [
            86.0450438,
            55.3577443
          ],
          [
            86.0445598,
            55.3578275
          ],
          [
            86.0439898,
            55.3579266
          ],
          [
            86.0431459,
            55.3580603
          ],
          [
            86.0426058,
            55.3581348
          ],
          [
            86.0420559,
            55.3582011
          ],
          [
            86.041418,
            55.3582583
          ],
          [
            86.0407957,
            55.3583052
          ],
          [
            86.0404764,
            55.3583238
          ],
          [
            86.0401053,
            55.3583375
          ],
          [
            86.0398658,
            55.3583422
          ],
          [
            86.0393619,
            55.358352
          ],
          [
            86.0385489,
            55.3583459
          ],
          [
            86.0375674,
            55.3583161
          ],
          [
            86.0371179,
            55.3583055
          ],
          [
            86.0369981,
            55.3582986
          ],
          [
            86.0367831,
            55.3582789
          ],
          [
            86.0365357,
            55.3582515
          ],
          [
            86.034541,
            55.3580601
          ],
          [
            86.0326621,
            55.3578607
          ],
          [
            86.0312322,
            55.3577071
          ],
          [
            86.0308224,
            55.3576674
          ],
          [
            86.0301554,
            55.3576028
          ],
          [
            86.0279773,
            55.3574279
          ],
          [
            86.026003,
            55.3572694
          ],
          [
            86.0247724,
            55.3571706
          ],
          [
            86.0229741,
            55.3570277
          ],
          [
            86.0208946,
            55.3568624
          ],
          [
            86.0199968,
            55.356791
          ],
          [
            86.0170451,
            55.3565522
          ],
          [
            86.0162205,
            55.3564874
          ],
          [
            86.0114148,
            55.3561097
          ],
          [
            86.0089023,
            55.3559026
          ],
          [
            86.008295,
            55.3558606
          ],
          [
            86.0080978,
            55.3558469
          ],
          [
            86.0077035,
            55.3558088
          ],
          [
            86.0073723,
            55.3557638
          ]
        ]
      },
      "id": "way/751476136"
    },
    {
      "type": "Feature",
      "properties": {
        "@id": "way/751476137",
        "highway": "primary",
        "lanes": "2",
        "maxspeed": "RU:urban",
        "name": "Красноармейская улица",
        "name:etymology:wikidata": "Q251395",
        "oneway": "yes",
        "surface": "asphalt"
      },
      "geometry": {
        "type": "LineString",
        "coordinates": [
          [
            85.9997848,
            55.3474486
          ],
          [
            86.0000745,
            55.3475745
          ],
          [
            86.0003016,
            55.3477011
          ],
          [
            86.0008468,
            55.348005
          ],
          [
            86.0011705,
            55.3481854
          ],
          [
            86.00224,
            55.3488214
          ],
          [
            86.0024015,
            55.3489144
          ],
          [
            86.0046607,
            55.3502287
          ],
          [
            86.005317,
            55.350607
          ],
          [
            86.0055797,
            55.3507724
          ],
          [
            86.0057902,
            55.3509345
          ],
          [
            86.0059757,
            55.3510965
          ],
          [
            86.0062283,
            55.3514164
          ],
          [
            86.0063115,
            55.3516223
          ],
          [
            86.0063678,
            55.3518724
          ],
          [
            86.0063732,
            55.3520813
          ],
          [
            86.006341,
            55.3523527
          ],
          [
            86.0062793,
            55.3526531
          ],
          [
            86.0060745,
            55.3533597
          ],
          [
            86.0059982,
            55.3536415
          ],
          [
            86.0058662,
            55.3541247
          ],
          [
            86.005834,
            55.3542634
          ],
          [
            86.0058179,
            55.3543648
          ],
          [
            86.0058126,
            55.3544875
          ],
          [
            86.0058475,
            55.3547269
          ],
          [
            86.0059172,
            55.3548794
          ],
          [
            86.0060486,
            55.3550517
          ],
          [
            86.0062283,
            55.3552256
          ],
          [
            86.0064161,
            55.3553521
          ],
          [
            86.0067111,
            55.3554924
          ],
          [
            86.0069391,
            55.3555793
          ],
          [
            86.0071671,
            55.3556418
          ],
          [
            86.0073564,
            55.3556853
          ]
        ]
      },
      "id": "way/751476137"
    },
    {
      "type": "Feature",
      "properties": {
        "@id": "way/751515545",
        "highway": "primary",
        "lanes": "3",
        "name": "Красноармейская улица",
        "name:etymology:wikidata": "Q251395",
        "oneway": "yes",
        "surface": "asphalt"
      },
      "geometry": {
        "type": "LineString",
        "coordinates": [
          [
            86.0597575,
            55.3542596
          ],
          [
            86.0601667,
            55.3541606
          ],
          [
            86.0606858,
            55.3540349
          ],
          [
            86.0615685,
            55.353831
          ],
          [
            86.0622136,
            55.3536719
          ],
          [
            86.062818,
            55.3535229
          ],
          [
            86.0636783,
            55.3533107
          ],
          [
            86.0641851,
            55.3531944
          ],
          [
            86.0643014,
            55.3531682
          ],
          [
            86.0643581,
            55.3531554
          ],
          [
            86.0644528,
            55.353134
          ]
        ]
      },
      "id": "way/751515545"
    },
    {
      "type": "Feature",
      "properties": {
        "@id": "way/751515546",
        "highway": "primary",
        "lanes": "3",
        "maxspeed": "RU:urban",
        "name": "Кузнецкий проспект",
        "oneway": "yes"
      },
      "geometry": {
        "type": "LineString",
        "coordinates": [
          [
            86.0646337,
            55.3530923
          ],
          [
            86.0647049,
            55.3531893
          ]
        ]
      },
      "id": "way/751515546"
    },
    {
      "type": "Feature",
      "properties": {
        "@id": "way/751547595",
        "highway": "primary",
        "lanes": "3",
        "maxspeed": "RU:urban",
        "name": "Красноармейская улица",
        "name:etymology:wikidata": "Q251395",
        "oneway": "yes",
        "surface": "asphalt"
      },
      "geometry": {
        "type": "LineString",
        "coordinates": [
          [
            86.0464571,
            55.3573512
          ],
          [
            86.0471058,
            55.357199
          ],
          [
            86.0484977,
            55.3568724
          ],
          [
            86.0508247,
            55.3563265
          ]
        ]
      },
      "id": "way/751547595"
    },
    {
      "type": "Feature",
      "properties": {
        "@id": "way/751547989",
        "highway": "secondary",
        "name": "Рабочая улица"
      },
      "geometry": {
        "type": "LineString",
        "coordinates": [
          [
            86.0464571,
            55.3573512
          ],
          [
            86.0465052,
            55.3574186
          ]
        ]
      },
      "id": "way/751547989"
    },
    {
      "type": "Feature",
      "properties": {
        "@id": "way/751559267",
        "highway": "primary",
        "lanes": "4",
        "maxspeed": "RU:urban",
        "name": "Кузнецкий проспект",
        "name:uk": "Кузнецький проспект",
        "oneway": "yes"
      },
      "geometry": {
        "type": "LineString",
        "coordinates": [
          [
            86.0618944,
            55.3446572
          ],
          [
            86.0619001,
            55.3445535
          ]
        ]
      },
      "id": "way/751559267"
    },
    {
      "type": "Feature",
      "properties": {
        "@id": "way/751703841",
        "highway": "primary",
        "lanes": "3",
        "maxspeed": "RU:urban",
        "name": "Кузнецкий проспект",
        "name:ru": "Кузнецкий проспект",
        "oneway": "yes"
      },
      "geometry": {
        "type": "LineString",
        "coordinates": [
          [
            86.0618742,
            55.3427233
          ],
          [
            86.0619078,
            55.3415875
          ]
        ]
      },
      "id": "way/751703841"
    },
    {
      "type": "Feature",
      "properties": {
        "@id": "way/751703842",
        "highway": "primary",
        "name": "Кузнецкий проспект",
        "name:ru": "Кузнецкий проспект",
        "oneway": "yes"
      },
      "geometry": {
        "type": "LineString",
        "coordinates": [
          [
            86.0619078,
            55.3415875
          ],
          [
            86.0619271,
            55.3404329
          ],
          [
            86.0619454,
            55.339203
          ],
          [
            86.0619505,
            55.3390492
          ]
        ]
      },
      "id": "way/751703842"
    },
    {
      "type": "Feature",
      "properties": {
        "@id": "way/757082339",
        "highway": "secondary",
        "lanes": "4",
        "maxspeed": "RU:urban",
        "name": "проспект Ленина",
        "name:etymology:wikidata": "Q1394",
        "oneway": "yes",
        "surface": "asphalt"
      },
      "geometry": {
        "type": "LineString",
        "coordinates": [
          [
            86.1710759,
            55.3518173
          ],
          [
            86.1707764,
            55.3517288
          ],
          [
            86.1683983,
            55.3510262
          ],
          [
            86.1668462,
            55.3505779
          ],
          [
            86.1665264,
            55.350482
          ],
          [
            86.1649473,
            55.3500106
          ],
          [
            86.162895,
            55.3494159
          ],
          [
            86.1626957,
            55.3493736
          ],
          [
            86.1625782,
            55.3493711
          ],
          [
            86.1625369,
            55.3493744
          ]
        ]
      },
      "id": "way/757082339"
    },
    {
      "type": "Feature",
      "properties": {
        "@id": "way/757082340",
        "highway": "secondary",
        "lanes": "4",
        "maxspeed": "RU:urban",
        "name": "проспект Ленина",
        "name:etymology:wikidata": "Q1394",
        "oneway": "yes",
        "surface": "asphalt"
      },
      "geometry": {
        "type": "LineString",
        "coordinates": [
          [
            86.1666416,
            55.3503577
          ],
          [
            86.1691471,
            55.3511028
          ],
          [
            86.1708884,
            55.3516295
          ],
          [
            86.1711684,
            55.3517163
          ]
        ]
      },
      "id": "way/757082340"
    },
    {
      "type": "Feature",
      "properties": {
        "@id": "way/763263850",
        "highway": "secondary",
        "lanes": "3",
        "maxspeed": "RU:urban",
        "name": "Красноармейская улица",
        "name:etymology:wikidata": "Q251395",
        "oneway": "yes",
        "surface": "asphalt"
      },
      "geometry": {
        "type": "LineString",
        "coordinates": [
          [
            86.078148,
            55.3499863
          ],
          [
            86.0782707,
            55.3499581
          ],
          [
            86.0792517,
            55.3497291
          ],
          [
            86.0818929,
            55.3490856
          ],
          [
            86.0820189,
            55.3490576
          ],
          [
            86.0822323,
            55.3490071
          ]
        ]
      },
      "id": "way/763263850"
    },
    {
      "type": "Feature",
      "properties": {
        "@id": "way/763263851",
        "highway": "secondary",
        "lanes": "3",
        "maxspeed": "RU:urban",
        "name": "Красноармейская улица",
        "name:etymology:wikidata": "Q251395",
        "oneway": "yes",
        "surface": "asphalt"
      },
      "geometry": {
        "type": "LineString",
        "coordinates": [
          [
            86.0782018,
            55.3500771
          ],
          [
            86.0779325,
            55.3501403
          ],
          [
            86.0777661,
            55.3501793
          ]
        ]
      },
      "id": "way/763263851"
    },
    {
      "type": "Feature",
      "properties": {
        "@id": "way/771479691",
        "highway": "secondary",
        "junction": "roundabout",
        "maxspeed": "60",
        "ref": "32К-89",
        "surface": "asphalt"
      },
      "geometry": {
        "type": "LineString",
        "coordinates": [
          [
            86.1990201,
            55.3499418
          ],
          [
            86.1991086,
            55.3499446
          ],
          [
            86.1991947,
            55.3499566
          ],
          [
            86.1992755,
            55.3499774
          ],
          [
            86.1993481,
            55.3500063
          ],
          [
            86.1994102,
            55.3500423
          ],
          [
            86.1994595,
            55.3500842
          ],
          [
            86.1994945,
            55.3501305
          ],
          [
            86.199514,
            55.3501797
          ],
          [
            86.1995172,
            55.3502301
          ],
          [
            86.1995041,
            55.3502799
          ],
          [
            86.1994751,
            55.3503275
          ],
          [
            86.1994312,
            55.3503713
          ],
          [
            86.1993739,
            55.3504098
          ],
          [
            86.1993051,
            55.3504416
          ],
          [
            86.1992272,
            55.3504657
          ],
          [
            86.1991429,
            55.3504813
          ],
          [
            86.199055,
            55.3504877
          ],
          [
            86.1989664,
            55.3504849
          ],
          [
            86.1988803,
            55.3504729
          ],
          [
            86.1987996,
            55.3504521
          ],
          [
            86.198727,
            55.3504232
          ],
          [
            86.1986649,
            55.3503872
          ],
          [
            86.1986155,
            55.3503453
          ],
          [
            86.1985805,
            55.350299
          ],
          [
            86.1985611,
            55.3502498
          ],
          [
            86.1985579,
            55.3501994
          ],
          [
            86.198571,
            55.3501496
          ],
          [
            86.1986,
            55.3501019
          ],
          [
            86.1986439,
            55.3500582
          ],
          [
            86.1987012,
            55.3500197
          ],
          [
            86.19877,
            55.3499879
          ],
          [
            86.1988478,
            55.3499638
          ],
          [
            86.1989322,
            55.3499482
          ],
          [
            86.1990201,
            55.3499418
          ]
        ]
      },
      "id": "way/771479691"
    },
    {
      "type": "Feature",
      "properties": {
        "@id": "way/798739710",
        "highway": "secondary",
        "lanes": "2",
        "maxspeed": "RU:urban",
        "name": "Притомский проспект",
        "name:ru": "Притомский проспект",
        "oneway": "yes",
        "sidewalk": "no",
        "surface": "asphalt"
      },
      "geometry": {
        "type": "LineString",
        "coordinates": [
          [
            86.1475322,
            55.3572703
          ],
          [
            86.1479706,
            55.3572298
          ],
          [
            86.1515053,
            55.3569034
          ],
          [
            86.1522936,
            55.3568306
          ],
          [
            86.1532533,
            55.356742
          ],
          [
            86.1535025,
            55.3567189
          ],
          [
            86.1536751,
            55.3567039
          ],
          [
            86.1537976,
            55.3566875
          ],
          [
            86.153916,
            55.3566619
          ]
        ]
      },
      "id": "way/798739710"
    },
    {
      "type": "Feature",
      "properties": {
        "@id": "way/798739711",
        "highway": "secondary",
        "lanes": "4",
        "maxspeed": "RU:urban",
        "name": "Волгоградская улица",
        "name:uk": "Волгоградська вулиця",
        "surface": "asphalt"
      },
      "geometry": {
        "type": "LineString",
        "coordinates": [
          [
            86.1475322,
            55.3572703
          ],
          [
            86.147537,
            55.3570324
          ],
          [
            86.1475636,
            55.3557137
          ]
        ]
      },
      "id": "way/798739711"
    },
    {
      "type": "Feature",
      "properties": {
        "@id": "way/798739712",
        "highway": "secondary",
        "lanes": "2",
        "maxspeed": "RU:urban",
        "name": "Притомский проспект",
        "oneway": "yes",
        "sidewalk": "no",
        "source": "local_knowledge",
        "surface": "asphalt"
      },
      "geometry": {
        "type": "LineString",
        "coordinates": [
          [
            86.1475568,
            55.3573679
          ],
          [
            86.1472007,
            55.3574025
          ],
          [
            86.1441175,
            55.357683
          ],
          [
            86.1424086,
            55.3578407
          ],
          [
            86.1398813,
            55.3580728
          ],
          [
            86.1393658,
            55.3580801
          ],
          [
            86.1390546,
            55.3580688
          ],
          [
            86.1387291,
            55.3580345
          ],
          [
            86.1376616,
            55.3579033
          ],
          [
            86.1369686,
            55.3578182
          ]
        ]
      },
      "id": "way/798739712"
    },
    {
      "type": "Feature",
      "properties": {
        "@id": "way/803517032",
        "highway": "primary",
        "lanes": "2",
        "maxspeed": "RU:urban",
        "name": "Октябрьский проспект",
        "name:etymology:wikidata": "Q42976",
        "name:ru": "Октябрьский проспект",
        "oneway": "yes",
        "surface": "asphalt"
      },
      "geometry": {
        "type": "LineString",
        "coordinates": [
          [
            86.1222556,
            55.3486497
          ],
          [
            86.1202713,
            55.34865
          ],
          [
            86.1188692,
            55.3486382
          ],
          [
            86.1187814,
            55.3486374
          ],
          [
            86.1182206,
            55.3486321
          ],
          [
            86.1175587,
            55.3486258
          ],
          [
            86.114465,
            55.3486011
          ],
          [
            86.1141284,
            55.3485983
          ]
        ]
      },
      "id": "way/803517032"
    },
    {
      "type": "Feature",
      "properties": {
        "@id": "way/803517033",
        "highway": "primary",
        "lanes": "2",
        "maxspeed": "RU:urban",
        "name": "Октябрьский проспект",
        "name:etymology:wikidata": "Q42976",
        "name:ru": "Октябрьский проспект",
        "oneway": "yes",
        "surface": "asphalt"
      },
      "geometry": {
        "type": "LineString",
        "coordinates": [
          [
            86.1222583,
            55.3485834
          ],
          [
            86.1227808,
            55.34859
          ],
          [
            86.1247771,
            55.3486027
          ],
          [
            86.1266182,
            55.3486154
          ],
          [
            86.126786,
            55.3486154
          ],
          [
            86.1270938,
            55.3486193
          ],
          [
            86.1274555,
            55.3486223
          ],
          [
            86.1282903,
            55.3486293
          ],
          [
            86.1301838,
            55.3486451
          ]
        ]
      },
      "id": "way/803517033"
    },
    {
      "type": "Feature",
      "properties": {
        "@id": "way/805525850",
        "highway": "secondary",
        "lanes": "2",
        "maxspeed": "60",
        "name": "бульвар Строителей",
        "oneway": "no",
        "surface": "asphalt"
      },
      "geometry": {
        "type": "LineString",
        "coordinates": [
          [
            86.1804333,
            55.3282382
          ],
          [
            86.1808243,
            55.3277987
          ],
          [
            86.181029,
            55.3275818
          ],
          [
            86.1811281,
            55.327475
          ],
          [
            86.1811978,
            55.3274
          ],
          [
            86.1816725,
            55.3268888
          ],
          [
            86.1819433,
            55.3266073
          ],
          [
            86.1825379,
            55.3259633
          ],
          [
            86.1830048,
            55.3254763
          ],
          [
            86.1834978,
            55.324927
          ],
          [
            86.1840353,
            55.324369
          ],
          [
            86.1847006,
            55.3236748
          ],
          [
            86.1857081,
            55.3226151
          ],
          [
            86.1859035,
            55.3224225
          ],
          [
            86.1867689,
            55.3215202
          ],
          [
            86.1874819,
            55.3207791
          ]
        ]
      },
      "id": "way/805525850"
    },
    {
      "type": "Feature",
      "properties": {
        "@id": "way/807279092",
        "highway": "primary",
        "lanes": "4",
        "maxspeed": "60",
        "name": "улица Нахимова",
        "surface": "asphalt"
      },
      "geometry": {
        "type": "LineString",
        "coordinates": [
          [
            86.1209819,
            55.4202183
          ],
          [
            86.1202979,
            55.4193845
          ],
          [
            86.1202673,
            55.4193473
          ],
          [
            86.1201483,
            55.4192022
          ]
        ]
      },
      "id": "way/807279092"
    },
    {
      "type": "Feature",
      "properties": {
        "@id": "way/807999546",
        "highway": "primary",
        "junction": "roundabout",
        "lanes": "3",
        "maxspeed": "RU:urban",
        "oneway": "yes",
        "sidewalk": "right",
        "surface": "asphalt"
      },
      "geometry": {
        "type": "LineString",
        "coordinates": [
          [
            86.1625977,
            55.3492273
          ],
          [
            86.1625719,
            55.3492569
          ]
        ]
      },
      "id": "way/807999546"
    },
    {
      "type": "Feature",
      "properties": {
        "@id": "way/807999548",
        "highway": "secondary",
        "lanes": "3",
        "maxspeed": "RU:urban",
        "name": "бульвар Строителей",
        "oneway": "yes",
        "surface": "asphalt"
      },
      "geometry": {
        "type": "LineString",
        "coordinates": [
          [
            86.1631432,
            55.3486399
          ],
          [
            86.1661174,
            55.3453862
          ],
          [
            86.1662306,
            55.3452734
          ],
          [
            86.1670503,
            55.3443811
          ],
          [
            86.1674218,
            55.3439767
          ],
          [
            86.1696142,
            55.3415902
          ],
          [
            86.1696943,
            55.3415014
          ],
          [
            86.1697675,
            55.3414248
          ]
        ]
      },
      "id": "way/807999548"
    },
    {
      "type": "Feature",
      "properties": {
        "@id": "way/807999550",
        "highway": "secondary",
        "lanes": "3",
        "maxspeed": "RU:urban",
        "name": "бульвар Строителей",
        "oneway": "yes",
        "surface": "asphalt"
      },
      "geometry": {
        "type": "LineString",
        "coordinates": [
          [
            86.1760936,
            55.3345512
          ],
          [
            86.176949,
            55.3336219
          ],
          [
            86.1770165,
            55.3335485
          ]
        ]
      },
      "id": "way/807999550"
    },
    {
      "type": "Feature",
      "properties": {
        "@id": "way/808002064",
        "highway": "secondary",
        "lanes": "3",
        "maxspeed": "RU:urban",
        "name": "бульвар Строителей",
        "oneway": "yes",
        "surface": "asphalt"
      },
      "geometry": {
        "type": "LineString",
        "coordinates": [
          [
            86.1750161,
            55.3357219
          ],
          [
            86.1760936,
            55.3345512
          ]
        ]
      },
      "id": "way/808002064"
    },
    {
      "type": "Feature",
      "properties": {
        "@id": "way/808002065",
        "highway": "secondary",
        "lanes": "3",
        "maxspeed": "RU:urban",
        "name": "бульвар Строителей",
        "oneway": "yes",
        "surface": "asphalt"
      },
      "geometry": {
        "type": "LineString",
        "coordinates": [
          [
            86.1663115,
            55.3453006
          ],
          [
            86.1662064,
            55.3454105
          ],
          [
            86.1660425,
            55.3455846
          ],
          [
            86.1652887,
            55.3463981
          ]
        ]
      },
      "id": "way/808002065"
    },
    {
      "type": "Feature",
      "properties": {
        "@id": "way/808002066",
        "highway": "secondary",
        "lanes": "3",
        "maxspeed": "RU:urban",
        "name": "бульвар Строителей",
        "oneway": "yes",
        "surface": "asphalt"
      },
      "geometry": {
        "type": "LineString",
        "coordinates": [
          [
            86.173186,
            55.337807
          ],
          [
            86.1725153,
            55.3385289
          ]
        ]
      },
      "id": "way/808002066"
    },
    {
      "type": "Feature",
      "properties": {
        "@id": "way/808004463",
        "highway": "secondary",
        "lanes": "3",
        "maxspeed": "RU:urban",
        "name": "бульвар Строителей",
        "oneway": "yes",
        "sidewalk": "right",
        "surface": "asphalt"
      },
      "geometry": {
        "type": "LineString",
        "coordinates": [
          [
            86.1553448,
            55.3564845
          ],
          [
            86.1554538,
            55.3564907
          ],
          [
            86.155553,
            55.3564846
          ],
          [
            86.1556457,
            55.3564692
          ],
          [
            86.1557244,
            55.3564392
          ],
          [
            86.1558543,
            55.356368
          ],
          [
            86.155975,
            55.3562795
          ],
          [
            86.1560987,
            55.3561634
          ],
          [
            86.1566136,
            55.3556092
          ],
          [
            86.1574352,
            55.354725
          ],
          [
            86.1574909,
            55.354665
          ],
          [
            86.1580707,
            55.3540361
          ],
          [
            86.1587012,
            55.3533523
          ],
          [
            86.1587608,
            55.3532876
          ],
          [
            86.1589437,
            55.3531047
          ],
          [
            86.1590083,
            55.3530407
          ],
          [
            86.1591942,
            55.3528474
          ],
          [
            86.1603713,
            55.3515546
          ],
          [
            86.1604163,
            55.3515052
          ],
          [
            86.1604761,
            55.3514393
          ],
          [
            86.1619756,
            55.3498227
          ]
        ]
      },
      "id": "way/808004463"
    },
    {
      "type": "Feature",
      "properties": {
        "@id": "way/808907471",
        "highway": "secondary",
        "lanes": "2",
        "maxspeed": "RU:urban",
        "name": "улица Марковцева",
        "oneway": "yes",
        "surface": "asphalt"
      },
      "geometry": {
        "type": "LineString",
        "coordinates": [
          [
            86.1830663,
            55.3352682
          ],
          [
            86.1847956,
            55.3357953
          ],
          [
            86.185826,
            55.3357822
          ]
        ]
      },
      "id": "way/808907471"
    },
    {
      "type": "Feature",
      "properties": {
        "@id": "way/808916105",
        "highway": "secondary",
        "lanes": "2",
        "maxspeed": "RU:urban",
        "name": "Октябрьский проспект",
        "name:etymology:wikidata": "Q42976",
        "name:ru": "Октябрьский проспект",
        "oneway": "yes",
        "surface": "asphalt"
      },
      "geometry": {
        "type": "LineString",
        "coordinates": [
          [
            86.167554,
            55.3556767
          ],
          [
            86.1672238,
            55.3555778
          ],
          [
            86.1666963,
            55.3554203
          ],
          [
            86.1642672,
            55.3546949
          ]
        ]
      },
      "id": "way/808916105"
    },
    {
      "type": "Feature",
      "properties": {
        "@id": "way/808916106",
        "highway": "secondary",
        "lanes": "2",
        "maxspeed": "RU:urban",
        "name": "Октябрьский проспект",
        "name:etymology:wikidata": "Q42976",
        "name:ru": "Октябрьский проспект",
        "oneway": "yes",
        "surface": "asphalt"
      },
      "geometry": {
        "type": "LineString",
        "coordinates": [
          [
            86.1576514,
            55.3526357
          ],
          [
            86.1578716,
            55.3527014
          ],
          [
            86.1586799,
            55.3529427
          ],
          [
            86.1590083,
            55.3530407
          ],
          [
            86.1591585,
            55.3530855
          ],
          [
            86.1593924,
            55.3531555
          ],
          [
            86.1598799,
            55.353301
          ],
          [
            86.1604253,
            55.3534637
          ],
          [
            86.1624529,
            55.354069
          ],
          [
            86.1626154,
            55.3541175
          ],
          [
            86.1638469,
            55.3544851
          ],
          [
            86.1639871,
            55.354527
          ],
          [
            86.164086,
            55.3545565
          ]
        ]
      },
      "id": "way/808916106"
    },
    {
      "type": "Feature",
      "properties": {
        "@id": "way/809265884",
        "highway": "primary",
        "lanes": "4",
        "lanes:bus": "1",
        "maxspeed": "RU:urban",
        "name": "проспект Ленина",
        "name:etymology:wikidata": "Q1394",
        "name:ru": "проспект Ленина",
        "oneway": "yes",
        "surface": "asphalt"
      },
      "geometry": {
        "type": "LineString",
        "coordinates": [
          [
            86.1403882,
            55.3449957
          ],
          [
            86.140062,
            55.3449911
          ],
          [
            86.139837,
            55.34499
          ],
          [
            86.1393431,
            55.344985
          ],
          [
            86.1377958,
            55.344971
          ]
        ]
      },
      "id": "way/809265884"
    },
    {
      "type": "Feature",
      "properties": {
        "@id": "way/809265886",
        "highway": "secondary",
        "lanes": "3",
        "maxspeed": "RU:urban",
        "name": "проспект Ленина",
        "name:etymology:wikidata": "Q1394",
        "oneway": "yes",
        "surface": "asphalt"
      },
      "geometry": {
        "type": "LineString",
        "coordinates": [
          [
            86.1711684,
            55.3517163
          ],
          [
            86.171449,
            55.3518017
          ],
          [
            86.1739098,
            55.3525488
          ],
          [
            86.1743836,
            55.3526898
          ]
        ]
      },
      "id": "way/809265886"
    },
    {
      "type": "Feature",
      "properties": {
        "@id": "way/810891403",
        "highway": "secondary",
        "lanes": "2",
        "maxspeed": "RU:urban",
        "name": "Ленинградский проспект",
        "surface": "asphalt"
      },
      "geometry": {
        "type": "LineString",
        "coordinates": [
          [
            86.1855311,
            55.3360465
          ],
          [
            86.1856598,
            55.3359201
          ]
        ]
      },
      "id": "way/810891403"
    },
    {
      "type": "Feature",
      "properties": {
        "@id": "way/812406641",
        "highway": "secondary",
        "lanes": "3",
        "maxspeed": "RU:urban",
        "name": "проспект Химиков",
        "oneway": "yes",
        "surface": "asphalt"
      },
      "geometry": {
        "type": "LineString",
        "coordinates": [
          [
            86.1552456,
            55.3371972
          ],
          [
            86.1549826,
            55.3371103
          ],
          [
            86.1545505,
            55.3369872
          ],
          [
            86.152914,
            55.3364929
          ],
          [
            86.1519921,
            55.3362144
          ]
        ]
      },
      "id": "way/812406641"
    },
    {
      "type": "Feature",
      "properties": {
        "@id": "way/812406642",
        "highway": "secondary",
        "lanes": "3",
        "maxspeed": "RU:urban",
        "name": "проспект Химиков",
        "oneway": "yes",
        "surface": "asphalt"
      },
      "geometry": {
        "type": "LineString",
        "coordinates": [
          [
            86.1697675,
            55.3414248
          ],
          [
            86.1698787,
            55.3414568
          ],
          [
            86.1700601,
            55.3415089
          ],
          [
            86.170336,
            55.341591
          ],
          [
            86.1704813,
            55.3416342
          ],
          [
            86.1726991,
            55.3422925
          ],
          [
            86.1742539,
            55.3427456
          ],
          [
            86.1743735,
            55.3427806
          ],
          [
            86.1780326,
            55.3438835
          ],
          [
            86.1782018,
            55.3439334
          ],
          [
            86.1782722,
            55.343953
          ],
          [
            86.1783577,
            55.3439769
          ],
          [
            86.1786446,
            55.3440618
          ],
          [
            86.1789252,
            55.3441438
          ],
          [
            86.1798024,
            55.3444
          ],
          [
            86.1816982,
            55.3449754
          ],
          [
            86.1825997,
            55.3452477
          ],
          [
            86.183409,
            55.3454901
          ],
          [
            86.1836546,
            55.345563
          ],
          [
            86.1849515,
            55.3459479
          ],
          [
            86.1871633,
            55.3466038
          ],
          [
            86.1872707,
            55.3466255
          ],
          [
            86.1873646,
            55.3466339
          ],
          [
            86.1875336,
            55.3466316
          ]
        ]
      },
      "id": "way/812406642"
    },
    {
      "type": "Feature",
      "properties": {
        "@id": "way/814813177",
        "highway": "secondary",
        "name": "улица Марковцева"
      },
      "geometry": {
        "type": "LineString",
        "coordinates": [
          [
            86.1751,
            55.332913
          ],
          [
            86.1723411,
            55.3320924
          ],
          [
            86.1692609,
            55.3311791
          ],
          [
            86.1691094,
            55.3311342
          ],
          [
            86.1689123,
            55.3310757
          ],
          [
            86.163245,
            55.3293926
          ],
          [
            86.1627475,
            55.3292449
          ],
          [
            86.1626295,
            55.3292081
          ]
        ]
      },
      "id": "way/814813177"
    },
    {
      "type": "Feature",
      "properties": {
        "@id": "way/816804032",
        "highway": "primary",
        "lanes": "2",
        "maxspeed": "RU:urban",
        "name": "Советский проспект",
        "name:ru": "Советский проспект",
        "oneway": "yes",
        "surface": "asphalt"
      },
      "geometry": {
        "type": "LineString",
        "coordinates": [
          [
            86.0920249,
            55.3529743
          ],
          [
            86.0922299,
            55.3528717
          ],
          [
            86.0959383,
            55.3510581
          ],
          [
            86.0960703,
            55.3510002
          ],
          [
            86.0961613,
            55.3509612
          ]
        ]
      },
      "id": "way/816804032"
    },
    {
      "type": "Feature",
      "properties": {
        "@id": "way/821264693",
        "highway": "secondary",
        "lanes": "2",
        "maxspeed": "RU:urban",
        "name": "улица Мичурина",
        "name:ru": "улица Мичурина",
        "oneway": "yes",
        "surface": "asphalt"
      },
      "geometry": {
        "type": "LineString",
        "coordinates": [
          [
            86.0906782,
            55.3471698
          ],
          [
            86.0907232,
            55.347061
          ]
        ]
      },
      "id": "way/821264693"
    },
    {
      "type": "Feature",
      "properties": {
        "@id": "way/821264694",
        "highway": "secondary",
        "lanes": "3",
        "maxspeed": "RU:urban",
        "name": "Красноармейская улица",
        "name:etymology:wikidata": "Q251395",
        "oneway": "yes",
        "surface": "asphalt"
      },
      "geometry": {
        "type": "LineString",
        "coordinates": [
          [
            86.0825732,
            55.3489277
          ],
          [
            86.0828031,
            55.3488739
          ],
          [
            86.0849978,
            55.348366
          ],
          [
            86.0870111,
            55.3479042
          ],
          [
            86.0871457,
            55.3478733
          ],
          [
            86.0873664,
            55.3478239
          ],
          [
            86.087519,
            55.3477902
          ],
          [
            86.0878824,
            55.3477066
          ],
          [
            86.0887119,
            55.3475167
          ],
          [
            86.0903291,
            55.3471449
          ],
          [
            86.0904397,
            55.3471195
          ],
          [
            86.0907232,
            55.347061
          ]
        ]
      },
      "id": "way/821264694"
    },
    {
      "type": "Feature",
      "properties": {
        "@id": "way/821264695",
        "highway": "secondary",
        "lanes": "3",
        "maxspeed": "RU:urban",
        "name": "Красноармейская улица",
        "name:etymology:wikidata": "Q251395",
        "oneway": "yes",
        "surface": "asphalt"
      },
      "geometry": {
        "type": "LineString",
        "coordinates": [
          [
            86.0823174,
            55.349091
          ],
          [
            86.0820812,
            55.3491456
          ],
          [
            86.0810286,
            55.3493921
          ],
          [
            86.0795129,
            55.3497744
          ],
          [
            86.0783297,
            55.3500471
          ],
          [
            86.0782018,
            55.3500771
          ]
        ]
      },
      "id": "way/821264695"
    },
    {
      "type": "Feature",
      "properties": {
        "@id": "way/821264696",
        "highway": "secondary",
        "name": "улица 50 лет Октября",
        "name:etymology:wikidata": "Q42976",
        "name:ru": "улица 50 лет Октября",
        "oneway": "yes",
        "surface": "asphalt"
      },
      "geometry": {
        "type": "LineString",
        "coordinates": [
          [
            86.0823174,
            55.349091
          ],
          [
            86.0822323,
            55.3490071
          ]
        ]
      },
      "id": "way/821264696"
    },
    {
      "type": "Feature",
      "properties": {
        "@id": "way/821264697",
        "highway": "secondary",
        "lanes": "3",
        "maxspeed": "RU:urban",
        "name": "Красноармейская улица",
        "name:etymology:wikidata": "Q251395",
        "oneway": "yes",
        "surface": "asphalt"
      },
      "geometry": {
        "type": "LineString",
        "coordinates": [
          [
            86.0822323,
            55.3490071
          ],
          [
            86.0824026,
            55.3489674
          ]
        ]
      },
      "id": "way/821264697"
    },
    {
      "type": "Feature",
      "properties": {
        "@id": "way/821265960",
        "highway": "secondary",
        "lanes": "3",
        "maxspeed": "RU:urban",
        "name": "Красноармейская улица",
        "name:etymology:wikidata": "Q251395",
        "oneway": "yes",
        "surface": "asphalt"
      },
      "geometry": {
        "type": "LineString",
        "coordinates": [
          [
            86.0777661,
            55.3501793
          ],
          [
            86.0776167,
            55.3502119
          ],
          [
            86.0765252,
            55.3504736
          ],
          [
            86.0751018,
            55.3508116
          ],
          [
            86.0748938,
            55.3508525
          ],
          [
            86.0748093,
            55.3508711
          ],
          [
            86.0747296,
            55.350888
          ],
          [
            86.07462,
            55.3509104
          ],
          [
            86.074439,
            55.3509474
          ],
          [
            86.0734098,
            55.3511833
          ],
          [
            86.0723337,
            55.35143
          ],
          [
            86.0722258,
            55.3514547
          ],
          [
            86.0720039,
            55.3515055
          ],
          [
            86.0714181,
            55.3516398
          ],
          [
            86.0706612,
            55.3518133
          ],
          [
            86.0688416,
            55.3522304
          ],
          [
            86.0684781,
            55.3523137
          ],
          [
            86.0671533,
            55.3526173
          ],
          [
            86.0671031,
            55.3526288
          ],
          [
            86.0669144,
            55.3526724
          ]
        ]
      },
      "id": "way/821265960"
    },
    {
      "type": "Feature",
      "properties": {
        "@id": "way/821265961",
        "highway": "secondary",
        "lanes": "3",
        "maxspeed": "RU:urban",
        "name": "Красноармейская улица",
        "name:etymology:wikidata": "Q251395",
        "oneway": "yes",
        "surface": "asphalt"
      },
      "geometry": {
        "type": "LineString",
        "coordinates": [
          [
            86.0777003,
            55.3500888
          ],
          [
            86.0778058,
            55.3500646
          ],
          [
            86.078148,
            55.3499863
          ]
        ]
      },
      "id": "way/821265961"
    },
    {
      "type": "Feature",
      "properties": {
        "@id": "way/828479804",
        "highway": "secondary",
        "lanes": "3",
        "maxspeed": "RU:urban",
        "name": "Комсомольский проспект",
        "oneway": "yes",
        "surface": "asphalt"
      },
      "geometry": {
        "type": "LineString",
        "coordinates": [
          [
            86.187828,
            55.3473169
          ],
          [
            86.1876666,
            55.3474927
          ],
          [
            86.1872302,
            55.3479682
          ],
          [
            86.1866088,
            55.3486452
          ],
          [
            86.1863129,
            55.3489675
          ],
          [
            86.1854508,
            55.3499067
          ],
          [
            86.1839197,
            55.3515747
          ],
          [
            86.1812726,
            55.3544583
          ],
          [
            86.1810504,
            55.3547002
          ],
          [
            86.1809785,
            55.3547786
          ]
        ]
      },
      "id": "way/828479804"
    },
    {
      "type": "Feature",
      "properties": {
        "@id": "way/836804804",
        "highway": "secondary",
        "lanes": "3",
        "maxspeed": "RU:urban",
        "name": "Комсомольский проспект",
        "oneway": "yes",
        "surface": "asphalt"
      },
      "geometry": {
        "type": "LineString",
        "coordinates": [
          [
            86.1808367,
            55.3547353
          ],
          [
            86.1809083,
            55.3546572
          ],
          [
            86.1811299,
            55.3544156
          ],
          [
            86.1837753,
            55.3515301
          ],
          [
            86.1853035,
            55.3498631
          ],
          [
            86.1868023,
            55.3482208
          ],
          [
            86.1875178,
            55.3474472
          ],
          [
            86.1876759,
            55.3472751
          ]
        ]
      },
      "id": "way/836804804"
    },
    {
      "type": "Feature",
      "properties": {
        "@id": "way/864084491",
        "highway": "secondary",
        "lanes": "2",
        "maxspeed": "RU:urban",
        "name": "Октябрьский проспект",
        "name:etymology:wikidata": "Q42976",
        "name:ru": "Октябрьский проспект",
        "oneway": "yes",
        "surface": "asphalt"
      },
      "geometry": {
        "type": "LineString",
        "coordinates": [
          [
            86.164086,
            55.3545565
          ],
          [
            86.1651082,
            55.3548616
          ],
          [
            86.1671469,
            55.3554702
          ],
          [
            86.1672921,
            55.3555135
          ],
          [
            86.1676085,
            55.355608
          ]
        ]
      },
      "id": "way/864084491"
    },
    {
      "type": "Feature",
      "properties": {
        "@id": "way/864084493",
        "highway": "secondary",
        "lanes": "2",
        "maxspeed": "RU:urban",
        "name": "Октябрьский проспект",
        "name:etymology:wikidata": "Q42976",
        "name:ru": "Октябрьский проспект",
        "oneway": "yes",
        "surface": "asphalt"
      },
      "geometry": {
        "type": "LineString",
        "coordinates": [
          [
            86.1642672,
            55.3546949
          ],
          [
            86.1640224,
            55.3546218
          ],
          [
            86.1639297,
            55.3545941
          ],
          [
            86.1623903,
            55.3541342
          ],
          [
            86.1599012,
            55.3533907
          ],
          [
            86.159455,
            55.3532575
          ],
          [
            86.1593329,
            55.3532211
          ],
          [
            86.159097,
            55.3531504
          ],
          [
            86.1589437,
            55.3531047
          ],
          [
            86.1578287,
            55.3527716
          ],
          [
            86.1575893,
            55.3527001
          ],
          [
            86.157363,
            55.3526325
          ],
          [
            86.1569855,
            55.3525197
          ],
          [
            86.1544965,
            55.3517761
          ],
          [
            86.1543441,
            55.3517306
          ],
          [
            86.1538817,
            55.3515924
          ],
          [
            86.1538214,
            55.3515744
          ],
          [
            86.1528929,
            55.3512971
          ],
          [
            86.152591,
            55.3512068
          ]
        ]
      },
      "id": "way/864084493"
    },
    {
      "type": "Feature",
      "properties": {
        "@id": "way/880999534",
        "check_date": "2024-11-26",
        "highway": "secondary",
        "name": "Комсомольский проспект",
        "oneway": "yes",
        "opening_date": "2025-10-31"
      },
      "geometry": {
        "type": "LineString",
        "coordinates": [
          [
            86.1809785,
            55.3547786
          ],
          [
            86.1808103,
            55.3549618
          ],
          [
            86.1801045,
            55.3557536
          ],
          [
            86.1776718,
            55.3584824
          ]
        ]
      },
      "id": "way/880999534"
    },
    {
      "type": "Feature",
      "properties": {
        "@id": "way/880999535",
        "check_date": "2024-11-26",
        "highway": "secondary",
        "name": "Комсомольский проспект",
        "oneway": "yes",
        "opening_date": "2025-10-31"
      },
      "geometry": {
        "type": "LineString",
        "coordinates": [
          [
            86.1774682,
            55.3584774
          ],
          [
            86.1805785,
            55.3550188
          ],
          [
            86.1806678,
            55.3549195
          ],
          [
            86.1808367,
            55.3547353
          ]
        ]
      },
      "id": "way/880999535"
    },
    {
      "type": "Feature",
      "properties": {
        "@id": "way/883072928",
        "highway": "primary",
        "lanes": "2",
        "maxspeed": "RU:urban",
        "name": "улица Юрия Двужильного",
        "oneway": "yes"
      },
      "geometry": {
        "type": "LineString",
        "coordinates": [
          [
            86.1064774,
            55.3209571
          ],
          [
            86.1063849,
            55.3209301
          ],
          [
            86.1063565,
            55.3209218
          ],
          [
            86.1061916,
            55.3208455
          ],
          [
            86.1057168,
            55.3205974
          ]
        ]
      },
      "id": "way/883072928"
    },
    {
      "type": "Feature",
      "properties": {
        "@id": "way/883072930",
        "highway": "primary",
        "lanes": "2",
        "maxspeed": "RU:urban",
        "name": "улица Юрия Двужильного",
        "oneway": "yes"
      },
      "geometry": {
        "type": "LineString",
        "coordinates": [
          [
            86.1065023,
            55.3209136
          ],
          [
            86.106725,
            55.3209557
          ],
          [
            86.1070242,
            55.3209772
          ],
          [
            86.1073828,
            55.3209551
          ],
          [
            86.1086922,
            55.3208479
          ],
          [
            86.110376,
            55.3206936
          ],
          [
            86.1105968,
            55.3206799
          ],
          [
            86.1113456,
            55.3206334
          ],
          [
            86.1145279,
            55.3204952
          ],
          [
            86.1152008,
            55.3204794
          ],
          [
            86.11576,
            55.3205014
          ],
          [
            86.1163233,
            55.3205654
          ],
          [
            86.1171623,
            55.3206854
          ],
          [
            86.1183962,
            55.3208958
          ],
          [
            86.1237969,
            55.3219896
          ],
          [
            86.1255974,
            55.3223294
          ],
          [
            86.1262025,
            55.3223962
          ],
          [
            86.1266018,
            55.3224143
          ],
          [
            86.1270408,
            55.3224168
          ],
          [
            86.1284023,
            55.3223657
          ],
          [
            86.1287901,
            55.3223339
          ],
          [
            86.1303052,
            55.3221503
          ],
          [
            86.1306054,
            55.3221136
          ],
          [
            86.1322051,
            55.3219546
          ]
        ]
      },
      "id": "way/883072930"
    },
    {
      "type": "Feature",
      "properties": {
        "@id": "way/885053299",
        "highway": "primary",
        "lanes": "3",
        "maxspeed": "RU:urban",
        "name": "проспект Ленина",
        "name:etymology:wikidata": "Q1394",
        "name:ru": "проспект Ленина",
        "oneway": "yes",
        "surface": "asphalt"
      },
      "geometry": {
        "type": "LineString",
        "coordinates": [
          [
            86.0889126,
            55.3445251
          ],
          [
            86.0887848,
            55.3445255
          ],
          [
            86.0878708,
            55.3445214
          ],
          [
            86.0871968,
            55.3445183
          ],
          [
            86.0853627,
            55.3445017
          ],
          [
            86.085014,
            55.3444987
          ]
        ]
      },
      "id": "way/885053299"
    },
    {
      "type": "Feature",
      "properties": {
        "@id": "way/885056716",
        "highway": "primary",
        "lanes": "3",
        "maxspeed": "RU:urban",
        "name": "Октябрьский проспект",
        "name:etymology:wikidata": "Q42976",
        "name:ru": "Октябрьский проспект",
        "oneway": "yes",
        "surface": "asphalt"
      },
      "geometry": {
        "type": "LineString",
        "coordinates": [
          [
            86.13473,
            55.3487716
          ],
          [
            86.1337806,
            55.3487605
          ],
          [
            86.1323783,
            55.3487518
          ]
        ]
      },
      "id": "way/885056716"
    },
    {
      "type": "Feature",
      "properties": {
        "@id": "way/885056718",
        "highway": "primary",
        "lanes": "3",
        "maxspeed": "RU:urban",
        "name": "Октябрьский проспект",
        "name:etymology:wikidata": "Q42976",
        "name:ru": "Октябрьский проспект",
        "oneway": "yes",
        "surface": "asphalt"
      },
      "geometry": {
        "type": "LineString",
        "coordinates": [
          [
            86.1315543,
            55.348656
          ],
          [
            86.1323751,
            55.3486633
          ],
          [
            86.1353863,
            55.34868
          ],
          [
            86.1355035,
            55.3486806
          ],
          [
            86.1358297,
            55.3486814
          ]
        ]
      },
      "id": "way/885056718"
    },
    {
      "type": "Feature",
      "properties": {
        "@id": "way/895222996",
        "highway": "primary",
        "lanes": "2",
        "oneway": "yes",
        "surface": "asphalt"
      },
      "geometry": {
        "type": "LineString",
        "coordinates": [
          [
            86.1408805,
            55.2946587
          ],
          [
            86.1409782,
            55.2948771
          ]
        ]
      },
      "id": "way/895222996"
    },
    {
      "type": "Feature",
      "properties": {
        "@id": "way/895222997",
        "highway": "primary",
        "lanes": "2",
        "maxspeed": "RU:urban",
        "oneway": "yes",
        "surface": "asphalt"
      },
      "geometry": {
        "type": "LineString",
        "coordinates": [
          [
            86.1408169,
            55.2948766
          ],
          [
            86.140712,
            55.2946568
          ]
        ]
      },
      "id": "way/895222997"
    },
    {
      "type": "Feature",
      "properties": {
        "@id": "way/902273201",
        "highway": "secondary",
        "lanes": "1",
        "maxspeed": "60",
        "oneway": "yes",
        "surface": "asphalt"
      },
      "geometry": {
        "type": "LineString",
        "coordinates": [
          [
            86.1317154,
            55.377998
          ],
          [
            86.1314729,
            55.3780164
          ],
          [
            86.1310675,
            55.3780593
          ],
          [
            86.1306381,
            55.3780888
          ],
          [
            86.1299619,
            55.3781055
          ],
          [
            86.1294697,
            55.3780465
          ]
        ]
      },
      "id": "way/902273201"
    },
    {
      "type": "Feature",
      "properties": {
        "@id": "way/902273202",
        "highway": "secondary",
        "lanes": "1",
        "maxspeed": "60",
        "oneway": "yes",
        "ref": "32К-590",
        "surface": "asphalt"
      },
      "geometry": {
        "type": "LineString",
        "coordinates": [
          [
            86.1294697,
            55.3780465
          ],
          [
            86.1302483,
            55.3780071
          ],
          [
            86.131303,
            55.3779272
          ]
        ]
      },
      "id": "way/902273202"
    },
    {
      "type": "Feature",
      "properties": {
        "@id": "way/905469966",
        "highway": "primary",
        "highway:category": "ru:IВ",
        "lanes": "3",
        "maxspeed": "RU:urban",
        "name": "Кемерово — Новокузнецк",
        "oneway": "yes",
        "ref": "32К-445",
        "surface": "asphalt",
        "turn:lanes": "left;through|through|right"
      },
      "geometry": {
        "type": "LineString",
        "coordinates": [
          [
            86.1402691,
            55.2934333
          ],
          [
            86.1406654,
            55.294246
          ],
          [
            86.1407262,
            55.2943654
          ]
        ]
      },
      "id": "way/905469966"
    },
    {
      "type": "Feature",
      "properties": {
        "@id": "way/905474647",
        "highway": "secondary",
        "highway:category": "ru:IВ",
        "lanes": "3",
        "maxspeed": "40",
        "name": "Леснополянское шоссе",
        "oneway": "yes",
        "ref": "32К-590",
        "surface": "asphalt"
      },
      "geometry": {
        "type": "LineString",
        "coordinates": [
          [
            86.2324525,
            55.41278
          ],
          [
            86.2330037,
            55.4129455
          ],
          [
            86.2330748,
            55.4129596
          ],
          [
            86.233148,
            55.4129704
          ],
          [
            86.2332155,
            55.4129708
          ],
          [
            86.2332887,
            55.4129653
          ],
          [
            86.2333779,
            55.4129509
          ],
          [
            86.2334702,
            55.4129339
          ]
        ]
      },
      "id": "way/905474647"
    },
    {
      "type": "Feature",
      "properties": {
        "@id": "way/905483686",
        "highway": "secondary",
        "lanes": "3",
        "maxspeed": "40",
        "name": "проспект Владимира Михайлова",
        "oneway": "yes",
        "surface": "asphalt"
      },
      "geometry": {
        "type": "LineString",
        "coordinates": [
          [
            86.2336322,
            55.4136557
          ],
          [
            86.2335371,
            55.4137928
          ],
          [
            86.2334527,
            55.4139345
          ]
        ]
      },
      "id": "way/905483686"
    },
    {
      "type": "Feature",
      "properties": {
        "@id": "way/905483687",
        "highway": "secondary",
        "lanes": "3",
        "maxspeed": "40",
        "name": "проспект Владимира Михайлова",
        "oneway": "yes",
        "surface": "asphalt"
      },
      "geometry": {
        "type": "LineString",
        "coordinates": [
          [
            86.232925,
            55.4143691
          ],
          [
            86.2330053,
            55.4138924
          ],
          [
            86.2329824,
            55.4137955
          ],
          [
            86.2329539,
            55.413665
          ]
        ]
      },
      "id": "way/905483687"
    },
    {
      "type": "Feature",
      "properties": {
        "@id": "way/905483688",
        "highway": "secondary",
        "highway:category": "ru:IВ",
        "lanes": "2",
        "maxspeed": "70",
        "name": "Леснополянское шоссе",
        "oneway": "yes",
        "ref": "32К-590",
        "surface": "asphalt",
        "traffic_calming": "rumble_strip"
      },
      "geometry": {
        "type": "LineString",
        "coordinates": [
          [
            86.2311817,
            55.4124152
          ],
          [
            86.2320051,
            55.4126628
          ]
        ]
      },
      "id": "way/905483688"
    },
    {
      "type": "Feature",
      "properties": {
        "@id": "way/905514373",
        "highway": "secondary",
        "highway:category": "ru:IВ",
        "lanes": "2",
        "maxspeed": "70",
        "name": "Леснополянское шоссе",
        "oneway": "yes",
        "ref": "32К-590",
        "surface": "asphalt"
      },
      "geometry": {
        "type": "LineString",
        "coordinates": [
          [
            86.2297595,
            55.4119843
          ],
          [
            86.2311817,
            55.4124152
          ]
        ]
      },
      "id": "way/905514373"
    },
    {
      "type": "Feature",
      "properties": {
        "@id": "way/905514375",
        "highway": "secondary",
        "lanes": "2",
        "maxspeed": "60"
      },
      "geometry": {
        "type": "LineString",
        "coordinates": [
          [
            86.1379685,
            55.4208786
          ],
          [
            86.1395403,
            55.4202715
          ],
          [
            86.1406982,
            55.4198152
          ],
          [
            86.1408613,
            55.4197873
          ],
          [
            86.1409978,
            55.4197861
          ],
          [
            86.1411149,
            55.4198042
          ],
          [
            86.1412118,
            55.4198433
          ]
        ]
      },
      "id": "way/905514375"
    },
    {
      "type": "Feature",
      "properties": {
        "@id": "way/905514378",
        "highway": "secondary",
        "lanes": "2",
        "maxspeed": "40",
        "name": "проспект Владимира Михайлова",
        "oneway": "yes",
        "surface": "asphalt",
        "turn:lanes": "left|through"
      },
      "geometry": {
        "type": "LineString",
        "coordinates": [
          [
            86.2313616,
            55.4234901
          ],
          [
            86.231171,
            55.4237783
          ],
          [
            86.2309727,
            55.4240769
          ]
        ]
      },
      "id": "way/905514378"
    },
    {
      "type": "Feature",
      "properties": {
        "@id": "way/905514379",
        "highway": "secondary",
        "lanes": "1",
        "maxspeed": "40",
        "name": "проспект Владимира Михайлова",
        "oneway": "yes",
        "surface": "asphalt"
      },
      "geometry": {
        "type": "LineString",
        "coordinates": [
          [
            86.2309727,
            55.4240769
          ],
          [
            86.2306743,
            55.4244541
          ]
        ]
      },
      "id": "way/905514379"
    },
    {
      "type": "Feature",
      "properties": {
        "@id": "way/905519063",
        "highway": "secondary",
        "highway:category": "ru:IВ",
        "lanes": "2",
        "maxspeed": "60",
        "name": "Леснополянское шоссе",
        "oneway": "yes",
        "ref": "32К-590",
        "surface": "asphalt"
      },
      "geometry": {
        "type": "LineString",
        "coordinates": [
          [
            86.2330996,
            55.4133308
          ],
          [
            86.2330922,
            55.4132664
          ],
          [
            86.2330726,
            55.4132026
          ],
          [
            86.2330406,
            55.4131572
          ],
          [
            86.2329955,
            55.4131181
          ],
          [
            86.232932,
            55.4130833
          ],
          [
            86.2328542,
            55.4130517
          ],
          [
            86.2326786,
            55.412997
          ],
          [
            86.2311815,
            55.412547
          ]
        ]
      },
      "id": "way/905519063"
    },
    {
      "type": "Feature",
      "properties": {
        "@id": "way/908139971",
        "highway": "primary",
        "lanes": "2",
        "lit": "yes",
        "maxspeed": "RU:rural",
        "name": "«Сибирь»",
        "old_ref": "M53",
        "ref": "Р-255",
        "surface": "asphalt"
      },
      "geometry": {
        "type": "LineString",
        "coordinates": [
          [
            85.9286604,
            55.3322628
          ],
          [
            85.9282066,
            55.3324
          ],
          [
            85.9219454,
            55.3342822
          ],
          [
            85.9196221,
            55.3349805
          ],
          [
            85.9182169,
            55.3354029
          ],
          [
            85.9124151,
            55.3371321
          ]
        ]
      },
      "id": "way/908139971"
    },
    {
      "type": "Feature",
      "properties": {
        "@id": "way/915111369",
        "highway": "secondary",
        "lanes": "2",
        "maxspeed": "60",
        "name": "Советский проспект",
        "name:ru": "Советский проспект",
        "oneway": "yes",
        "surface": "asphalt"
      },
      "geometry": {
        "type": "LineString",
        "coordinates": [
          [
            86.068776,
            55.3593088
          ],
          [
            86.0687456,
            55.3593164
          ],
          [
            86.0685516,
            55.3593609
          ],
          [
            86.0680046,
            55.3594875
          ],
          [
            86.0674935,
            55.3596058
          ],
          [
            86.066333,
            55.3598743
          ],
          [
            86.065663,
            55.3600277
          ],
          [
            86.0640981,
            55.3603883
          ],
          [
            86.0630733,
            55.3606298
          ]
        ]
      },
      "id": "way/915111369"
    },
    {
      "type": "Feature",
      "properties": {
        "@id": "way/915111370",
        "highway": "secondary",
        "lanes": "3",
        "maxspeed": "60",
        "name": "Советский проспект",
        "name:ru": "Советский проспект",
        "oneway": "yes",
        "surface": "asphalt"
      },
      "geometry": {
        "type": "LineString",
        "coordinates": [
          [
            86.0592551,
            55.3613924
          ],
          [
            86.0593676,
            55.3613849
          ],
          [
            86.0594789,
            55.3613696
          ],
          [
            86.0596394,
            55.3613399
          ],
          [
            86.0612325,
            55.3609662
          ],
          [
            86.0630195,
            55.3605595
          ],
          [
            86.0637136,
            55.360395
          ],
          [
            86.0671493,
            55.3596014
          ],
          [
            86.0682496,
            55.359345
          ],
          [
            86.0685021,
            55.3592862
          ],
          [
            86.0686477,
            55.3592478
          ],
          [
            86.0687024,
            55.3592337
          ],
          [
            86.0687423,
            55.359221
          ]
        ]
      },
      "id": "way/915111370"
    },
    {
      "type": "Feature",
      "properties": {
        "@id": "way/915111371",
        "highway": "secondary",
        "junction": "roundabout"
      },
      "geometry": {
        "type": "LineString",
        "coordinates": [
          [
            86.0070598,
            55.3617931
          ],
          [
            86.0071026,
            55.3617691
          ],
          [
            86.0071552,
            55.3617526
          ],
          [
            86.0072137,
            55.3617447
          ],
          [
            86.0072738,
            55.361746
          ],
          [
            86.007331,
            55.3617564
          ],
          [
            86.0073812,
            55.3617752
          ],
          [
            86.0074223,
            55.3618032
          ],
          [
            86.0074465,
            55.3618318
          ],
          [
            86.0074568,
            55.3618655
          ],
          [
            86.0074513,
            55.3618982
          ],
          [
            86.0074311,
            55.361929
          ],
          [
            86.0073976,
            55.3619558
          ],
          [
            86.007353,
            55.3619767
          ],
          [
            86.0073004,
            55.3619904
          ],
          [
            86.0072434,
            55.3619959
          ],
          [
            86.0071859,
            55.3619928
          ],
          [
            86.0071339,
            55.361982
          ],
          [
            86.0070882,
            55.3619642
          ],
          [
            86.0070518,
            55.3619406
          ],
          [
            86.0070267,
            55.3619126
          ],
          [
            86.0070147,
            55.3618819
          ],
          [
            86.0070164,
            55.3618504
          ],
          [
            86.0070318,
            55.3618202
          ],
          [
            86.0070598,
            55.3617931
          ]
        ]
      },
      "id": "way/915111371"
    },
    {
      "type": "Feature",
      "properties": {
        "@id": "way/915112816",
        "highway": "secondary",
        "lanes": "2",
        "name": "Мозжухинская улица",
        "note": "Юрга не является \"большим городом\" (city), поэтому к нему ведут дороги класса secondary"
      },
      "geometry": {
        "type": "LineString",
        "coordinates": [
          [
            85.9474339,
            55.3995521
          ],
          [
            85.9473544,
            55.3995965
          ],
          [
            85.9472949,
            55.3996386
          ],
          [
            85.9472573,
            55.3996736
          ],
          [
            85.9471941,
            55.3997571
          ],
          [
            85.9471377,
            55.399856
          ],
          [
            85.9468539,
            55.4004107
          ],
          [
            85.9467678,
            55.400538
          ],
          [
            85.9466586,
            55.4006631
          ],
          [
            85.9465133,
            55.400795
          ],
          [
            85.9451489,
            55.4017646
          ],
          [
            85.9450824,
            55.4018119
          ],
          [
            85.9450718,
            55.4018204
          ],
          [
            85.9443457,
            55.4023715
          ],
          [
            85.9441518,
            55.4025286
          ],
          [
            85.9440191,
            55.4026624
          ],
          [
            85.9439287,
            55.4027602
          ],
          [
            85.9438644,
            55.4028715
          ],
          [
            85.9438097,
            55.4030162
          ],
          [
            85.9437678,
            55.4031902
          ],
          [
            85.9436695,
            55.4036228
          ],
          [
            85.9436197,
            55.4037685
          ],
          [
            85.9435308,
            55.4039247
          ],
          [
            85.9433899,
            55.4041201
          ],
          [
            85.9431278,
            55.4044305
          ],
          [
            85.9428156,
            55.4047584
          ],
          [
            85.9424514,
            55.405158
          ],
          [
            85.942108,
            55.4055006
          ],
          [
            85.9416875,
            55.4058803
          ],
          [
            85.9413387,
            55.4061723
          ],
          [
            85.9411367,
            55.4063262
          ],
          [
            85.9409664,
            55.4064444
          ],
          [
            85.9408052,
            55.4065428
          ],
          [
            85.9404916,
            55.4067081
          ],
          [
            85.9404532,
            55.4067278
          ],
          [
            85.9392404,
            55.4073561
          ],
          [
            85.9388829,
            55.4075505
          ],
          [
            85.9383594,
            55.4078701
          ],
          [
            85.9378832,
            55.4081952
          ],
          [
            85.9375252,
            55.4084417
          ],
          [
            85.9374082,
            55.4085175
          ],
          [
            85.9372073,
            55.4086476
          ],
          [
            85.9367682,
            55.4089666
          ],
          [
            85.9363998,
            55.4092052
          ],
          [
            85.9360268,
            55.4094384
          ],
          [
            85.9356679,
            55.4096475
          ],
          [
            85.935224,
            55.4099156
          ],
          [
            85.934092,
            55.4106008
          ]
        ]
      },
      "id": "way/915112816"
    },
    {
      "type": "Feature",
      "properties": {
        "@id": "way/915112817",
        "highway": "secondary",
        "lanes": "2",
        "maxspeed": "90",
        "name": "Новосибирск — Ленинск-Кузнецкий — Кемерово — Юрга",
        "note": "Юрга не является \"большим городом\" (city), поэтому к нему ведут дороги класса secondary",
        "old_ref": "Р-384",
        "ref": "32Р-67"
      },
      "geometry": {
        "type": "LineString",
        "coordinates": [
          [
            85.934092,
            55.4106008
          ],
          [
            85.9336561,
            55.4108623
          ],
          [
            85.931152,
            55.4124085
          ]
        ]
      },
      "id": "way/915112817"
    },
    {
      "type": "Feature",
      "properties": {
        "@id": "way/915453110",
        "highway": "primary",
        "lanes": "2",
        "name": "Красноармейская улица",
        "name:etymology:wikidata": "Q251395",
        "oneway": "yes",
        "surface": "asphalt"
      },
      "geometry": {
        "type": "LineString",
        "coordinates": [
          [
            86.0508247,
            55.3563265
          ],
          [
            86.0516762,
            55.3561267
          ],
          [
            86.0525511,
            55.3559214
          ],
          [
            86.0538485,
            55.355617
          ],
          [
            86.0597575,
            55.3542596
          ]
        ]
      },
      "id": "way/915453110"
    },
    {
      "type": "Feature",
      "properties": {
        "@id": "way/915453111",
        "highway": "secondary",
        "lanes": "3",
        "maxspeed": "RU:urban",
        "name": "Красноармейская улица",
        "name:etymology:wikidata": "Q251395",
        "oneway": "yes",
        "surface": "asphalt"
      },
      "geometry": {
        "type": "LineString",
        "coordinates": [
          [
            86.0667854,
            55.3527023
          ],
          [
            86.0666463,
            55.3527357
          ],
          [
            86.0649857,
            55.3531234
          ],
          [
            86.0647049,
            55.3531893
          ]
        ]
      },
      "id": "way/915453111"
    },
    {
      "type": "Feature",
      "properties": {
        "@id": "way/917435116",
        "highway": "primary",
        "lanes": "2",
        "lit": "yes",
        "maxaxleload": "10",
        "maxspeed": "40",
        "overtaking": "forward",
        "surface": "asphalt"
      },
      "geometry": {
        "type": "LineString",
        "coordinates": [
          [
            85.9373407,
            55.3296296
          ],
          [
            85.937064,
            55.329713
          ],
          [
            85.9368054,
            55.3297862
          ],
          [
            85.935325,
            55.330237
          ]
        ]
      },
      "id": "way/917435116"
    },
    {
      "type": "Feature",
      "properties": {
        "@id": "way/917435117",
        "highway": "primary",
        "lanes": "2",
        "lit": "yes",
        "maxspeed": "RU:urban",
        "surface": "asphalt"
      },
      "geometry": {
        "type": "LineString",
        "coordinates": [
          [
            85.935325,
            55.330237
          ],
          [
            85.9332141,
            55.3308731
          ],
          [
            85.9330769,
            55.3309144
          ],
          [
            85.9309957,
            55.3315415
          ]
        ]
      },
      "id": "way/917435117"
    },
    {
      "type": "Feature",
      "properties": {
        "@id": "way/917435118",
        "highway": "primary",
        "lanes": "4",
        "lit": "yes",
        "maxspeed": "RU:urban",
        "surface": "asphalt"
      },
      "geometry": {
        "type": "LineString",
        "coordinates": [
          [
            85.9309957,
            55.3315415
          ],
          [
            85.9286604,
            55.3322628
          ]
        ]
      },
      "id": "way/917435118"
    },
    {
      "type": "Feature",
      "properties": {
        "@id": "way/917561765",
        "highway": "primary",
        "lanes": "2",
        "maxspeed": "60",
        "name": "проспект Шахтёров",
        "oneway": "yes",
        "surface": "asphalt"
      },
      "geometry": {
        "type": "LineString",
        "coordinates": [
          [
            86.1068409,
            55.3892108
          ],
          [
            86.106922,
            55.3892963
          ]
        ]
      },
      "id": "way/917561765"
    },
    {
      "type": "Feature",
      "properties": {
        "@id": "way/917895073",
        "highway": "primary",
        "lanes": "4",
        "lanes:bus": "1",
        "maxspeed": "RU:urban",
        "name": "проспект Ленина",
        "name:etymology:wikidata": "Q1394",
        "name:ru": "проспект Ленина",
        "oneway": "yes",
        "surface": "asphalt"
      },
      "geometry": {
        "type": "LineString",
        "coordinates": [
          [
            86.1361483,
            55.3448197
          ],
          [
            86.1364133,
            55.3448229
          ],
          [
            86.1385009,
            55.344841
          ],
          [
            86.1396126,
            55.34485
          ],
          [
            86.1398362,
            55.3448522
          ],
          [
            86.1399401,
            55.3448525
          ],
          [
            86.1401131,
            55.3448537
          ],
          [
            86.14099,
            55.3448623
          ],
          [
            86.1422459,
            55.3448745
          ],
          [
            86.1437319,
            55.3448889
          ],
          [
            86.1456926,
            55.344908
          ],
          [
            86.1471107,
            55.3449169
          ],
          [
            86.1474576,
            55.3449185
          ],
          [
            86.1476973,
            55.3449196
          ]
        ]
      },
      "id": "way/917895073"
    },
    {
      "type": "Feature",
      "properties": {
        "@id": "way/918322804",
        "highway": "secondary",
        "lanes": "2",
        "maxspeed": "RU:urban",
        "name": "улица Марковцева",
        "oneway": "yes",
        "surface": "asphalt"
      },
      "geometry": {
        "type": "LineString",
        "coordinates": [
          [
            86.1860382,
            55.3357789
          ],
          [
            86.1865728,
            55.3357775
          ],
          [
            86.1880883,
            55.33577
          ],
          [
            86.1897178,
            55.335765
          ],
          [
            86.1912358,
            55.3357607
          ],
          [
            86.1935711,
            55.3357569
          ],
          [
            86.1939408,
            55.3357619
          ]
        ]
      },
      "id": "way/918322804"
    },
    {
      "type": "Feature",
      "properties": {
        "@id": "way/922029222",
        "highway": "secondary",
        "lanes": "2",
        "maxspeed": "RU:urban",
        "name": "улица Юрия Двужильного",
        "oneway": "yes"
      },
      "geometry": {
        "type": "LineString",
        "coordinates": [
          [
            86.0989211,
            55.316956
          ],
          [
            86.0986263,
            55.3167793
          ],
          [
            86.0975654,
            55.316214
          ],
          [
            86.0965758,
            55.315692
          ],
          [
            86.0950889,
            55.3149076
          ],
          [
            86.0939538,
            55.3143036
          ],
          [
            86.0938807,
            55.3142646
          ],
          [
            86.0936368,
            55.3141403
          ],
          [
            86.0934451,
            55.3140369
          ],
          [
            86.0906147,
            55.3124673
          ],
          [
            86.0904702,
            55.3123888
          ],
          [
            86.0900397,
            55.3121813
          ],
          [
            86.0899201,
            55.3121241
          ]
        ]
      },
      "id": "way/922029222"
    },
    {
      "type": "Feature",
      "properties": {
        "@id": "way/922029223",
        "highway": "primary",
        "lanes": "2",
        "maxspeed": "RU:urban",
        "name": "улица Юрия Двужильного",
        "oneway": "yes"
      },
      "geometry": {
        "type": "LineString",
        "coordinates": [
          [
            86.0991019,
            55.3168543
          ],
          [
            86.0991735,
            55.3168976
          ]
        ]
      },
      "id": "way/922029223"
    },
    {
      "type": "Feature",
      "properties": {
        "@id": "way/954146027",
        "highway": "primary",
        "lanes": "2",
        "maxspeed": "RU:urban",
        "name": "улица Юрия Двужильного",
        "oneway": "yes"
      },
      "geometry": {
        "type": "LineString",
        "coordinates": [
          [
            86.1057168,
            55.3205974
          ],
          [
            86.1051163,
            55.3202908
          ]
        ]
      },
      "id": "way/954146027"
    },
    {
      "type": "Feature",
      "properties": {
        "@id": "way/954146029",
        "highway": "primary",
        "lanes": "2",
        "maxspeed": "RU:urban",
        "name": "улица Юрия Двужильного",
        "oneway": "yes"
      },
      "geometry": {
        "type": "LineString",
        "coordinates": [
          [
            86.1057711,
            55.3205665
          ],
          [
            86.1060312,
            55.3207112
          ],
          [
            86.1063046,
            55.3208401
          ],
          [
            86.1065023,
            55.3209136
          ]
        ]
      },
      "id": "way/954146029"
    },
    {
      "type": "Feature",
      "properties": {
        "@id": "way/954146030",
        "highway": "primary",
        "lanes": "2",
        "maxspeed": "RU:urban",
        "name": "улица Юрия Двужильного",
        "oneway": "yes"
      },
      "geometry": {
        "type": "LineString",
        "coordinates": [
          [
            86.1054067,
            55.3203587
          ],
          [
            86.1057711,
            55.3205665
          ]
        ]
      },
      "id": "way/954146030"
    },
    {
      "type": "Feature",
      "properties": {
        "@id": "way/961484929",
        "highway": "secondary",
        "lanes": "2",
        "maxspeed": "40",
        "name": "проспект Владимира Михайлова",
        "oneway": "yes",
        "surface": "asphalt"
      },
      "geometry": {
        "type": "LineString",
        "coordinates": [
          [
            86.2307938,
            55.4240393
          ],
          [
            86.2311804,
            55.4234529
          ],
          [
            86.2313547,
            55.4231814
          ],
          [
            86.2314844,
            55.4229623
          ],
          [
            86.2315577,
            55.422825
          ],
          [
            86.2316387,
            55.4226716
          ],
          [
            86.2317223,
            55.422501
          ],
          [
            86.2318369,
            55.4222528
          ],
          [
            86.2319543,
            55.421998
          ],
          [
            86.2320629,
            55.4217017
          ],
          [
            86.2321736,
            55.4214136
          ],
          [
            86.2322748,
            55.4211361
          ],
          [
            86.2323441,
            55.4209255
          ],
          [
            86.2324174,
            55.4206493
          ],
          [
            86.2325037,
            55.4202381
          ],
          [
            86.232539,
            55.4200177
          ],
          [
            86.2325645,
            55.4198567
          ],
          [
            86.2326104,
            55.4194863
          ]
        ]
      },
      "id": "way/961484929"
    },
    {
      "type": "Feature",
      "properties": {
        "@id": "way/962127277",
        "highway": "primary",
        "highway:category": "ru:IВ",
        "lanes": "3",
        "maxspeed": "RU:rural",
        "name": "Кемерово — Новокузнецк",
        "oneway": "yes",
        "ref": "32К-445",
        "surface": "asphalt",
        "turn:lanes": "through|through|right"
      },
      "geometry": {
        "type": "LineString",
        "coordinates": [
          [
            86.1398737,
            55.2866782
          ],
          [
            86.140652,
            55.2859053
          ]
        ]
      },
      "id": "way/962127277"
    },
    {
      "type": "Feature",
      "properties": {
        "@id": "way/962127279",
        "highway": "primary",
        "highway:category": "ru:IВ",
        "lanes": "3",
        "maxspeed": "90",
        "name": "Кемерово — Новокузнецк",
        "oneway": "yes",
        "ref": "32К-445",
        "surface": "asphalt",
        "turn:lanes": "through|through|through"
      },
      "geometry": {
        "type": "LineString",
        "coordinates": [
          [
            86.1417101,
            55.2851076
          ],
          [
            86.1410557,
            55.2857363
          ]
        ]
      },
      "id": "way/962127279"
    },
    {
      "type": "Feature",
      "properties": {
        "@id": "way/974500181",
        "highway": "primary",
        "lanes": "3",
        "maxspeed": "RU:urban",
        "name": "Кузнецкий проспект",
        "name:ru": "Кузнецкий проспект",
        "oneway": "yes",
        "surface": "asphalt"
      },
      "geometry": {
        "type": "LineString",
        "coordinates": [
          [
            86.0687423,
            55.359221
          ],
          [
            86.0686542,
            55.3590375
          ],
          [
            86.06858,
            55.3589152
          ],
          [
            86.0677853,
            55.3578328
          ],
          [
            86.0677539,
            55.3577897
          ],
          [
            86.0677331,
            55.3577611
          ],
          [
            86.0669833,
            55.3566658
          ]
        ]
      },
      "id": "way/974500181"
    },
    {
      "type": "Feature",
      "properties": {
        "@id": "way/974500182",
        "highway": "primary",
        "lanes": "3",
        "maxspeed": "60",
        "name": "Советский проспект",
        "name:ru": "Советский проспект",
        "oneway": "yes",
        "surface": "asphalt"
      },
      "geometry": {
        "type": "LineString",
        "coordinates": [
          [
            86.0690712,
            55.3592408
          ],
          [
            86.0689269,
            55.3592727
          ],
          [
            86.0688081,
            55.3593004
          ],
          [
            86.068776,
            55.3593088
          ]
        ]
      },
      "id": "way/974500182"
    },
    {
      "type": "Feature",
      "properties": {
        "@id": "way/980068604",
        "highway": "primary",
        "lanes": "3",
        "maxspeed": "RU:urban",
        "name": "проспект Ленина",
        "name:etymology:wikidata": "Q1394",
        "name:ru": "проспект Ленина",
        "oneway": "yes",
        "surface": "asphalt"
      },
      "geometry": {
        "type": "LineString",
        "coordinates": [
          [
            86.085014,
            55.3444987
          ],
          [
            86.084849,
            55.3444973
          ],
          [
            86.0846121,
            55.3444953
          ],
          [
            86.0819295,
            55.3444694
          ],
          [
            86.0808786,
            55.3444587
          ],
          [
            86.0794532,
            55.3444423
          ],
          [
            86.079093,
            55.3444399
          ]
        ]
      },
      "id": "way/980068604"
    },
    {
      "type": "Feature",
      "properties": {
        "@id": "way/980225585",
        "highway": "primary",
        "lanes": "3",
        "maxspeed": "RU:urban",
        "name": "улица Терешковой",
        "name:etymology:wikidata": "Q44371",
        "oneway": "yes",
        "surface": "asphalt"
      },
      "geometry": {
        "type": "LineString",
        "coordinates": [
          [
            86.1104134,
            55.3881268
          ],
          [
            86.1106689,
            55.3880508
          ]
        ]
      },
      "id": "way/980225585"
    },
    {
      "type": "Feature",
      "properties": {
        "@id": "way/980225586",
        "highway": "primary",
        "lanes": "3",
        "maxspeed": "RU:urban",
        "name": "улица Терешковой",
        "name:etymology:wikidata": "Q44371",
        "oneway": "yes",
        "surface": "asphalt"
      },
      "geometry": {
        "type": "LineString",
        "coordinates": [
          [
            86.109354,
            55.3884617
          ],
          [
            86.1102118,
            55.3881936
          ],
          [
            86.1104134,
            55.3881268
          ]
        ]
      },
      "id": "way/980225586"
    },
    {
      "type": "Feature",
      "properties": {
        "@id": "way/980225587",
        "highway": "primary",
        "lanes": "3",
        "maxspeed": "RU:urban",
        "name": "улица Терешковой",
        "name:etymology:wikidata": "Q44371",
        "oneway": "yes",
        "surface": "asphalt"
      },
      "geometry": {
        "type": "LineString",
        "coordinates": [
          [
            86.1160414,
            55.3863056
          ],
          [
            86.1174825,
            55.3856272
          ],
          [
            86.1181492,
            55.3852557
          ],
          [
            86.1187651,
            55.3848633
          ],
          [
            86.1191032,
            55.3846464
          ],
          [
            86.1194537,
            55.3843931
          ],
          [
            86.1198204,
            55.3841276
          ],
          [
            86.1203556,
            55.3836771
          ],
          [
            86.1223842,
            55.3819604
          ],
          [
            86.1242878,
            55.3802759
          ],
          [
            86.1271008,
            55.3779398
          ],
          [
            86.127455,
            55.3776191
          ],
          [
            86.1280197,
            55.3770939
          ],
          [
            86.1282324,
            55.3768952
          ],
          [
            86.1285928,
            55.3764779
          ]
        ]
      },
      "id": "way/980225587"
    },
    {
      "type": "Feature",
      "properties": {
        "@id": "way/980225588",
        "highway": "primary",
        "lanes": "3",
        "maxspeed": "RU:urban",
        "name": "улица Терешковой",
        "name:etymology:wikidata": "Q44371",
        "oneway": "yes",
        "surface": "asphalt"
      },
      "geometry": {
        "type": "LineString",
        "coordinates": [
          [
            86.1068409,
            55.3892108
          ],
          [
            86.1070741,
            55.3891425
          ],
          [
            86.1076619,
            55.3889582
          ],
          [
            86.1088506,
            55.3886113
          ],
          [
            86.109354,
            55.3884617
          ]
        ]
      },
      "id": "way/980225588"
    },
    {
      "type": "Feature",
      "properties": {
        "@id": "way/980225589",
        "highway": "primary",
        "lanes": "2",
        "maxspeed": "RU:urban",
        "name": "улица Терешковой",
        "name:etymology:wikidata": "Q44371",
        "oneway": "yes",
        "surface": "asphalt"
      },
      "geometry": {
        "type": "LineString",
        "coordinates": [
          [
            86.11604,
            55.3864045
          ],
          [
            86.1153996,
            55.3866407
          ],
          [
            86.1148619,
            55.3868319
          ],
          [
            86.1107543,
            55.3881233
          ]
        ]
      },
      "id": "way/980225589"
    },
    {
      "type": "Feature",
      "properties": {
        "@id": "way/980225590",
        "highway": "primary",
        "lanes": "3",
        "maxspeed": "RU:urban",
        "name": "улица Терешковой",
        "name:etymology:wikidata": "Q44371",
        "oneway": "yes",
        "surface": "asphalt"
      },
      "geometry": {
        "type": "LineString",
        "coordinates": [
          [
            86.1104888,
            55.3882097
          ],
          [
            86.1102851,
            55.3882676
          ],
          [
            86.1094559,
            55.3885291
          ],
          [
            86.1086052,
            55.3887896
          ],
          [
            86.1079168,
            55.3890005
          ],
          [
            86.1077759,
            55.389044
          ],
          [
            86.1072712,
            55.3891914
          ],
          [
            86.1071456,
            55.3892305
          ],
          [
            86.106922,
            55.3892963
          ],
          [
            86.1068547,
            55.3893161
          ],
          [
            86.106803,
            55.3893313
          ],
          [
            86.1066915,
            55.3893642
          ]
        ]
      },
      "id": "way/980225590"
    },
    {
      "type": "Feature",
      "properties": {
        "@id": "way/980225591",
        "highway": "primary",
        "lanes": "3",
        "maxspeed": "RU:urban",
        "name": "улица Терешковой",
        "name:etymology:wikidata": "Q44371",
        "oneway": "yes",
        "surface": "asphalt"
      },
      "geometry": {
        "type": "LineString",
        "coordinates": [
          [
            86.1290511,
            55.3728955
          ],
          [
            86.1291229,
            55.3732625
          ],
          [
            86.1292634,
            55.3740002
          ],
          [
            86.1293199,
            55.3742649
          ],
          [
            86.1293587,
            55.3745023
          ],
          [
            86.1293778,
            55.3748134
          ],
          [
            86.1293739,
            55.3749931
          ],
          [
            86.1293727,
            55.3750465
          ],
          [
            86.1293492,
            55.3753039
          ],
          [
            86.129037,
            55.3761036
          ],
          [
            86.128863,
            55.3763597
          ],
          [
            86.1287291,
            55.3765515
          ],
          [
            86.1285482,
            55.37676
          ],
          [
            86.1283419,
            55.3769609
          ],
          [
            86.1281876,
            55.3771283
          ],
          [
            86.1280038,
            55.3773158
          ],
          [
            86.12782,
            55.3775032
          ],
          [
            86.1273637,
            55.3778702
          ],
          [
            86.1261278,
            55.3789328
          ],
          [
            86.124432,
            55.3803909
          ]
        ]
      },
      "id": "way/980225591"
    },
    {
      "type": "Feature",
      "properties": {
        "@id": "way/981600730",
        "highway": "primary",
        "lanes": "3",
        "maxspeed": "RU:urban",
        "name": "проспект Ленина",
        "name:etymology:wikidata": "Q1394",
        "name:ru": "проспект Ленина",
        "oneway": "yes",
        "surface": "asphalt"
      },
      "geometry": {
        "type": "LineString",
        "coordinates": [
          [
            86.0664941,
            55.3443382
          ],
          [
            86.0662938,
            55.3443371
          ],
          [
            86.0661385,
            55.3443359
          ],
          [
            86.0655996,
            55.3443316
          ],
          [
            86.0653065,
            55.3443293
          ],
          [
            86.064722,
            55.3443247
          ],
          [
            86.0645326,
            55.3443232
          ],
          [
            86.0640058,
            55.3443189
          ]
        ]
      },
      "id": "way/981600730"
    },
    {
      "type": "Feature",
      "properties": {
        "@id": "way/983592027",
        "highway": "primary",
        "lanes": "4",
        "maxspeed": "RU:urban",
        "name": "Кузнецкий проспект",
        "oneway": "yes"
      },
      "geometry": {
        "type": "LineString",
        "coordinates": [
          [
            86.0624197,
            55.3441581
          ],
          [
            86.0624318,
            55.3441904
          ],
          [
            86.0624353,
            55.3442086
          ],
          [
            86.0624348,
            55.3442286
          ],
          [
            86.0624288,
            55.3443057
          ],
          [
            86.0624059,
            55.3443948
          ],
          [
            86.0621714,
            55.3447977
          ]
        ]
      },
      "id": "way/983592027"
    },
    {
      "type": "Feature",
      "properties": {
        "@id": "way/983592028",
        "highway": "primary",
        "lanes": "3",
        "maxspeed": "RU:urban",
        "name": "Кузнецкий проспект",
        "oneway": "yes"
      },
      "geometry": {
        "type": "LineString",
        "coordinates": [
          [
            86.0621714,
            55.3447977
          ],
          [
            86.0621484,
            55.3449161
          ],
          [
            86.0621132,
            55.3450975
          ],
          [
            86.0620459,
            55.3454445
          ],
          [
            86.0620634,
            55.3461871
          ],
          [
            86.0620587,
            55.3463837
          ],
          [
            86.0620158,
            55.347177
          ]
        ]
      },
      "id": "way/983592028"
    },
    {
      "type": "Feature",
      "properties": {
        "@id": "way/983592029",
        "highway": "primary",
        "lanes": "4",
        "maxspeed": "RU:urban",
        "name": "Кузнецкий проспект",
        "oneway": "yes"
      },
      "geometry": {
        "type": "LineString",
        "coordinates": [
          [
            86.0634289,
            55.3514513
          ],
          [
            86.0646337,
            55.3530923
          ]
        ]
      },
      "id": "way/983592029"
    },
    {
      "type": "Feature",
      "properties": {
        "@id": "way/983592030",
        "highway": "primary",
        "lanes": "2",
        "maxspeed": "RU:urban",
        "name": "Кузнецкий проспект",
        "oneway": "yes"
      },
      "geometry": {
        "type": "LineString",
        "coordinates": [
          [
            86.0647049,
            55.3531893
          ],
          [
            86.0648137,
            55.353343
          ],
          [
            86.0649296,
            55.3535068
          ],
          [
            86.0652304,
            55.3539319
          ],
          [
            86.0654753,
            55.354278
          ]
        ]
      },
      "id": "way/983592030"
    },
    {
      "type": "Feature",
      "properties": {
        "@id": "way/983592031",
        "highway": "primary",
        "lanes": "4",
        "maxspeed": "RU:urban",
        "name": "Кузнецкий проспект",
        "name:ru": "Кузнецкий проспект",
        "oneway": "yes",
        "surface": "asphalt"
      },
      "geometry": {
        "type": "LineString",
        "coordinates": [
          [
            86.0653016,
            55.3543109
          ],
          [
            86.0650755,
            55.3539937
          ],
          [
            86.064635,
            55.3533873
          ],
          [
            86.0645211,
            55.3532335
          ]
        ]
      },
      "id": "way/983592031"
    },
    {
      "type": "Feature",
      "properties": {
        "@id": "way/983592033",
        "highway": "primary",
        "lanes": "4",
        "maxspeed": "RU:urban",
        "name": "Советский проспект",
        "name:ru": "Советский проспект",
        "oneway": "yes"
      },
      "geometry": {
        "type": "LineString",
        "coordinates": [
          [
            86.0776736,
            55.3572584
          ],
          [
            86.0767114,
            55.3574751
          ],
          [
            86.0765156,
            55.3575192
          ],
          [
            86.0762975,
            55.3575683
          ]
        ]
      },
      "id": "way/983592033"
    },
    {
      "type": "Feature",
      "properties": {
        "@id": "way/983592034",
        "highway": "primary",
        "lanes": "4",
        "maxspeed": "RU:urban",
        "name": "Советский проспект",
        "name:ru": "Советский проспект",
        "oneway": "yes",
        "surface": "asphalt"
      },
      "geometry": {
        "type": "LineString",
        "coordinates": [
          [
            86.0689818,
            55.3591436
          ],
          [
            86.0693087,
            55.3590441
          ],
          [
            86.0697034,
            55.3589513
          ],
          [
            86.0721779,
            55.3583777
          ]
        ]
      },
      "id": "way/983592034"
    },
    {
      "type": "Feature",
      "properties": {
        "@id": "way/983592081",
        "highway": "primary",
        "lanes": "2",
        "maxspeed": "40",
        "name": "Советский проспект",
        "name:ru": "Советский проспект",
        "oneway": "yes",
        "surface": "asphalt"
      },
      "geometry": {
        "type": "LineString",
        "coordinates": [
          [
            86.090388,
            55.3537533
          ],
          [
            86.0906897,
            55.3536207
          ],
          [
            86.0918682,
            55.3530458
          ],
          [
            86.0920249,
            55.3529743
          ]
        ]
      },
      "id": "way/983592081"
    },
    {
      "type": "Feature",
      "properties": {
        "@id": "way/983592084",
        "highway": "primary",
        "lanes": "2",
        "maxspeed": "40",
        "name": "Советский проспект",
        "oneway": "yes",
        "surface": "asphalt"
      },
      "geometry": {
        "type": "LineString",
        "coordinates": [
          [
            86.0902062,
            55.3538932
          ],
          [
            86.089233,
            55.3541254
          ],
          [
            86.0890634,
            55.3541673
          ]
        ]
      },
      "id": "way/983592084"
    },
    {
      "type": "Feature",
      "properties": {
        "@id": "way/983592086",
        "highway": "primary",
        "lanes": "2",
        "maxspeed": "40",
        "name": "Советский проспект",
        "name:ru": "Советский проспект",
        "oneway": "yes",
        "surface": "asphalt"
      },
      "geometry": {
        "type": "LineString",
        "coordinates": [
          [
            86.0868015,
            55.3548852
          ],
          [
            86.08685,
            55.3548158
          ]
        ]
      },
      "id": "way/983592086"
    },
    {
      "type": "Feature",
      "properties": {
        "@id": "way/983592091",
        "highway": "primary",
        "lanes": "2",
        "maxspeed": "RU:urban",
        "name": "Советский проспект",
        "name:ru": "Советский проспект",
        "oneway": "yes",
        "surface": "asphalt"
      },
      "geometry": {
        "type": "LineString",
        "coordinates": [
          [
            86.0890115,
            55.3541018
          ],
          [
            86.0891608,
            55.3540665
          ],
          [
            86.0900407,
            55.3538586
          ],
          [
            86.0901513,
            55.3538251
          ],
          [
            86.090388,
            55.3537533
          ]
        ]
      },
      "id": "way/983592091"
    },
    {
      "type": "Feature",
      "properties": {
        "@id": "way/983838421",
        "highway": "secondary",
        "lanes": "2",
        "maxspeed": "RU:urban",
        "name": "Космическая улица",
        "oneway": "no",
        "surface": "asphalt"
      },
      "geometry": {
        "type": "LineString",
        "coordinates": [
          [
            86.0832523,
            55.3205685
          ],
          [
            86.082615,
            55.3209851
          ],
          [
            86.0821146,
            55.3212896
          ]
        ]
      },
      "id": "way/983838421"
    },
    {
      "type": "Feature",
      "properties": {
        "@id": "way/983838422",
        "highway": "secondary",
        "lanes": "2",
        "maxspeed": "RU:urban",
        "name": "Космическая улица",
        "surface": "asphalt"
      },
      "geometry": {
        "type": "LineString",
        "coordinates": [
          [
            86.0844889,
            55.3198362
          ],
          [
            86.0832523,
            55.3205685
          ]
        ]
      },
      "id": "way/983838422"
    },
    {
      "type": "Feature",
      "properties": {
        "@id": "way/983838423",
        "highway": "secondary",
        "lanes": "2",
        "maxspeed": "40",
        "name": "Космическая улица",
        "surface": "asphalt"
      },
      "geometry": {
        "type": "LineString",
        "coordinates": [
          [
            86.0821146,
            55.3212896
          ],
          [
            86.0817527,
            55.3215169
          ],
          [
            86.0814333,
            55.321716
          ]
        ]
      },
      "id": "way/983838423"
    },
    {
      "type": "Feature",
      "properties": {
        "@id": "way/983838424",
        "highway": "secondary",
        "lanes": "2",
        "maxspeed": "40",
        "name": "Космическая улица",
        "surface": "asphalt"
      },
      "geometry": {
        "type": "LineString",
        "coordinates": [
          [
            86.0847446,
            55.3196848
          ],
          [
            86.0846734,
            55.319727
          ],
          [
            86.0844889,
            55.3198362
          ]
        ]
      },
      "id": "way/983838424"
    },
    {
      "type": "Feature",
      "properties": {
        "@id": "way/983838425",
        "highway": "secondary",
        "lanes": "2",
        "maxspeed": "40",
        "name": "Космическая улица"
      },
      "geometry": {
        "type": "LineString",
        "coordinates": [
          [
            86.0848669,
            55.3196104
          ],
          [
            86.0847446,
            55.3196848
          ]
        ]
      },
      "id": "way/983838425"
    },
    {
      "type": "Feature",
      "properties": {
        "@id": "way/983838458",
        "highway": "primary",
        "lanes": "5",
        "lanes:backward": "2",
        "lanes:forward": "3",
        "maxspeed": "RU:urban",
        "name": "улица Баумана"
      },
      "geometry": {
        "type": "LineString",
        "coordinates": [
          [
            86.097063,
            55.3180906
          ],
          [
            86.0973704,
            55.317905
          ]
        ]
      },
      "id": "way/983838458"
    },
    {
      "type": "Feature",
      "properties": {
        "@id": "way/983838460",
        "highway": "primary",
        "lanes": "6",
        "maxspeed": "RU:urban",
        "name": "улица Баумана"
      },
      "geometry": {
        "type": "LineString",
        "coordinates": [
          [
            86.0950419,
            55.319352
          ],
          [
            86.0957521,
            55.3189022
          ]
        ]
      },
      "id": "way/983838460"
    },
    {
      "type": "Feature",
      "properties": {
        "@id": "way/983838461",
        "highway": "primary",
        "lanes": "3",
        "lanes:backward": "1",
        "lanes:forward": "2",
        "maxspeed": "RU:urban",
        "name": "улица Баумана"
      },
      "geometry": {
        "type": "LineString",
        "coordinates": [
          [
            86.0917347,
            55.3213932
          ],
          [
            86.0922073,
            55.3211068
          ]
        ]
      },
      "id": "way/983838461"
    },
    {
      "type": "Feature",
      "properties": {
        "@id": "way/983838462",
        "highway": "primary",
        "lanes": "3",
        "lanes:backward": "1",
        "lanes:forward": "2",
        "maxspeed": "RU:urban",
        "name": "Базовая улица"
      },
      "geometry": {
        "type": "LineString",
        "coordinates": [
          [
            86.0821539,
            55.3261663
          ],
          [
            86.0827591,
            55.326481
          ]
        ]
      },
      "id": "way/983838462"
    },
    {
      "type": "Feature",
      "properties": {
        "@id": "way/984143932",
        "highway": "primary",
        "lanes": "2",
        "maxspeed": "RU:urban",
        "name": "улица Тухачевского",
        "oneway": "yes",
        "surface": "asphalt"
      },
      "geometry": {
        "type": "LineString",
        "coordinates": [
          [
            86.1318087,
            55.3337323
          ],
          [
            86.131821,
            55.3335685
          ],
          [
            86.1318318,
            55.3332883
          ],
          [
            86.1318847,
            55.3318072
          ]
        ]
      },
      "id": "way/984143932"
    },
    {
      "type": "Feature",
      "properties": {
        "@id": "way/984393215",
        "highway": "primary",
        "lanes": "3",
        "maxspeed": "RU:urban",
        "name": "Октябрьский проспект",
        "name:etymology:wikidata": "Q42976",
        "name:ru": "Октябрьский проспект",
        "oneway": "yes",
        "surface": "asphalt"
      },
      "geometry": {
        "type": "LineString",
        "coordinates": [
          [
            86.1301838,
            55.3486451
          ],
          [
            86.1315543,
            55.348656
          ]
        ]
      },
      "id": "way/984393215"
    },
    {
      "type": "Feature",
      "properties": {
        "@id": "way/984393216",
        "highway": "primary",
        "lanes": "3",
        "maxspeed": "RU:urban",
        "name": "Октябрьский проспект",
        "name:etymology:wikidata": "Q42976",
        "name:ru": "Октябрьский проспект",
        "oneway": "yes",
        "surface": "asphalt"
      },
      "geometry": {
        "type": "LineString",
        "coordinates": [
          [
            86.1323783,
            55.3487518
          ],
          [
            86.1317398,
            55.3487465
          ]
        ]
      },
      "id": "way/984393216"
    },
    {
      "type": "Feature",
      "properties": {
        "@id": "way/984393217",
        "highway": "primary",
        "lanes": "2",
        "maxspeed": "RU:urban",
        "name": "Октябрьский проспект",
        "name:etymology:wikidata": "Q42976",
        "name:ru": "Октябрьский проспект",
        "oneway": "yes",
        "surface": "asphalt"
      },
      "geometry": {
        "type": "LineString",
        "coordinates": [
          [
            86.1358344,
            55.3487764
          ],
          [
            86.1354992,
            55.3487768
          ],
          [
            86.1348839,
            55.3487726
          ],
          [
            86.13473,
            55.3487716
          ]
        ]
      },
      "id": "way/984393217"
    },
    {
      "type": "Feature",
      "properties": {
        "@id": "way/984393219",
        "highway": "secondary",
        "lanes": "3",
        "maxspeed": "RU:urban",
        "name": "Октябрьский проспект",
        "name:etymology:wikidata": "Q42976",
        "oneway": "yes",
        "surface": "asphalt"
      },
      "geometry": {
        "type": "LineString",
        "coordinates": [
          [
            86.1381896,
            55.3488007
          ],
          [
            86.136325,
            55.3487795
          ],
          [
            86.1362429,
            55.3487786
          ],
          [
            86.1360256,
            55.3487773
          ]
        ]
      },
      "id": "way/984393219"
    },
    {
      "type": "Feature",
      "properties": {
        "@id": "way/984413974",
        "highway": "secondary",
        "lanes": "3",
        "maxspeed": "RU:urban",
        "name": "Соборная улица",
        "name:ru": "Соборная улица",
        "oneway": "yes",
        "surface": "asphalt"
      },
      "geometry": {
        "type": "LineString",
        "coordinates": [
          [
            86.0987876,
            55.346999
          ],
          [
            86.0978144,
            55.3463002
          ],
          [
            86.0974678,
            55.346063
          ],
          [
            86.0970336,
            55.3457647
          ],
          [
            86.0969787,
            55.3456973
          ]
        ]
      },
      "id": "way/984413974"
    },
    {
      "type": "Feature",
      "properties": {
        "@id": "way/984413976",
        "highway": "secondary",
        "lanes": "3",
        "maxspeed": "RU:urban",
        "name": "Соборная улица",
        "name:ru": "Соборная улица",
        "oneway": "yes",
        "surface": "asphalt"
      },
      "geometry": {
        "type": "LineString",
        "coordinates": [
          [
            86.0998916,
            55.3475979
          ],
          [
            86.1010535,
            55.3483901
          ],
          [
            86.101103,
            55.3484495
          ]
        ]
      },
      "id": "way/984413976"
    },
    {
      "type": "Feature",
      "properties": {
        "@id": "way/984413981",
        "highway": "secondary",
        "lanes": "2",
        "maxspeed": "RU:urban",
        "name": "Соборная улица",
        "name:ru": "Соборная улица",
        "name:uk": "Соборна вулиця",
        "oneway": "yes"
      },
      "geometry": {
        "type": "LineString",
        "coordinates": [
          [
            86.0975365,
            55.3408468
          ],
          [
            86.0975037,
            55.3423275
          ]
        ]
      },
      "id": "way/984413981"
    },
    {
      "type": "Feature",
      "properties": {
        "@id": "way/984413982",
        "highway": "secondary",
        "lanes": "2",
        "lanes:backward": "3",
        "lanes:forward": "2",
        "maxspeed": "RU:urban",
        "name": "Соборная улица",
        "name:ru": "Соборная улица",
        "name:uk": "Соборна вулиця",
        "oneway": "yes"
      },
      "geometry": {
        "type": "LineString",
        "coordinates": [
          [
            86.0975888,
            55.3394295
          ],
          [
            86.0975684,
            55.339539
          ],
          [
            86.0975365,
            55.3408468
          ]
        ]
      },
      "id": "way/984413982"
    },
    {
      "type": "Feature",
      "properties": {
        "@id": "way/984413985",
        "highway": "secondary",
        "lanes": "2",
        "lanes:backward": "3",
        "lanes:forward": "2",
        "maxspeed": "RU:urban",
        "name": "Соборная улица",
        "name:ru": "Соборная улица",
        "name:uk": "Соборна вулиця",
        "oneway": "yes"
      },
      "geometry": {
        "type": "LineString",
        "coordinates": [
          [
            86.0977563,
            55.336025
          ],
          [
            86.0977558,
            55.3361474
          ],
          [
            86.0977502,
            55.3362992
          ],
          [
            86.0976764,
            55.3374133
          ]
        ]
      },
      "id": "way/984413985"
    },
    {
      "type": "Feature",
      "properties": {
        "@id": "way/984645131",
        "highway": "secondary",
        "lanes": "2",
        "maxspeed": "RU:urban",
        "name": "Притомский проспект",
        "name:ru": "Притомский проспект",
        "oneway": "yes",
        "sidewalk": "right",
        "surface": "asphalt"
      },
      "geometry": {
        "type": "LineString",
        "coordinates": [
          [
            86.101195,
            55.3485227
          ],
          [
            86.1013078,
            55.3486147
          ],
          [
            86.1019275,
            55.3490145
          ],
          [
            86.1024502,
            55.3493517
          ],
          [
            86.1025957,
            55.3494382
          ],
          [
            86.1026916,
            55.349489
          ],
          [
            86.1030099,
            55.3496412
          ],
          [
            86.1031579,
            55.349711
          ],
          [
            86.1042411,
            55.3501696
          ],
          [
            86.1052413,
            55.3505508
          ],
          [
            86.1055126,
            55.3506702
          ],
          [
            86.1056437,
            55.3507341
          ],
          [
            86.1061493,
            55.3510171
          ],
          [
            86.1065917,
            55.3513144
          ],
          [
            86.1066646,
            55.3513654
          ],
          [
            86.106802,
            55.3515024
          ],
          [
            86.1070096,
            55.3517168
          ],
          [
            86.107183,
            55.3519747
          ],
          [
            86.1072907,
            55.3521599
          ]
        ]
      },
      "id": "way/984645131"
    },
    {
      "type": "Feature",
      "properties": {
        "@id": "way/984645132",
        "highway": "secondary",
        "lanes": "2",
        "maxspeed": "RU:urban",
        "name": "Притомский проспект",
        "name:ru": "Притомский проспект",
        "oneway": "yes",
        "sidewalk": "right",
        "surface": "asphalt"
      },
      "geometry": {
        "type": "LineString",
        "coordinates": [
          [
            86.107174,
            55.3521706
          ],
          [
            86.1071044,
            55.352031
          ],
          [
            86.1069354,
            55.3517765
          ],
          [
            86.1067718,
            55.3515833
          ],
          [
            86.1066132,
            55.351451
          ],
          [
            86.1064921,
            55.3513481
          ],
          [
            86.1061058,
            55.3511006
          ],
          [
            86.1056111,
            55.3508109
          ],
          [
            86.105483,
            55.3507457
          ],
          [
            86.105237,
            55.3506338
          ],
          [
            86.1041676,
            55.3502417
          ],
          [
            86.1031435,
            55.3498131
          ],
          [
            86.1029939,
            55.349747
          ],
          [
            86.1027276,
            55.3496174
          ],
          [
            86.1025543,
            55.3495267
          ],
          [
            86.1024064,
            55.3494383
          ],
          [
            86.1020365,
            55.3492066
          ],
          [
            86.1011665,
            55.3486487
          ],
          [
            86.1010532,
            55.3485556
          ]
        ]
      },
      "id": "way/984645132"
    },
    {
      "type": "Feature",
      "properties": {
        "@id": "way/984645133",
        "highway": "secondary",
        "lanes": "2",
        "maxspeed": "40",
        "name": "Притомский проспект",
        "name:ru": "Притомский проспект",
        "oneway": "yes",
        "sidewalk": "no",
        "surface": "asphalt"
      },
      "geometry": {
        "type": "LineString",
        "coordinates": [
          [
            86.1087959,
            55.3545407
          ],
          [
            86.1116804,
            55.3545657
          ]
        ]
      },
      "id": "way/984645133"
    },
    {
      "type": "Feature",
      "properties": {
        "@id": "way/984645134",
        "highway": "secondary",
        "lanes": "2",
        "maxspeed": "40",
        "name": "Притомский проспект",
        "name:ru": "Притомский проспект",
        "oneway": "yes",
        "sidewalk": "no",
        "surface": "asphalt"
      },
      "geometry": {
        "type": "LineString",
        "coordinates": [
          [
            86.1140302,
            55.3546524
          ],
          [
            86.1120596,
            55.3546359
          ],
          [
            86.1116823,
            55.3546333
          ]
        ]
      },
      "id": "way/984645134"
    },
    {
      "type": "Feature",
      "properties": {
        "@id": "way/984645142",
        "highway": "secondary",
        "lanes": "4",
        "maxspeed": "RU:urban",
        "name": "Волгоградская улица",
        "name:uk": "Волгоградська вулиця"
      },
      "geometry": {
        "type": "LineString",
        "coordinates": [
          [
            86.1476773,
            55.351768
          ],
          [
            86.1477137,
            55.3510259
          ]
        ]
      },
      "id": "way/984645142"
    },
    {
      "type": "Feature",
      "properties": {
        "@id": "way/984645143",
        "highway": "secondary",
        "lanes": "4",
        "maxspeed": "40",
        "name": "Волгоградская улица",
        "name:uk": "Волгоградська вулиця"
      },
      "geometry": {
        "type": "LineString",
        "coordinates": [
          [
            86.147658,
            55.3522128
          ],
          [
            86.1476636,
            55.3520312
          ]
        ]
      },
      "id": "way/984645143"
    },
    {
      "type": "Feature",
      "properties": {
        "@id": "way/984645149",
        "highway": "secondary",
        "lanes": "2",
        "maxspeed": "RU:urban",
        "name": "Притомский проспект",
        "name:ru": "Притомский проспект",
        "oneway": "yes",
        "sidewalk": "no",
        "surface": "asphalt"
      },
      "geometry": {
        "type": "LineString",
        "coordinates": [
          [
            86.1072907,
            55.3521599
          ],
          [
            86.1073243,
            55.3522595
          ],
          [
            86.1073498,
            55.3523559
          ],
          [
            86.1074023,
            55.3525681
          ],
          [
            86.1074568,
            55.3528514
          ],
          [
            86.1074819,
            55.3530932
          ],
          [
            86.1074755,
            55.3534226
          ],
          [
            86.1074722,
            55.3537447
          ],
          [
            86.107467,
            55.353961
          ],
          [
            86.107472,
            55.3541335
          ],
          [
            86.1075103,
            55.3542484
          ],
          [
            86.1075798,
            55.3543235
          ]
        ]
      },
      "id": "way/984645149"
    },
    {
      "type": "Feature",
      "properties": {
        "@id": "way/984645151",
        "highway": "secondary",
        "lanes": "2",
        "maxspeed": "RU:urban",
        "name": "Притомский проспект",
        "name:ru": "Притомский проспект",
        "oneway": "yes",
        "sidewalk": "no",
        "surface": "asphalt"
      },
      "geometry": {
        "type": "LineString",
        "coordinates": [
          [
            86.1087274,
            55.3546131
          ],
          [
            86.1082806,
            55.3546105
          ]
        ]
      },
      "id": "way/984645151"
    },
    {
      "type": "Feature",
      "properties": {
        "@id": "way/984645159",
        "highway": "primary",
        "lanes": "3",
        "maxspeed": "RU:urban",
        "name": "улица Терешковой",
        "name:etymology:wikidata": "Q44371",
        "oneway": "yes",
        "surface": "asphalt"
      },
      "geometry": {
        "type": "LineString",
        "coordinates": [
          [
            86.1334608,
            55.3591881
          ],
          [
            86.1336641,
            55.3584903
          ]
        ]
      },
      "id": "way/984645159"
    },
    {
      "type": "Feature",
      "properties": {
        "@id": "way/984645164",
        "highway": "secondary",
        "lanes": "5",
        "lanes:backward": "2",
        "lanes:forward": "3",
        "maxspeed": "RU:urban",
        "name": "Ленинградский проспект",
        "surface": "asphalt",
        "turn:lanes:forward": "left|through|through;right"
      },
      "geometry": {
        "type": "LineString",
        "coordinates": [
          [
            86.1703792,
            55.3525791
          ],
          [
            86.1709169,
            55.3519906
          ],
          [
            86.1710759,
            55.3518173
          ],
          [
            86.1711684,
            55.3517163
          ]
        ]
      },
      "id": "way/984645164"
    },
    {
      "type": "Feature",
      "properties": {
        "@id": "way/984645181",
        "highway": "secondary",
        "lanes": "2",
        "maxspeed": "RU:urban",
        "name": "Комсомольский проспект",
        "oneway": "yes",
        "surface": "asphalt"
      },
      "geometry": {
        "type": "LineString",
        "coordinates": [
          [
            86.1911509,
            55.3436808
          ],
          [
            86.1909154,
            55.3439488
          ],
          [
            86.1908704,
            55.344
          ],
          [
            86.1905395,
            55.3443547
          ],
          [
            86.1901214,
            55.3447993
          ]
        ]
      },
      "id": "way/984645181"
    },
    {
      "type": "Feature",
      "properties": {
        "@id": "way/984799462",
        "highway": "primary",
        "lanes": "5",
        "lanes:bus": "1",
        "maxspeed": "RU:urban",
        "name": "проспект Ленина",
        "name:etymology:wikidata": "Q1394",
        "name:ru": "проспект Ленина",
        "oneway": "yes",
        "surface": "asphalt"
      },
      "geometry": {
        "type": "LineString",
        "coordinates": [
          [
            86.1081801,
            55.3447136
          ],
          [
            86.1075146,
            55.3447082
          ],
          [
            86.1065133,
            55.3447009
          ],
          [
            86.1043666,
            55.3446832
          ]
        ]
      },
      "id": "way/984799462"
    },
    {
      "type": "Feature",
      "properties": {
        "@id": "way/984799492",
        "highway": "secondary",
        "lanes": "3",
        "maxspeed": "60",
        "name": "улица Сибиряков-Гвардейцев",
        "oneway": "yes",
        "surface": "asphalt"
      },
      "geometry": {
        "type": "LineString",
        "coordinates": [
          [
            86.0826389,
            55.3359014
          ],
          [
            86.0845208,
            55.3359212
          ],
          [
            86.0854369,
            55.3359308
          ],
          [
            86.0893445,
            55.3359694
          ],
          [
            86.0895061,
            55.3359705
          ],
          [
            86.0914183,
            55.3359827
          ],
          [
            86.0927075,
            55.335991
          ],
          [
            86.093995,
            55.3359987
          ],
          [
            86.0973072,
            55.336022
          ],
          [
            86.0975604,
            55.3360236
          ],
          [
            86.0977563,
            55.336025
          ],
          [
            86.098184,
            55.336026
          ],
          [
            86.1005483,
            55.3360338
          ]
        ]
      },
      "id": "way/984799492"
    },
    {
      "type": "Feature",
      "properties": {
        "@id": "way/984799496",
        "highway": "secondary",
        "lanes": "3",
        "maxspeed": "RU:urban",
        "name": "улица Сибиряков-Гвардейцев",
        "oneway": "yes",
        "surface": "asphalt"
      },
      "geometry": {
        "type": "LineString",
        "coordinates": [
          [
            86.1005483,
            55.3360338
          ],
          [
            86.1083478,
            55.3360873
          ],
          [
            86.1085982,
            55.3360928
          ],
          [
            86.1097527,
            55.3361008
          ],
          [
            86.115938,
            55.336149
          ]
        ]
      },
      "id": "way/984799496"
    },
    {
      "type": "Feature",
      "properties": {
        "@id": "way/984799499",
        "highway": "secondary",
        "lanes": "3",
        "maxspeed": "60",
        "name": "улица Сибиряков-Гвардейцев",
        "oneway": "yes",
        "surface": "asphalt"
      },
      "geometry": {
        "type": "LineString",
        "coordinates": [
          [
            86.1159465,
            55.3362888
          ],
          [
            86.1085934,
            55.3362233
          ],
          [
            86.1083427,
            55.3362235
          ]
        ]
      },
      "id": "way/984799499"
    },
    {
      "type": "Feature",
      "properties": {
        "@id": "way/984799509",
        "highway": "secondary",
        "lanes": "3",
        "maxspeed": "RU:urban",
        "name": "Молодёжный проспект",
        "oneway": "yes",
        "surface": "asphalt"
      },
      "geometry": {
        "type": "LineString",
        "coordinates": [
          [
            86.1148387,
            55.3244884
          ],
          [
            86.1150577,
            55.324574
          ]
        ]
      },
      "id": "way/984799509"
    },
    {
      "type": "Feature",
      "properties": {
        "@id": "way/984799513",
        "highway": "primary",
        "lanes": "3",
        "maxspeed": "RU:urban",
        "name": "улица Тухачевского",
        "oneway": "yes",
        "surface": "asphalt"
      },
      "geometry": {
        "type": "LineString",
        "coordinates": [
          [
            86.1320341,
            55.3283335
          ],
          [
            86.1320375,
            55.3288175
          ],
          [
            86.1320318,
            55.3299369
          ],
          [
            86.1320373,
            55.3300815
          ]
        ]
      },
      "id": "way/984799513"
    },
    {
      "type": "Feature",
      "properties": {
        "@id": "way/984799514",
        "highway": "primary",
        "lanes": "3",
        "maxspeed": "RU:urban",
        "name": "улица Аэропорт",
        "oneway": "yes",
        "surface": "asphalt"
      },
      "geometry": {
        "type": "LineString",
        "coordinates": [
          [
            86.1161477,
            55.28254
          ],
          [
            86.1159398,
            55.2827146
          ],
          [
            86.1158141,
            55.2828202
          ],
          [
            86.1148432,
            55.2836357
          ],
          [
            86.1141399,
            55.2842264
          ]
        ]
      },
      "id": "way/984799514"
    },
    {
      "type": "Feature",
      "properties": {
        "@id": "way/984799516",
        "highway": "primary",
        "lanes": "3",
        "maxspeed": "RU:urban",
        "name": "улица Терешковой",
        "name:etymology:wikidata": "Q44371",
        "oneway": "yes",
        "surface": "asphalt"
      },
      "geometry": {
        "type": "LineString",
        "coordinates": [
          [
            86.1661868,
            55.3103689
          ],
          [
            86.1634135,
            55.3133073
          ],
          [
            86.1618469,
            55.3150654
          ],
          [
            86.1612937,
            55.3156965
          ],
          [
            86.1606562,
            55.316397
          ],
          [
            86.1599962,
            55.3171015
          ],
          [
            86.1589866,
            55.3181947
          ],
          [
            86.1585591,
            55.3186487
          ],
          [
            86.1583244,
            55.3189157
          ],
          [
            86.1581619,
            55.3190978
          ],
          [
            86.157708,
            55.3196107
          ],
          [
            86.1568953,
            55.3204576
          ],
          [
            86.1557178,
            55.3217437
          ],
          [
            86.1552817,
            55.3222172
          ],
          [
            86.1539755,
            55.3236486
          ],
          [
            86.153751,
            55.3238712
          ],
          [
            86.1517335,
            55.3260868
          ],
          [
            86.1516229,
            55.3262096
          ],
          [
            86.150118,
            55.3278738
          ],
          [
            86.1497702,
            55.3282564
          ],
          [
            86.1477801,
            55.3304012
          ],
          [
            86.1459639,
            55.3324167
          ]
        ]
      },
      "id": "way/984799516"
    },
    {
      "type": "Feature",
      "properties": {
        "@id": "way/984799517",
        "highway": "primary",
        "lanes": "2",
        "maxspeed": "RU:urban",
        "name": "улица Терешковой",
        "name:etymology:wikidata": "Q44371",
        "oneway": "yes",
        "surface": "asphalt"
      },
      "geometry": {
        "type": "LineString",
        "coordinates": [
          [
            86.1673018,
            55.3024819
          ],
          [
            86.1670605,
            55.3021722
          ],
          [
            86.1668003,
            55.3018543
          ],
          [
            86.1666006,
            55.3016132
          ],
          [
            86.1663656,
            55.301363
          ],
          [
            86.1661093,
            55.3011058
          ],
          [
            86.1652733,
            55.3005011
          ],
          [
            86.164541,
            55.3000179
          ],
          [
            86.1642513,
            55.2998377
          ],
          [
            86.1639498,
            55.2996729
          ],
          [
            86.1626956,
            55.2990679
          ],
          [
            86.1622048,
            55.2988808
          ],
          [
            86.1609023,
            55.2984281
          ],
          [
            86.1599792,
            55.2981534
          ],
          [
            86.1590836,
            55.2978604
          ],
          [
            86.1583517,
            55.2976528
          ],
          [
            86.1576412,
            55.2974136
          ],
          [
            86.1560254,
            55.2969048
          ],
          [
            86.1551724,
            55.2966423
          ],
          [
            86.1541261,
            55.2963154
          ],
          [
            86.1536977,
            55.2961887
          ],
          [
            86.1532471,
            55.2960715
          ],
          [
            86.1527211,
            55.2959355
          ],
          [
            86.1522181,
            55.2958214
          ],
          [
            86.1517059,
            55.2957248
          ],
          [
            86.1509131,
            55.2955459
          ],
          [
            86.1501527,
            55.2954212
          ],
          [
            86.1491754,
            55.295259
          ],
          [
            86.1484864,
            55.2951756
          ],
          [
            86.1475038,
            55.2950694
          ],
          [
            86.1469875,
            55.2950255
          ],
          [
            86.1464636,
            55.2949898
          ],
          [
            86.1459412,
            55.2949543
          ],
          [
            86.1450341,
            55.2949178
          ],
          [
            86.1442005,
            55.2948983
          ],
          [
            86.1426151,
            55.2948831
          ]
        ]
      },
      "id": "way/984799517"
    },
    {
      "type": "Feature",
      "properties": {
        "@id": "way/984799522",
        "highway": "secondary",
        "lanes": "4",
        "lanes:backward": "2",
        "maxspeed": "RU:urban",
        "name": "Волгоградская улица"
      },
      "geometry": {
        "type": "LineString",
        "coordinates": [
          [
            86.1535767,
            55.3390585
          ],
          [
            86.1547031,
            55.3377966
          ]
        ]
      },
      "id": "way/984799522"
    },
    {
      "type": "Feature",
      "properties": {
        "@id": "way/984799523",
        "highway": "secondary",
        "lanes": "2",
        "maxspeed": "40",
        "name": "Волгоградская улица"
      },
      "geometry": {
        "type": "LineString",
        "coordinates": [
          [
            86.159291,
            55.3328816
          ],
          [
            86.159351,
            55.332815
          ],
          [
            86.1594703,
            55.3326813
          ],
          [
            86.1595286,
            55.3326172
          ]
        ]
      },
      "id": "way/984799523"
    },
    {
      "type": "Feature",
      "properties": {
        "@id": "way/984799524",
        "highway": "secondary",
        "lanes": "2",
        "maxspeed": "RU:urban",
        "name": "Волгоградская улица"
      },
      "geometry": {
        "type": "LineString",
        "coordinates": [
          [
            86.1568784,
            55.3354432
          ],
          [
            86.1579455,
            55.3343538
          ],
          [
            86.159291,
            55.3328816
          ]
        ]
      },
      "id": "way/984799524"
    },
    {
      "type": "Feature",
      "properties": {
        "@id": "way/984799525",
        "highway": "secondary",
        "lanes": "3",
        "maxspeed": "RU:urban",
        "name": "проспект Химиков",
        "oneway": "yes",
        "surface": "asphalt"
      },
      "geometry": {
        "type": "LineString",
        "coordinates": [
          [
            86.1682902,
            55.3410902
          ],
          [
            86.1680401,
            55.3410142
          ],
          [
            86.1672762,
            55.3407826
          ],
          [
            86.1668146,
            55.3406453
          ],
          [
            86.1658603,
            55.3403614
          ],
          [
            86.1639155,
            55.339783
          ],
          [
            86.1619702,
            55.3391998
          ],
          [
            86.1617725,
            55.3391406
          ],
          [
            86.1616513,
            55.3391042
          ],
          [
            86.1609511,
            55.338895
          ],
          [
            86.1574447,
            55.3378471
          ],
          [
            86.1554821,
            55.3372642
          ],
          [
            86.1552456,
            55.3371972
          ]
        ]
      },
      "id": "way/984799525"
    },
    {
      "type": "Feature",
      "properties": {
        "@id": "way/984799526",
        "highway": "secondary",
        "lanes": "3",
        "lanes:backward": "2",
        "maxspeed": "RU:urban",
        "name": "Волгоградская улица"
      },
      "geometry": {
        "type": "LineString",
        "coordinates": [
          [
            86.1552456,
            55.3371972
          ],
          [
            86.1553246,
            55.3371163
          ]
        ]
      },
      "id": "way/984799526"
    },
    {
      "type": "Feature",
      "properties": {
        "@id": "way/984799533",
        "highway": "primary",
        "lanes": "3",
        "lanes:backward": "2",
        "lanes:forward": "3",
        "maxspeed": "RU:urban",
        "name": "улица Тухачевского",
        "oneway": "yes",
        "surface": "asphalt"
      },
      "geometry": {
        "type": "LineString",
        "coordinates": [
          [
            86.1319008,
            55.3308006
          ],
          [
            86.1319087,
            55.3303093
          ],
          [
            86.1319113,
            55.3301471
          ],
          [
            86.1319129,
            55.3300454
          ]
        ]
      },
      "id": "way/984799533"
    },
    {
      "type": "Feature",
      "properties": {
        "@id": "way/985097217",
        "highway": "primary",
        "lanes": "5",
        "lanes:bus": "1",
        "maxspeed": "RU:urban",
        "name": "проспект Ленина",
        "name:etymology:wikidata": "Q1394",
        "name:ru": "проспект Ленина",
        "oneway": "yes",
        "surface": "asphalt"
      },
      "geometry": {
        "type": "LineString",
        "coordinates": [
          [
            86.1340644,
            55.3448048
          ],
          [
            86.1343939,
            55.3448073
          ],
          [
            86.1354088,
            55.3448144
          ],
          [
            86.1356496,
            55.344816
          ],
          [
            86.1359244,
            55.3448181
          ],
          [
            86.1361483,
            55.3448197
          ]
        ]
      },
      "id": "way/985097217"
    },
    {
      "type": "Feature",
      "properties": {
        "@id": "way/985097238",
        "highway": "secondary",
        "lanes": "4",
        "maxspeed": "40",
        "name": "Волгоградская улица",
        "name:uk": "Волгоградська вулиця",
        "surface": "asphalt"
      },
      "geometry": {
        "type": "LineString",
        "coordinates": [
          [
            86.1479258,
            55.3470379
          ],
          [
            86.147954,
            55.3464975
          ]
        ]
      },
      "id": "way/985097238"
    },
    {
      "type": "Feature",
      "properties": {
        "@id": "way/985097239",
        "highway": "secondary",
        "lanes": "4",
        "maxspeed": "40",
        "name": "Волгоградская улица",
        "name:uk": "Волгоградська вулиця",
        "surface": "asphalt"
      },
      "geometry": {
        "type": "LineString",
        "coordinates": [
          [
            86.1478667,
            55.3482086
          ],
          [
            86.1479258,
            55.3470379
          ]
        ]
      },
      "id": "way/985097239"
    },
    {
      "type": "Feature",
      "properties": {
        "@id": "way/985097240",
        "highway": "primary",
        "lanes": "4",
        "maxspeed": "RU:urban",
        "name": "улица Терешковой",
        "name:etymology:wikidata": "Q44371",
        "oneway": "yes",
        "surface": "asphalt"
      },
      "geometry": {
        "type": "LineString",
        "coordinates": [
          [
            86.1358297,
            55.3486814
          ],
          [
            86.1358309,
            55.3485373
          ],
          [
            86.1358379,
            55.3482258
          ],
          [
            86.1358686,
            55.3468529
          ],
          [
            86.1358718,
            55.346573
          ],
          [
            86.1358865,
            55.3461735
          ]
        ]
      },
      "id": "way/985097240"
    },
    {
      "type": "Feature",
      "properties": {
        "@id": "way/985097242",
        "highway": "primary",
        "lanes": "4",
        "maxspeed": "RU:urban",
        "name": "улица Терешковой",
        "name:etymology:wikidata": "Q44371",
        "oneway": "yes",
        "surface": "asphalt"
      },
      "geometry": {
        "type": "LineString",
        "coordinates": [
          [
            86.1361233,
            55.3461396
          ],
          [
            86.1360829,
            55.3466753
          ],
          [
            86.1360503,
            55.3479485
          ],
          [
            86.1360453,
            55.3484345
          ],
          [
            86.1360443,
            55.3485373
          ],
          [
            86.1360359,
            55.3486825
          ]
        ]
      },
      "id": "way/985097242"
    },
    {
      "type": "Feature",
      "properties": {
        "@id": "way/985097243",
        "highway": "primary",
        "lanes": "5",
        "maxspeed": "RU:urban",
        "name": "улица Терешковой",
        "name:etymology:wikidata": "Q44371",
        "oneway": "yes",
        "surface": "asphalt",
        "turn:lanes": "left|left;through|through|through|right"
      },
      "geometry": {
        "type": "LineString",
        "coordinates": [
          [
            86.1361911,
            55.3436155
          ],
          [
            86.1361651,
            55.3442168
          ],
          [
            86.1361502,
            55.3445625
          ],
          [
            86.1361456,
            55.3446688
          ],
          [
            86.1361483,
            55.3448197
          ]
        ]
      },
      "id": "way/985097243"
    },
    {
      "type": "Feature",
      "properties": {
        "@id": "way/985097244",
        "highway": "primary",
        "lanes": "3",
        "maxspeed": "RU:urban",
        "name": "улица Терешковой",
        "name:etymology:wikidata": "Q44371",
        "oneway": "yes",
        "surface": "asphalt"
      },
      "geometry": {
        "type": "LineString",
        "coordinates": [
          [
            86.1359326,
            55.3446665
          ],
          [
            86.1359437,
            55.3443961
          ],
          [
            86.1359512,
            55.3442107
          ],
          [
            86.1359719,
            55.3437016
          ],
          [
            86.1359852,
            55.3436022
          ],
          [
            86.1360121,
            55.3434005
          ]
        ]
      },
      "id": "way/985097244"
    },
    {
      "type": "Feature",
      "properties": {
        "@id": "way/985097263",
        "highway": "primary",
        "lanes": "3",
        "lanes:forward": "2",
        "maxspeed": "RU:urban",
        "name": "Кузнецкий проспект",
        "name:ru": "Кузнецкий проспект"
      },
      "geometry": {
        "type": "LineString",
        "coordinates": [
          [
            86.0603687,
            55.3293181
          ],
          [
            86.0613669,
            55.32995
          ],
          [
            86.061474,
            55.3300179
          ]
        ]
      },
      "id": "way/985097263"
    },
    {
      "type": "Feature",
      "properties": {
        "@id": "way/988329361",
        "highway": "primary",
        "lanes": "3",
        "maxspeed": "RU:urban",
        "name": "проспект Ленина",
        "name:etymology:wikidata": "Q1394",
        "name:ru": "проспект Ленина",
        "oneway": "yes",
        "surface": "asphalt"
      },
      "geometry": {
        "type": "LineString",
        "coordinates": [
          [
            86.0640058,
            55.3443189
          ],
          [
            86.0635301,
            55.3443146
          ]
        ]
      },
      "id": "way/988329361"
    },
    {
      "type": "Feature",
      "properties": {
        "@id": "way/988329362",
        "highway": "primary",
        "lanes": "3",
        "maxspeed": "RU:urban",
        "name": "проспект Ленина",
        "name:etymology:wikidata": "Q1394",
        "name:ru": "проспект Ленина",
        "oneway": "yes",
        "surface": "asphalt"
      },
      "geometry": {
        "type": "LineString",
        "coordinates": [
          [
            86.0624197,
            55.3441581
          ],
          [
            86.06275,
            55.3441585
          ],
          [
            86.0635333,
            55.3441638
          ]
        ]
      },
      "id": "way/988329362"
    },
    {
      "type": "Feature",
      "properties": {
        "@id": "way/988329363",
        "highway": "primary",
        "lanes": "3",
        "maxspeed": "RU:urban",
        "name": "проспект Ленина",
        "name:etymology:wikidata": "Q1394",
        "name:ru": "проспект Ленина",
        "oneway": "yes",
        "surface": "asphalt"
      },
      "geometry": {
        "type": "LineString",
        "coordinates": [
          [
            86.0790785,
            55.3442896
          ],
          [
            86.0794623,
            55.3442923
          ],
          [
            86.0811477,
            55.3443096
          ],
          [
            86.0826785,
            55.3443288
          ],
          [
            86.0848542,
            55.3443458
          ],
          [
            86.0850145,
            55.3443483
          ]
        ]
      },
      "id": "way/988329363"
    },
    {
      "type": "Feature",
      "properties": {
        "@id": "way/988329365",
        "highway": "secondary",
        "lanes": "3",
        "maxspeed": "RU:urban",
        "name": "Соборная улица",
        "name:ru": "Соборная улица",
        "oneway": "yes",
        "surface": "asphalt"
      },
      "geometry": {
        "type": "LineString",
        "coordinates": [
          [
            86.101103,
            55.3484495
          ],
          [
            86.101195,
            55.3485227
          ]
        ]
      },
      "id": "way/988329365"
    },
    {
      "type": "Feature",
      "properties": {
        "@id": "way/988329366",
        "highway": "primary",
        "lanes": "2",
        "maxspeed": "RU:urban",
        "name": "Октябрьский проспект",
        "name:etymology:wikidata": "Q42976",
        "name:ru": "Октябрьский проспект",
        "oneway": "yes",
        "surface": "asphalt"
      },
      "geometry": {
        "type": "LineString",
        "coordinates": [
          [
            86.1009789,
            55.3484974
          ],
          [
            86.101103,
            55.3484495
          ]
        ]
      },
      "id": "way/988329366"
    },
    {
      "type": "Feature",
      "properties": {
        "@id": "way/988329369",
        "highway": "primary",
        "lanes": "2",
        "maxspeed": "RU:urban",
        "name": "Советский проспект",
        "name:ru": "Советский проспект",
        "oneway": "yes",
        "surface": "asphalt"
      },
      "geometry": {
        "type": "LineString",
        "coordinates": [
          [
            86.101195,
            55.3485227
          ],
          [
            86.1010532,
            55.3485556
          ]
        ]
      },
      "id": "way/988329369"
    },
    {
      "type": "Feature",
      "properties": {
        "@id": "way/988329370",
        "highway": "primary",
        "lanes": "3",
        "maxspeed": "RU:urban",
        "name": "проспект Ленина",
        "name:etymology:wikidata": "Q1394",
        "name:ru": "проспект Ленина",
        "oneway": "yes",
        "surface": "asphalt"
      },
      "geometry": {
        "type": "LineString",
        "coordinates": [
          [
            86.0974678,
            55.3446131
          ],
          [
            86.0972328,
            55.3446104
          ]
        ]
      },
      "id": "way/988329370"
    },
    {
      "type": "Feature",
      "properties": {
        "@id": "way/988329371",
        "highway": "secondary",
        "lanes": "3",
        "maxspeed": "RU:urban",
        "name": "бульвар Строителей",
        "oneway": "yes",
        "surface": "asphalt"
      },
      "geometry": {
        "type": "LineString",
        "coordinates": [
          [
            86.1697675,
            55.3414248
          ],
          [
            86.1698901,
            55.3412916
          ],
          [
            86.1708593,
            55.3402386
          ],
          [
            86.1711275,
            55.3399472
          ],
          [
            86.1712175,
            55.3398494
          ],
          [
            86.171613,
            55.3394197
          ],
          [
            86.1717783,
            55.3392401
          ],
          [
            86.172269,
            55.3387069
          ],
          [
            86.172455,
            55.3385048
          ],
          [
            86.1731157,
            55.3377869
          ],
          [
            86.1732538,
            55.3376368
          ],
          [
            86.173715,
            55.3371356
          ],
          [
            86.173986,
            55.3368413
          ],
          [
            86.1743658,
            55.3364251
          ],
          [
            86.1750161,
            55.3357219
          ]
        ]
      },
      "id": "way/988329371"
    },
    {
      "type": "Feature",
      "properties": {
        "@id": "way/988329372",
        "highway": "secondary",
        "lanes": "3",
        "maxspeed": "RU:urban",
        "name": "проспект Химиков",
        "oneway": "yes",
        "surface": "asphalt"
      },
      "geometry": {
        "type": "LineString",
        "coordinates": [
          [
            86.1683671,
            55.3410129
          ],
          [
            86.1697675,
            55.3414248
          ]
        ]
      },
      "id": "way/988329372"
    },
    {
      "type": "Feature",
      "properties": {
        "@id": "way/988329374",
        "highway": "secondary",
        "name": "улица Марковцева",
        "surface": "asphalt"
      },
      "geometry": {
        "type": "LineString",
        "coordinates": [
          [
            86.1949312,
            55.3358078
          ],
          [
            86.1946146,
            55.3357899
          ],
          [
            86.1943265,
            55.3357895
          ],
          [
            86.194081,
            55.3357974
          ]
        ]
      },
      "id": "way/988329374"
    },
    {
      "type": "Feature",
      "properties": {
        "@id": "way/989318168",
        "highway": "primary",
        "lanes": "2",
        "maxspeed": "RU:urban",
        "name": "улица Юрия Двужильного",
        "oneway": "yes"
      },
      "geometry": {
        "type": "LineString",
        "coordinates": [
          [
            86.1051163,
            55.3202908
          ],
          [
            86.1050174,
            55.3202381
          ],
          [
            86.1042726,
            55.319841
          ],
          [
            86.1040369,
            55.3197153
          ],
          [
            86.103513,
            55.319436
          ],
          [
            86.1034386,
            55.3193971
          ],
          [
            86.1013471,
            55.3182957
          ]
        ]
      },
      "id": "way/989318168"
    },
    {
      "type": "Feature",
      "properties": {
        "@id": "way/989318169",
        "highway": "primary",
        "lanes": "2",
        "maxspeed": "RU:urban",
        "name": "улица Юрия Двужильного",
        "oneway": "yes"
      },
      "geometry": {
        "type": "LineString",
        "coordinates": [
          [
            86.1051932,
            55.3202442
          ],
          [
            86.1054067,
            55.3203587
          ]
        ]
      },
      "id": "way/989318169"
    },
    {
      "type": "Feature",
      "properties": {
        "@id": "way/989318170",
        "highway": "primary",
        "lanes": "2",
        "maxspeed": "RU:urban",
        "name": "улица Юрия Двужильного",
        "oneway": "yes"
      },
      "geometry": {
        "type": "LineString",
        "coordinates": [
          [
            86.1050927,
            55.3201838
          ],
          [
            86.1051932,
            55.3202442
          ]
        ]
      },
      "id": "way/989318170"
    },
    {
      "type": "Feature",
      "properties": {
        "@id": "way/992179936",
        "highway": "primary",
        "lanes": "1",
        "maxspeed": "RU:urban",
        "name": "шоссе имени А.А. Леонова",
        "oneway": "yes",
        "source": "Решение №284 от 29.11.2019",
        "surface": "asphalt"
      },
      "geometry": {
        "type": "LineString",
        "coordinates": [
          [
            86.1408169,
            55.2948766
          ],
          [
            86.1402345,
            55.2948748
          ]
        ]
      },
      "id": "way/992179936"
    },
    {
      "type": "Feature",
      "properties": {
        "@id": "way/992179938",
        "highway": "primary",
        "lanes": "2",
        "maxspeed": "RU:urban",
        "name": "улица Тухачевского",
        "name:uk": "вулиця Тухачевського",
        "oneway": "yes",
        "surface": "asphalt",
        "turn:lanes": "through|through;right"
      },
      "geometry": {
        "type": "LineString",
        "coordinates": [
          [
            86.1411737,
            55.2956079
          ],
          [
            86.1410259,
            55.2953079
          ]
        ]
      },
      "id": "way/992179938"
    },
    {
      "type": "Feature",
      "properties": {
        "@id": "way/992179941",
        "highway": "primary",
        "highway:category": "ru:IВ",
        "lanes": "2",
        "maxspeed": "RU:urban",
        "name": "Кемерово — Новокузнецк",
        "oneway": "yes",
        "ref": "32К-445",
        "surface": "asphalt"
      },
      "geometry": {
        "type": "LineString",
        "coordinates": [
          [
            86.1407262,
            55.2943654
          ],
          [
            86.1408805,
            55.2946587
          ]
        ]
      },
      "id": "way/992179941"
    },
    {
      "type": "Feature",
      "properties": {
        "@id": "way/992210853",
        "highway": "primary",
        "lanes": "3",
        "maxspeed": "RU:urban",
        "name": "улица Терешковой",
        "name:etymology:wikidata": "Q44371",
        "oneway": "yes",
        "surface": "asphalt",
        "turn:lanes": "left|left|through;right"
      },
      "geometry": {
        "type": "LineString",
        "coordinates": [
          [
            86.1426151,
            55.2948831
          ],
          [
            86.1417988,
            55.2948784
          ],
          [
            86.1414022,
            55.2948784
          ],
          [
            86.1409782,
            55.2948771
          ]
        ]
      },
      "id": "way/992210853"
    },
    {
      "type": "Feature",
      "properties": {
        "@id": "way/992210854",
        "highway": "primary",
        "lanes": "3",
        "maxspeed": "RU:urban",
        "name": "улица Терешковой",
        "name:etymology:wikidata": "Q44371",
        "oneway": "yes",
        "surface": "asphalt"
      },
      "geometry": {
        "type": "LineString",
        "coordinates": [
          [
            86.1409782,
            55.2948771
          ],
          [
            86.1408169,
            55.2948766
          ]
        ]
      },
      "id": "way/992210854"
    },
    {
      "type": "Feature",
      "properties": {
        "@id": "way/992210855",
        "highway": "primary",
        "lanes": "4",
        "maxspeed": "RU:urban",
        "name": "улица Терешковой",
        "name:etymology:wikidata": "Q44371",
        "oneway": "yes",
        "surface": "asphalt",
        "turn:lanes": "left|through|through|through;right"
      },
      "geometry": {
        "type": "LineString",
        "coordinates": [
          [
            86.1397238,
            55.3390652
          ],
          [
            86.1390963,
            55.3397127
          ],
          [
            86.1389876,
            55.3398293
          ]
        ]
      },
      "id": "way/992210855"
    },
    {
      "type": "Feature",
      "properties": {
        "@id": "way/992210856",
        "highway": "primary",
        "lanes": "4",
        "maxspeed": "RU:urban",
        "name": "улица Терешковой",
        "name:etymology:wikidata": "Q44371",
        "oneway": "yes",
        "surface": "asphalt"
      },
      "geometry": {
        "type": "LineString",
        "coordinates": [
          [
            86.1421337,
            55.3364737
          ],
          [
            86.1418987,
            55.3366981
          ],
          [
            86.1417441,
            55.3368588
          ],
          [
            86.141173,
            55.3374528
          ],
          [
            86.1409876,
            55.3376501
          ],
          [
            86.1405015,
            55.3381897
          ],
          [
            86.1398855,
            55.3389075
          ],
          [
            86.1397238,
            55.3390652
          ]
        ]
      },
      "id": "way/992210856"
    },
    {
      "type": "Feature",
      "properties": {
        "@id": "way/992482049",
        "highway": "primary",
        "lanes": "2",
        "maxspeed": "60",
        "name": "улица Терешковой",
        "name:etymology:wikidata": "Q44371",
        "oneway": "yes",
        "surface": "asphalt",
        "turn:lanes": "left;through|through;right"
      },
      "geometry": {
        "type": "LineString",
        "coordinates": [
          [
            86.1667989,
            55.3096692
          ],
          [
            86.1661868,
            55.3103689
          ]
        ]
      },
      "id": "way/992482049"
    },
    {
      "type": "Feature",
      "properties": {
        "@id": "way/992482050",
        "highway": "primary",
        "lanes": "3",
        "maxspeed": "RU:urban",
        "name": "улица Терешковой",
        "name:etymology:wikidata": "Q44371",
        "oneway": "yes",
        "surface": "asphalt",
        "turn:lanes": "left|through|through;right"
      },
      "geometry": {
        "type": "LineString",
        "coordinates": [
          [
            86.1651725,
            55.3110998
          ],
          [
            86.1657264,
            55.31049
          ],
          [
            86.1658894,
            55.3103081
          ]
        ]
      },
      "id": "way/992482050"
    },
    {
      "type": "Feature",
      "properties": {
        "@id": "way/992482051",
        "highway": "secondary",
        "lanes": "3",
        "lanes:backward": "1",
        "lanes:forward": "2",
        "maxspeed": "RU:urban",
        "name": "62-й проезд",
        "surface": "asphalt",
        "turn:lanes:forward": "left|through;right"
      },
      "geometry": {
        "type": "LineString",
        "coordinates": [
          [
            86.1641149,
            55.3099209
          ],
          [
            86.1658894,
            55.3103081
          ]
        ]
      },
      "id": "way/992482051"
    },
    {
      "type": "Feature",
      "properties": {
        "@id": "way/992482052",
        "highway": "secondary",
        "lanes": "3",
        "lanes:backward": "1",
        "lanes:forward": "2",
        "maxspeed": "RU:urban",
        "name": "62-й проезд",
        "surface": "asphalt",
        "turn:lanes:forward": "left|through;right"
      },
      "geometry": {
        "type": "LineString",
        "coordinates": [
          [
            86.1675458,
            55.3105527
          ],
          [
            86.1670623,
            55.3105065
          ],
          [
            86.1664656,
            55.3104266
          ],
          [
            86.1661868,
            55.3103689
          ]
        ]
      },
      "id": "way/992482052"
    },
    {
      "type": "Feature",
      "properties": {
        "@id": "way/992711943",
        "highway": "primary",
        "lanes": "2",
        "maxspeed": "RU:urban",
        "name": "шоссе имени А.А. Леонова",
        "oneway": "yes",
        "surface": "asphalt",
        "turn:lanes": "left|slight_left"
      },
      "geometry": {
        "type": "LineString",
        "coordinates": [
          [
            86.1134035,
            55.2848875
          ],
          [
            86.1124931,
            55.2845313
          ],
          [
            86.1123858,
            55.2844487
          ]
        ]
      },
      "id": "way/992711943"
    },
    {
      "type": "Feature",
      "properties": {
        "@id": "way/992711944",
        "highway": "primary",
        "lanes": "3",
        "maxspeed": "RU:urban",
        "name": "улица Аэропорт",
        "oneway": "yes",
        "surface": "asphalt",
        "turn:lanes": "left|right|right"
      },
      "geometry": {
        "type": "LineString",
        "coordinates": [
          [
            86.1141399,
            55.2842264
          ],
          [
            86.1134257,
            55.2848263
          ]
        ]
      },
      "id": "way/992711944"
    },
    {
      "type": "Feature",
      "properties": {
        "@id": "way/992711945",
        "highway": "secondary",
        "lanes": "2",
        "maxspeed": "60",
        "name": "Казачий тракт",
        "source:maxspeed": "sign",
        "surface": "asphalt"
      },
      "geometry": {
        "type": "LineString",
        "coordinates": [
          [
            86.0855611,
            55.3047706
          ],
          [
            86.0857527,
            55.3037861
          ],
          [
            86.0857727,
            55.3036833
          ],
          [
            86.0859417,
            55.3026086
          ],
          [
            86.0860319,
            55.3021807
          ],
          [
            86.086085,
            55.3019728
          ],
          [
            86.0861906,
            55.3016197
          ],
          [
            86.0871227,
            55.2985685
          ]
        ]
      },
      "id": "way/992711945"
    },
    {
      "type": "Feature",
      "properties": {
        "@id": "way/994903368",
        "highway": "primary",
        "lanes": "3",
        "maxspeed": "RU:urban",
        "name": "улица Терешковой",
        "name:etymology:wikidata": "Q44371",
        "oneway": "yes",
        "surface": "asphalt",
        "turn:lanes": "reverse|through|through"
      },
      "geometry": {
        "type": "LineString",
        "coordinates": [
          [
            86.1676447,
            55.3029802
          ],
          [
            86.1675308,
            55.3028043
          ],
          [
            86.167395,
            55.3026087
          ],
          [
            86.1673018,
            55.3024819
          ]
        ]
      },
      "id": "way/994903368"
    },
    {
      "type": "Feature",
      "properties": {
        "@id": "way/994903369",
        "highway": "primary",
        "lanes": "2",
        "maxspeed": "RU:urban",
        "name": "улица Терешковой",
        "name:etymology:wikidata": "Q44371",
        "oneway": "yes",
        "surface": "asphalt"
      },
      "geometry": {
        "type": "LineString",
        "coordinates": [
          [
            86.1658894,
            55.3103081
          ],
          [
            86.1664981,
            55.3096126
          ],
          [
            86.1667066,
            55.3093662
          ],
          [
            86.167035,
            55.3089917
          ],
          [
            86.1671565,
            55.3088486
          ],
          [
            86.1672561,
            55.3087216
          ],
          [
            86.1674177,
            55.3085072
          ],
          [
            86.1674966,
            55.3083885
          ],
          [
            86.167627,
            55.3081881
          ],
          [
            86.1677806,
            55.3079183
          ],
          [
            86.1678515,
            55.3077845
          ],
          [
            86.1679616,
            55.307563
          ],
          [
            86.1680534,
            55.3073511
          ],
          [
            86.1681399,
            55.3071163
          ],
          [
            86.1681968,
            55.3069405
          ],
          [
            86.1682571,
            55.3067352
          ],
          [
            86.1683818,
            55.3062621
          ],
          [
            86.1684475,
            55.3059489
          ],
          [
            86.1684738,
            55.3056744
          ],
          [
            86.1684726,
            55.3055139
          ],
          [
            86.1684556,
            55.3053281
          ],
          [
            86.1684211,
            55.305143
          ],
          [
            86.1683597,
            55.3048617
          ],
          [
            86.1683042,
            55.3046587
          ],
          [
            86.16826,
            55.3044979
          ],
          [
            86.1681373,
            55.3040838
          ],
          [
            86.1680284,
            55.303761
          ],
          [
            86.1678987,
            55.3034668
          ],
          [
            86.1677826,
            55.3032253
          ],
          [
            86.1676447,
            55.3029802
          ]
        ]
      },
      "id": "way/994903369"
    },
    {
      "type": "Feature",
      "properties": {
        "@id": "way/994905684",
        "highway": "primary",
        "highway:category": "ru:IВ",
        "lanes": "2",
        "maxspeed": "RU:urban",
        "name": "Кемерово — Новокузнецк",
        "oneway": "yes",
        "ref": "32К-445",
        "surface": "asphalt"
      },
      "geometry": {
        "type": "LineString",
        "coordinates": [
          [
            86.140712,
            55.2946568
          ],
          [
            86.140579,
            55.2943843
          ]
        ]
      },
      "id": "way/994905684"
    },
    {
      "type": "Feature",
      "properties": {
        "@id": "way/994905685",
        "highway": "primary",
        "lanes": "2",
        "maxspeed": "RU:urban",
        "name": "шоссе имени А.А. Леонова",
        "oneway": "yes",
        "surface": "asphalt"
      },
      "geometry": {
        "type": "LineString",
        "coordinates": [
          [
            86.1396285,
            55.2945169
          ],
          [
            86.1397837,
            55.2945836
          ],
          [
            86.1398707,
            55.2946149
          ],
          [
            86.139958,
            55.2946361
          ],
          [
            86.1400921,
            55.2946502
          ],
          [
            86.1405013,
            55.2946546
          ],
          [
            86.140712,
            55.2946568
          ]
        ]
      },
      "id": "way/994905685"
    },
    {
      "type": "Feature",
      "properties": {
        "@id": "way/994905686",
        "highway": "primary",
        "lanes": "2",
        "maxspeed": "RU:urban",
        "name": "улица Терешковой",
        "name:etymology:wikidata": "Q44371",
        "oneway": "yes",
        "surface": "asphalt"
      },
      "geometry": {
        "type": "LineString",
        "coordinates": [
          [
            86.140712,
            55.2946568
          ],
          [
            86.1408805,
            55.2946587
          ]
        ]
      },
      "id": "way/994905686"
    },
    {
      "type": "Feature",
      "properties": {
        "@id": "way/994910745",
        "highway": "primary",
        "highway:category": "ru:IВ",
        "lanes": "2",
        "maxspeed": "RU:rural",
        "name": "Кемерово — Новокузнецк",
        "oneway": "yes",
        "ref": "32К-445",
        "surface": "asphalt"
      },
      "geometry": {
        "type": "LineString",
        "coordinates": [
          [
            86.140652,
            55.2859053
          ],
          [
            86.1415308,
            55.2850509
          ]
        ]
      },
      "id": "way/994910745"
    },
    {
      "type": "Feature",
      "properties": {
        "@id": "way/994910746",
        "highway": "primary",
        "highway:category": "ru:IВ",
        "lanes": "3",
        "maxspeed": "RU:urban",
        "name": "Кемерово — Новокузнецк",
        "oneway": "yes",
        "ref": "32К-445",
        "surface": "asphalt",
        "turn:lanes": "through|through|right"
      },
      "geometry": {
        "type": "LineString",
        "coordinates": [
          [
            86.1383381,
            55.289335
          ],
          [
            86.1383288,
            55.2891734
          ],
          [
            86.1383468,
            55.2890054
          ],
          [
            86.1383685,
            55.2888253
          ],
          [
            86.1384127,
            55.288627
          ]
        ]
      },
      "id": "way/994910746"
    },
    {
      "type": "Feature",
      "properties": {
        "@id": "way/994910747",
        "highway": "primary",
        "highway:category": "ru:IВ",
        "lanes": "2",
        "maxspeed": "RU:urban",
        "name": "Кемерово — Новокузнецк",
        "oneway": "yes",
        "ref": "32К-445",
        "surface": "asphalt"
      },
      "geometry": {
        "type": "LineString",
        "coordinates": [
          [
            86.1384127,
            55.288627
          ],
          [
            86.1384881,
            55.2883982
          ],
          [
            86.1385806,
            55.2881968
          ],
          [
            86.1387261,
            55.2879523
          ],
          [
            86.1388523,
            55.2877678
          ]
        ]
      },
      "id": "way/994910747"
    },
    {
      "type": "Feature",
      "properties": {
        "@id": "way/994910748",
        "highway": "primary",
        "highway:category": "ru:IВ",
        "lanes": "2",
        "maxspeed": "RU:urban",
        "name": "Кемерово — Новокузнецк",
        "oneway": "yes",
        "ref": "32К-445",
        "surface": "asphalt"
      },
      "geometry": {
        "type": "LineString",
        "coordinates": [
          [
            86.1394731,
            55.2870856
          ],
          [
            86.1398737,
            55.2866782
          ]
        ]
      },
      "id": "way/994910748"
    },
    {
      "type": "Feature",
      "properties": {
        "@id": "way/994910749",
        "highway": "primary",
        "highway:category": "ru:IВ",
        "lanes": "3",
        "maxspeed": "RU:urban",
        "name": "Кемерово — Новокузнецк",
        "oneway": "yes",
        "ref": "32К-445",
        "surface": "asphalt",
        "turn:lanes": "through|through|slight_left"
      },
      "geometry": {
        "type": "LineString",
        "coordinates": [
          [
            86.1388523,
            55.2877678
          ],
          [
            86.1391532,
            55.2874268
          ],
          [
            86.1394731,
            55.2870856
          ]
        ]
      },
      "id": "way/994910749"
    },
    {
      "type": "Feature",
      "properties": {
        "@id": "way/994910750",
        "highway": "primary",
        "highway:category": "ru:IВ",
        "lanes": "3",
        "maxspeed": "RU:rural",
        "name": "Кемерово — Новокузнецк",
        "oneway": "yes",
        "ref": "32К-445",
        "surface": "asphalt",
        "turn:lanes": "through|through|through;right"
      },
      "geometry": {
        "type": "LineString",
        "coordinates": [
          [
            86.1410557,
            55.2857363
          ],
          [
            86.1400816,
            55.2866715
          ]
        ]
      },
      "id": "way/994910750"
    },
    {
      "type": "Feature",
      "properties": {
        "@id": "way/994910751",
        "highway": "primary",
        "highway:category": "ru:IВ",
        "lanes": "3",
        "maxspeed": "RU:urban",
        "name": "Кемерово — Новокузнецк",
        "oneway": "yes",
        "ref": "32К-445",
        "surface": "asphalt",
        "turn:lanes": "through|through|slight_left"
      },
      "geometry": {
        "type": "LineString",
        "coordinates": [
          [
            86.1400816,
            55.2866715
          ],
          [
            86.1395971,
            55.2871236
          ],
          [
            86.1391603,
            55.2875662
          ],
          [
            86.1389723,
            55.2877922
          ],
          [
            86.1388762,
            55.2879231
          ],
          [
            86.1387227,
            55.2881667
          ]
        ]
      },
      "id": "way/994910751"
    },
    {
      "type": "Feature",
      "properties": {
        "@id": "way/1011647440",
        "highway": "secondary",
        "lanes": "4",
        "maxspeed": "RU:urban",
        "name": "проспект Ленина",
        "name:etymology:wikidata": "Q1394",
        "oneway": "yes",
        "surface": "asphalt"
      },
      "geometry": {
        "type": "LineString",
        "coordinates": [
          [
            86.1626755,
            55.3490373
          ],
          [
            86.1626993,
            55.3491047
          ],
          [
            86.1627264,
            55.3491511
          ]
        ]
      },
      "id": "way/1011647440"
    },
    {
      "type": "Feature",
      "properties": {
        "@id": "way/1011647441",
        "highway": "primary",
        "lanes": "4",
        "lanes:bus": "1",
        "maxspeed": "RU:urban",
        "name": "проспект Ленина",
        "name:etymology:wikidata": "Q1394",
        "name:ru": "проспект Ленина",
        "oneway": "yes",
        "surface": "asphalt"
      },
      "geometry": {
        "type": "LineString",
        "coordinates": [
          [
            86.160961,
            55.3486896
          ],
          [
            86.1610288,
            55.348705
          ],
          [
            86.1611065,
            55.3487145
          ],
          [
            86.161208,
            55.3487146
          ],
          [
            86.1613078,
            55.3487022
          ]
        ]
      },
      "id": "way/1011647441"
    },
    {
      "type": "Feature",
      "properties": {
        "@id": "way/1016057122",
        "highway": "primary",
        "lanes": "3",
        "maxspeed": "RU:urban",
        "name": "проспект Ленина",
        "name:etymology:wikidata": "Q1394",
        "name:ru": "проспект Ленина",
        "oneway": "yes",
        "surface": "asphalt"
      },
      "geometry": {
        "type": "LineString",
        "coordinates": [
          [
            86.0748873,
            55.344248
          ],
          [
            86.0753651,
            55.3442536
          ],
          [
            86.0762429,
            55.3442628
          ],
          [
            86.0767394,
            55.3442679
          ],
          [
            86.078844,
            55.3442884
          ],
          [
            86.0790785,
            55.3442896
          ]
        ]
      },
      "id": "way/1016057122"
    },
    {
      "type": "Feature",
      "properties": {
        "@id": "way/1016057124",
        "highway": "primary",
        "lanes": "3",
        "maxspeed": "RU:urban",
        "name": "проспект Ленина",
        "name:etymology:wikidata": "Q1394",
        "name:ru": "проспект Ленина",
        "oneway": "yes",
        "surface": "asphalt"
      },
      "geometry": {
        "type": "LineString",
        "coordinates": [
          [
            86.0750899,
            55.3444137
          ],
          [
            86.0749678,
            55.3444126
          ],
          [
            86.0748766,
            55.3444111
          ],
          [
            86.0748071,
            55.3444099
          ]
        ]
      },
      "id": "way/1016057124"
    },
    {
      "type": "Feature",
      "properties": {
        "@id": "way/1056564921",
        "highway": "primary",
        "lanes": "3",
        "maxspeed": "RU:urban",
        "name": "проспект Ленина",
        "name:etymology:wikidata": "Q1394",
        "name:ru": "проспект Ленина",
        "oneway": "yes",
        "surface": "asphalt"
      },
      "geometry": {
        "type": "LineString",
        "coordinates": [
          [
            86.079093,
            55.3444399
          ],
          [
            86.0788349,
            55.3444379
          ],
          [
            86.0775023,
            55.3444246
          ],
          [
            86.0760967,
            55.3444169
          ],
          [
            86.0753526,
            55.3444153
          ],
          [
            86.0750899,
            55.3444137
          ]
        ]
      },
      "id": "way/1056564921"
    },
    {
      "type": "Feature",
      "properties": {
        "@id": "way/1074764264",
        "highway": "primary",
        "lanes": "4",
        "maxspeed": "RU:urban",
        "name": "Советский проспект",
        "name:ru": "Советский проспект",
        "oneway": "yes",
        "surface": "asphalt"
      },
      "geometry": {
        "type": "LineString",
        "coordinates": [
          [
            86.0721779,
            55.3583777
          ],
          [
            86.0726,
            55.3582814
          ],
          [
            86.0744094,
            55.3578632
          ],
          [
            86.0754978,
            55.357614
          ],
          [
            86.075681,
            55.3575723
          ],
          [
            86.075978,
            55.3575028
          ],
          [
            86.0762164,
            55.3574477
          ],
          [
            86.0764292,
            55.3573969
          ],
          [
            86.077185,
            55.3572207
          ],
          [
            86.0775766,
            55.3571278
          ]
        ]
      },
      "id": "way/1074764264"
    },
    {
      "type": "Feature",
      "properties": {
        "@id": "way/1074764266",
        "highway": "primary",
        "lanes": "4",
        "maxspeed": "RU:urban",
        "name": "Советский проспект",
        "name:ru": "Советский проспект",
        "oneway": "yes",
        "surface": "asphalt"
      },
      "geometry": {
        "type": "LineString",
        "coordinates": [
          [
            86.0722607,
            55.3584968
          ],
          [
            86.0720149,
            55.3585537
          ]
        ]
      },
      "id": "way/1074764266"
    },
    {
      "type": "Feature",
      "properties": {
        "@id": "way/1074764267",
        "highway": "primary",
        "lanes": "4",
        "maxspeed": "RU:urban",
        "name": "Советский проспект",
        "name:ru": "Советский проспект",
        "oneway": "yes",
        "surface": "asphalt"
      },
      "geometry": {
        "type": "LineString",
        "coordinates": [
          [
            86.072612,
            55.3584168
          ],
          [
            86.0722607,
            55.3584968
          ]
        ]
      },
      "id": "way/1074764267"
    },
    {
      "type": "Feature",
      "properties": {
        "@id": "way/1076464651",
        "highway": "secondary",
        "lanes": "2",
        "maxspeed": "RU:urban",
        "name": "улица Ракитянского"
      },
      "geometry": {
        "type": "LineString",
        "coordinates": [
          [
            86.1201483,
            55.4192022
          ],
          [
            86.1181407,
            55.4195699
          ],
          [
            86.1157152,
            55.4200148
          ],
          [
            86.1154651,
            55.4200534
          ]
        ]
      },
      "id": "way/1076464651"
    },
    {
      "type": "Feature",
      "properties": {
        "@id": "way/1076464652",
        "highway": "secondary",
        "lanes": "2",
        "maxspeed": "40",
        "name": "улица Ракитянского"
      },
      "geometry": {
        "type": "LineString",
        "coordinates": [
          [
            86.1154651,
            55.4200534
          ],
          [
            86.1150045,
            55.4201398
          ],
          [
            86.1133923,
            55.4204061
          ],
          [
            86.1123293,
            55.4205916
          ],
          [
            86.1106736,
            55.4208851
          ]
        ]
      },
      "id": "way/1076464652"
    },
    {
      "type": "Feature",
      "properties": {
        "@id": "way/1076464653",
        "highway": "primary",
        "lanes": "3",
        "lanes:backward": "1",
        "lanes:forward": "2",
        "maxspeed": "60",
        "name": "улица Нахимова",
        "surface": "asphalt"
      },
      "geometry": {
        "type": "LineString",
        "coordinates": [
          [
            86.0911979,
            55.3876989
          ],
          [
            86.0909888,
            55.3875435
          ],
          [
            86.0907453,
            55.3873294
          ],
          [
            86.0905066,
            55.3871105
          ],
          [
            86.0902506,
            55.3868301
          ],
          [
            86.0899463,
            55.3864191
          ],
          [
            86.0895747,
            55.3858546
          ],
          [
            86.0894964,
            55.3857356
          ],
          [
            86.0894877,
            55.385715
          ]
        ]
      },
      "id": "way/1076464653"
    },
    {
      "type": "Feature",
      "properties": {
        "@id": "way/1076464654",
        "highway": "primary",
        "lanes": "2",
        "maxspeed": "60",
        "name": "улица Нахимова",
        "surface": "asphalt"
      },
      "geometry": {
        "type": "LineString",
        "coordinates": [
          [
            86.0933713,
            55.389321
          ],
          [
            86.0932669,
            55.3890688
          ],
          [
            86.0931388,
            55.3888981
          ],
          [
            86.0914195,
            55.3878514
          ],
          [
            86.0911979,
            55.3876989
          ]
        ]
      },
      "id": "way/1076464654"
    },
    {
      "type": "Feature",
      "properties": {
        "@id": "way/1076464655",
        "highway": "primary",
        "lanes": "3",
        "lanes:backward": "2",
        "lanes:forward": "1",
        "maxspeed": "60",
        "name": "улица Нахимова",
        "surface": "asphalt"
      },
      "geometry": {
        "type": "LineString",
        "coordinates": [
          [
            86.0935971,
            55.3899823
          ],
          [
            86.0933713,
            55.389321
          ]
        ]
      },
      "id": "way/1076464655"
    },
    {
      "type": "Feature",
      "properties": {
        "@id": "way/1076464656",
        "highway": "primary",
        "lanes": "2",
        "maxspeed": "40",
        "name": "улица Нахимова",
        "surface": "asphalt"
      },
      "geometry": {
        "type": "LineString",
        "coordinates": [
          [
            86.0965103,
            55.3927089
          ],
          [
            86.096113,
            55.3924351
          ],
          [
            86.0950858,
            55.3917062
          ],
          [
            86.0948577,
            55.3915458
          ],
          [
            86.0947953,
            55.3915019
          ],
          [
            86.0946348,
            55.3913891
          ],
          [
            86.0945259,
            55.3913125
          ],
          [
            86.0943975,
            55.3911989
          ],
          [
            86.094269,
            55.3910853
          ],
          [
            86.0942036,
            55.3910275
          ],
          [
            86.0941136,
            55.3909466
          ]
        ]
      },
      "id": "way/1076464656"
    },
    {
      "type": "Feature",
      "properties": {
        "@id": "way/1076464657",
        "highway": "primary",
        "lanes": "3",
        "lanes:backward": "2",
        "lanes:forward": "1",
        "maxspeed": "60",
        "name": "улица Нахимова",
        "surface": "asphalt"
      },
      "geometry": {
        "type": "LineString",
        "coordinates": [
          [
            86.0987146,
            55.3942413
          ],
          [
            86.0980798,
            55.3937858
          ],
          [
            86.0974926,
            55.3933962
          ],
          [
            86.0973631,
            55.3933077
          ]
        ]
      },
      "id": "way/1076464657"
    },
    {
      "type": "Feature",
      "properties": {
        "@id": "way/1076464658",
        "highway": "primary",
        "lanes": "2",
        "maxspeed": "60",
        "name": "улица Нахимова",
        "surface": "asphalt"
      },
      "geometry": {
        "type": "LineString",
        "coordinates": [
          [
            86.1034145,
            55.3984814
          ],
          [
            86.1030574,
            55.3980523
          ],
          [
            86.102265,
            55.397097
          ],
          [
            86.1016395,
            55.3964001
          ],
          [
            86.1012128,
            55.3960504
          ],
          [
            86.0997735,
            55.395001
          ],
          [
            86.0997178,
            55.394961
          ],
          [
            86.0987146,
            55.3942413
          ]
        ]
      },
      "id": "way/1076464658"
    },
    {
      "type": "Feature",
      "properties": {
        "@id": "way/1076464659",
        "highway": "primary",
        "lanes": "3",
        "lanes:backward": "2",
        "lanes:forward": "1",
        "maxspeed": "60",
        "name": "улица Нахимова",
        "surface": "asphalt"
      },
      "geometry": {
        "type": "LineString",
        "coordinates": [
          [
            86.1041426,
            55.3993151
          ],
          [
            86.1034145,
            55.3984814
          ]
        ]
      },
      "id": "way/1076464659"
    },
    {
      "type": "Feature",
      "properties": {
        "@id": "way/1076464660",
        "highway": "primary",
        "lanes": "2",
        "maxspeed": "60",
        "name": "улица Нахимова",
        "surface": "asphalt"
      },
      "geometry": {
        "type": "LineString",
        "coordinates": [
          [
            86.1077347,
            55.4035606
          ],
          [
            86.1071784,
            55.4029076
          ],
          [
            86.1070994,
            55.4028144
          ],
          [
            86.1059976,
            55.4015148
          ],
          [
            86.1056488,
            55.4011062
          ],
          [
            86.1052545,
            55.4006494
          ],
          [
            86.1044807,
            55.3997132
          ],
          [
            86.1041426,
            55.3993151
          ]
        ]
      },
      "id": "way/1076464660"
    },
    {
      "type": "Feature",
      "properties": {
        "@id": "way/1076464661",
        "highway": "primary",
        "lanes": "3",
        "lanes:backward": "1",
        "lanes:forward": "2",
        "maxspeed": "60",
        "name": "улица Нахимова",
        "surface": "asphalt"
      },
      "geometry": {
        "type": "LineString",
        "coordinates": [
          [
            86.1082437,
            55.4041494
          ],
          [
            86.1080108,
            55.4038847
          ],
          [
            86.1077347,
            55.4035606
          ]
        ]
      },
      "id": "way/1076464661"
    },
    {
      "type": "Feature",
      "properties": {
        "@id": "way/1076464662",
        "highway": "primary",
        "lanes": "2",
        "maxspeed": "60",
        "name": "улица Нахимова",
        "surface": "asphalt"
      },
      "geometry": {
        "type": "LineString",
        "coordinates": [
          [
            86.1096611,
            55.4057607
          ],
          [
            86.1088631,
            55.4048535
          ],
          [
            86.108756,
            55.4047318
          ],
          [
            86.1082437,
            55.4041494
          ]
        ]
      },
      "id": "way/1076464662"
    },
    {
      "type": "Feature",
      "properties": {
        "@id": "way/1076464663",
        "highway": "primary",
        "lanes": "2",
        "maxspeed": "40",
        "name": "улица Нахимова",
        "surface": "asphalt"
      },
      "geometry": {
        "type": "LineString",
        "coordinates": [
          [
            86.111153,
            55.40746
          ],
          [
            86.110484,
            55.4066965
          ],
          [
            86.1104112,
            55.4066134
          ],
          [
            86.1100944,
            55.4062533
          ],
          [
            86.1100253,
            55.4061747
          ],
          [
            86.1099529,
            55.4060924
          ],
          [
            86.1096611,
            55.4057607
          ]
        ]
      },
      "id": "way/1076464663"
    },
    {
      "type": "Feature",
      "properties": {
        "@id": "way/1076464664",
        "highway": "primary",
        "lanes": "2",
        "maxspeed": "60",
        "surface": "asphalt"
      },
      "geometry": {
        "type": "LineString",
        "coordinates": [
          [
            86.1146672,
            55.4114987
          ],
          [
            86.1143735,
            55.4111374
          ],
          [
            86.1119426,
            55.4083611
          ],
          [
            86.1118616,
            55.4082686
          ]
        ]
      },
      "id": "way/1076464664"
    },
    {
      "type": "Feature",
      "properties": {
        "@id": "way/1076464665",
        "highway": "primary",
        "lanes": "3",
        "lanes:backward": "1",
        "lanes:forward": "2",
        "maxspeed": "60",
        "name": "улица Нахимова",
        "surface": "asphalt"
      },
      "geometry": {
        "type": "LineString",
        "coordinates": [
          [
            86.115556,
            55.4125709
          ],
          [
            86.1151301,
            55.4120528
          ],
          [
            86.1150023,
            55.4119111
          ],
          [
            86.1146672,
            55.4114987
          ]
        ]
      },
      "id": "way/1076464665"
    },
    {
      "type": "Feature",
      "properties": {
        "@id": "way/1076464666",
        "highway": "primary",
        "lanes": "3",
        "lanes:backward": "2",
        "lanes:forward": "1",
        "maxspeed": "60",
        "name": "улица Нахимова",
        "surface": "asphalt"
      },
      "geometry": {
        "type": "LineString",
        "coordinates": [
          [
            86.1201483,
            55.4192022
          ],
          [
            86.1196656,
            55.4185236
          ]
        ]
      },
      "id": "way/1076464666"
    },
    {
      "type": "Feature",
      "properties": {
        "@id": "way/1076464667",
        "highway": "primary",
        "lanes": "2",
        "maxspeed": "60",
        "name": "улица Нахимова",
        "surface": "asphalt"
      },
      "geometry": {
        "type": "LineString",
        "coordinates": [
          [
            86.1246922,
            55.4243281
          ],
          [
            86.1245868,
            55.4241951
          ]
        ]
      },
      "id": "way/1076464667"
    },
    {
      "type": "Feature",
      "properties": {
        "@id": "way/1076464668",
        "highway": "primary",
        "lanes": "3",
        "lanes:backward": "1",
        "lanes:forward": "2",
        "maxspeed": "60",
        "name": "улица Нахимова",
        "surface": "asphalt"
      },
      "geometry": {
        "type": "LineString",
        "coordinates": [
          [
            86.1254461,
            55.4254853
          ],
          [
            86.1250585,
            55.4249121
          ]
        ]
      },
      "id": "way/1076464668"
    },
    {
      "type": "Feature",
      "properties": {
        "@id": "way/1076464669",
        "highway": "primary",
        "lanes": "3",
        "lanes:backward": "2",
        "lanes:forward": "1",
        "maxspeed": "60",
        "name": "улица Нахимова",
        "surface": "asphalt"
      },
      "geometry": {
        "type": "LineString",
        "coordinates": [
          [
            86.1250585,
            55.4249121
          ],
          [
            86.1249974,
            55.4248173
          ],
          [
            86.1246922,
            55.4243281
          ]
        ]
      },
      "id": "way/1076464669"
    },
    {
      "type": "Feature",
      "properties": {
        "@id": "way/1076464670",
        "highway": "primary",
        "lanes": "2",
        "maxspeed": "60",
        "name": "улица Нахимова",
        "surface": "asphalt"
      },
      "geometry": {
        "type": "LineString",
        "coordinates": [
          [
            86.1256899,
            55.4257989
          ],
          [
            86.1255538,
            55.4256445
          ],
          [
            86.1254461,
            55.4254853
          ]
        ]
      },
      "id": "way/1076464670"
    },
    {
      "type": "Feature",
      "properties": {
        "@id": "way/1076464672",
        "highway": "primary",
        "lanes": "2",
        "maxspeed": "RU:urban",
        "name": "улица Терешковой",
        "name:etymology:wikidata": "Q44371",
        "oneway": "yes",
        "surface": "asphalt"
      },
      "geometry": {
        "type": "LineString",
        "coordinates": [
          [
            86.1146432,
            55.3868079
          ],
          [
            86.1150342,
            55.3866736
          ],
          [
            86.1154011,
            55.3865454
          ],
          [
            86.1154405,
            55.3865306
          ],
          [
            86.1160414,
            55.3863056
          ]
        ]
      },
      "id": "way/1076464672"
    },
    {
      "type": "Feature",
      "properties": {
        "@id": "way/1076464673",
        "highway": "primary",
        "lanes": "3",
        "maxspeed": "RU:urban",
        "name": "улица Терешковой",
        "name:etymology:wikidata": "Q44371",
        "oneway": "yes",
        "surface": "asphalt"
      },
      "geometry": {
        "type": "LineString",
        "coordinates": [
          [
            86.1292079,
            55.3749548
          ],
          [
            86.1292247,
            55.3746771
          ],
          [
            86.1292013,
            55.3743854
          ],
          [
            86.1291633,
            55.3741233
          ],
          [
            86.1291107,
            55.373816
          ],
          [
            86.1289991,
            55.373263
          ],
          [
            86.1289283,
            55.3729511
          ],
          [
            86.1287885,
            55.3723186
          ]
        ]
      },
      "id": "way/1076464673"
    },
    {
      "type": "Feature",
      "properties": {
        "@id": "way/1076464674",
        "highway": "primary",
        "lanes": "3",
        "maxspeed": "RU:urban",
        "name": "улица Терешковой",
        "name:etymology:wikidata": "Q44371",
        "oneway": "yes",
        "surface": "asphalt"
      },
      "geometry": {
        "type": "LineString",
        "coordinates": [
          [
            86.1287885,
            55.3723186
          ],
          [
            86.1285897,
            55.3714724
          ]
        ]
      },
      "id": "way/1076464674"
    },
    {
      "type": "Feature",
      "properties": {
        "@id": "way/1076464675",
        "highway": "primary",
        "lanes": "3",
        "maxspeed": "RU:urban",
        "name": "улица Терешковой",
        "name:etymology:wikidata": "Q44371",
        "oneway": "yes",
        "surface": "asphalt"
      },
      "geometry": {
        "type": "LineString",
        "coordinates": [
          [
            86.1285928,
            55.3764779
          ],
          [
            86.1287817,
            55.3761719
          ],
          [
            86.1289136,
            55.3759545
          ],
          [
            86.1289976,
            55.3757669
          ],
          [
            86.1291041,
            55.375508
          ],
          [
            86.1291662,
            55.3752582
          ],
          [
            86.1292079,
            55.3749548
          ]
        ]
      },
      "id": "way/1076464675"
    },
    {
      "type": "Feature",
      "properties": {
        "@id": "way/1083714714",
        "highway": "secondary",
        "lanes": "2",
        "name": "бульвар Строителей",
        "oneway": "yes",
        "surface": "asphalt"
      },
      "geometry": {
        "type": "LineString",
        "coordinates": [
          [
            86.1770733,
            55.3334797
          ],
          [
            86.1779704,
            55.3324321
          ],
          [
            86.1781255,
            55.3322509
          ],
          [
            86.1782848,
            55.3320725
          ],
          [
            86.1785099,
            55.3318302
          ],
          [
            86.1786269,
            55.3316507
          ],
          [
            86.1786813,
            55.331518
          ],
          [
            86.178759,
            55.3312168
          ],
          [
            86.1788159,
            55.3308977
          ],
          [
            86.1789548,
            55.330164
          ],
          [
            86.1789934,
            55.3299851
          ],
          [
            86.1790733,
            55.3297325
          ],
          [
            86.1791811,
            55.3294833
          ],
          [
            86.1795042,
            55.3289719
          ],
          [
            86.1796369,
            55.3287887
          ],
          [
            86.1798413,
            55.3286169
          ],
          [
            86.1801629,
            55.3284055
          ],
          [
            86.1804333,
            55.3282382
          ]
        ]
      },
      "id": "way/1083714714"
    },
    {
      "type": "Feature",
      "properties": {
        "@id": "way/1083717924",
        "highway": "secondary",
        "lanes": "2",
        "name": "бульвар Строителей",
        "oneway": "yes",
        "surface": "asphalt"
      },
      "geometry": {
        "type": "LineString",
        "coordinates": [
          [
            86.1804333,
            55.3282382
          ],
          [
            86.1802721,
            55.3284192
          ],
          [
            86.1801182,
            55.3285713
          ],
          [
            86.1800148,
            55.328668
          ],
          [
            86.1798656,
            55.3288474
          ],
          [
            86.1795858,
            55.329197
          ],
          [
            86.1794428,
            55.3294306
          ],
          [
            86.179382,
            55.3295488
          ],
          [
            86.179312,
            55.3297248
          ],
          [
            86.179228,
            55.3299779
          ],
          [
            86.1791652,
            55.3301917
          ],
          [
            86.1789476,
            55.3312307
          ],
          [
            86.1788512,
            55.3315478
          ],
          [
            86.1787851,
            55.3316782
          ],
          [
            86.1786626,
            55.33185
          ],
          [
            86.1784283,
            55.3321189
          ],
          [
            86.1782688,
            55.3322949
          ],
          [
            86.1771735,
            55.3335102
          ]
        ]
      },
      "id": "way/1083717924"
    },
    {
      "type": "Feature",
      "properties": {
        "@id": "way/1085729533",
        "highway": "primary",
        "lanes": "3",
        "maxspeed": "RU:urban",
        "name": "проспект Ленина",
        "name:etymology:wikidata": "Q1394",
        "name:ru": "проспект Ленина",
        "oneway": "yes",
        "surface": "asphalt"
      },
      "geometry": {
        "type": "LineString",
        "coordinates": [
          [
            86.0889194,
            55.344383
          ],
          [
            86.089305,
            55.344386
          ],
          [
            86.0894551,
            55.344385
          ]
        ]
      },
      "id": "way/1085729533"
    },
    {
      "type": "Feature",
      "properties": {
        "@id": "way/1100744466",
        "highway": "primary",
        "oneway": "yes"
      },
      "geometry": {
        "type": "LineString",
        "coordinates": [
          [
            86.1403882,
            55.3449957
          ],
          [
            86.1400613,
            55.3449412
          ],
          [
            86.1400064,
            55.344927
          ],
          [
            86.1399708,
            55.3449101
          ],
          [
            86.1399522,
            55.3448896
          ],
          [
            86.1399401,
            55.3448525
          ]
        ]
      },
      "id": "way/1100744466"
    },
    {
      "type": "Feature",
      "properties": {
        "@id": "way/1102576563",
        "highway": "secondary",
        "oneway": "yes"
      },
      "geometry": {
        "type": "LineString",
        "coordinates": [
          [
            86.0969787,
            55.3456973
          ],
          [
            86.0945803,
            55.3462977
          ]
        ]
      },
      "id": "way/1102576563"
    },
    {
      "type": "Feature",
      "properties": {
        "@id": "way/1102576564",
        "highway": "secondary",
        "oneway": "yes"
      },
      "geometry": {
        "type": "LineString",
        "coordinates": [
          [
            86.0931175,
            55.3466248
          ],
          [
            86.0912739,
            55.3470204
          ],
          [
            86.0910318,
            55.3470744
          ],
          [
            86.0908613,
            55.3471204
          ]
        ]
      },
      "id": "way/1102576564"
    },
    {
      "type": "Feature",
      "properties": {
        "@id": "way/1102576565",
        "bridge": "yes",
        "highway": "secondary",
        "lanes": "2",
        "layer": "1",
        "oneway": "yes"
      },
      "geometry": {
        "type": "LineString",
        "coordinates": [
          [
            86.0945803,
            55.3462977
          ],
          [
            86.0931175,
            55.3466248
          ]
        ]
      },
      "id": "way/1102576565"
    },
    {
      "type": "Feature",
      "properties": {
        "@id": "way/1102576566",
        "highway": "secondary",
        "oneway": "yes"
      },
      "geometry": {
        "type": "LineString",
        "coordinates": [
          [
            86.0907232,
            55.347061
          ],
          [
            86.0909858,
            55.3470142
          ],
          [
            86.0930659,
            55.3465635
          ]
        ]
      },
      "id": "way/1102576566"
    },
    {
      "type": "Feature",
      "properties": {
        "@id": "way/1102576567",
        "highway": "secondary",
        "oneway": "yes"
      },
      "geometry": {
        "type": "LineString",
        "coordinates": [
          [
            86.0945423,
            55.3462374
          ],
          [
            86.0969608,
            55.345633
          ]
        ]
      },
      "id": "way/1102576567"
    },
    {
      "type": "Feature",
      "properties": {
        "@id": "way/1102576568",
        "bridge": "yes",
        "highway": "secondary",
        "lanes": "2",
        "layer": "1",
        "oneway": "yes"
      },
      "geometry": {
        "type": "LineString",
        "coordinates": [
          [
            86.0930659,
            55.3465635
          ],
          [
            86.0945423,
            55.3462374
          ]
        ]
      },
      "id": "way/1102576568"
    },
    {
      "type": "Feature",
      "properties": {
        "@id": "way/1106501306",
        "highway": "secondary",
        "lanes": "3",
        "lanes:backward": "2",
        "lanes:forward": "3",
        "maxspeed": "RU:urban",
        "name": "Соборная улица",
        "name:ru": "Соборная улица",
        "name:uk": "Соборна вулиця",
        "oneway": "yes"
      },
      "geometry": {
        "type": "LineString",
        "coordinates": [
          [
            86.0974932,
            55.3428848
          ],
          [
            86.097484,
            55.3434073
          ]
        ]
      },
      "id": "way/1106501306"
    },
    {
      "type": "Feature",
      "properties": {
        "@id": "way/1106501307",
        "highway": "secondary",
        "lanes": "2",
        "lanes:backward": "2",
        "lanes:forward": "3",
        "maxspeed": "RU:urban",
        "name": "Соборная улица",
        "name:ru": "Соборная улица",
        "name:uk": "Соборна вулиця",
        "oneway": "yes"
      },
      "geometry": {
        "type": "LineString",
        "coordinates": [
          [
            86.0975037,
            55.3423275
          ],
          [
            86.0974932,
            55.3428848
          ]
        ]
      },
      "id": "way/1106501307"
    },
    {
      "type": "Feature",
      "properties": {
        "@id": "way/1106555387",
        "highway": "primary",
        "lanes": "2",
        "maxspeed": "60",
        "name": "улица Нахимова",
        "surface": "asphalt"
      },
      "geometry": {
        "type": "LineString",
        "coordinates": [
          [
            86.1222225,
            55.421612
          ],
          [
            86.1217415,
            55.4210955
          ],
          [
            86.1212698,
            55.4205692
          ]
        ]
      },
      "id": "way/1106555387"
    },
    {
      "type": "Feature",
      "properties": {
        "@id": "way/1106555389",
        "highway": "primary",
        "lanes": "2",
        "maxspeed": "60",
        "name": "улица Нахимова",
        "surface": "asphalt"
      },
      "geometry": {
        "type": "LineString",
        "coordinates": [
          [
            86.1231085,
            55.4225524
          ],
          [
            86.1222225,
            55.421612
          ]
        ]
      },
      "id": "way/1106555389"
    },
    {
      "type": "Feature",
      "properties": {
        "@id": "way/1106555390",
        "highway": "primary",
        "lanes": "2",
        "maxspeed": "60",
        "name": "улица Нахимова",
        "surface": "asphalt"
      },
      "geometry": {
        "type": "LineString",
        "coordinates": [
          [
            86.1212698,
            55.4205692
          ],
          [
            86.1209819,
            55.4202183
          ]
        ]
      },
      "id": "way/1106555390"
    },
    {
      "type": "Feature",
      "properties": {
        "@id": "way/1112189707",
        "highway": "primary",
        "lanes": "2",
        "maxspeed": "RU:urban",
        "name": "улица Юрия Двужильного",
        "oneway": "yes"
      },
      "geometry": {
        "type": "LineString",
        "coordinates": [
          [
            86.1013471,
            55.3182957
          ],
          [
            86.0999849,
            55.3175725
          ],
          [
            86.0993182,
            55.3171956
          ],
          [
            86.0991622,
            55.3171074
          ],
          [
            86.0989211,
            55.316956
          ]
        ]
      },
      "id": "way/1112189707"
    },
    {
      "type": "Feature",
      "properties": {
        "@id": "way/1112189708",
        "highway": "primary",
        "lanes": "2",
        "maxspeed": "RU:urban",
        "name": "улица Юрия Двужильного",
        "oneway": "yes"
      },
      "geometry": {
        "type": "LineString",
        "coordinates": [
          [
            86.1014282,
            55.3182477
          ],
          [
            86.1016767,
            55.3183807
          ]
        ]
      },
      "id": "way/1112189708"
    },
    {
      "type": "Feature",
      "properties": {
        "@id": "way/1112189709",
        "highway": "primary",
        "lanes": "2",
        "maxspeed": "RU:urban",
        "name": "улица Юрия Двужильного",
        "oneway": "yes"
      },
      "geometry": {
        "type": "LineString",
        "coordinates": [
          [
            86.1016767,
            55.3183807
          ],
          [
            86.1019452,
            55.3185248
          ],
          [
            86.1033582,
            55.319283
          ],
          [
            86.1035012,
            55.3193572
          ],
          [
            86.1035846,
            55.3194
          ],
          [
            86.1043787,
            55.3198072
          ],
          [
            86.1050927,
            55.3201838
          ]
        ]
      },
      "id": "way/1112189709"
    },
    {
      "type": "Feature",
      "properties": {
        "@id": "way/1120234539",
        "highway": "primary",
        "lanes": "2",
        "maxspeed": "RU:urban",
        "name": "улица Юрия Двужильного",
        "oneway": "yes"
      },
      "geometry": {
        "type": "LineString",
        "coordinates": [
          [
            86.1322051,
            55.3219546
          ],
          [
            86.1323176,
            55.3219499
          ]
        ]
      },
      "id": "way/1120234539"
    },
    {
      "type": "Feature",
      "properties": {
        "@id": "way/1120234540",
        "highway": "primary",
        "lanes": "2",
        "maxspeed": "RU:urban",
        "name": "улица Тухачевского",
        "name:uk": "вулиця Тухачевського",
        "oneway": "yes",
        "surface": "asphalt"
      },
      "geometry": {
        "type": "LineString",
        "coordinates": [
          [
            86.134207,
            55.3177843
          ],
          [
            86.134258,
            55.3176799
          ],
          [
            86.135193,
            55.3157639
          ],
          [
            86.1353252,
            55.3155006
          ],
          [
            86.1354111,
            55.3153268
          ],
          [
            86.1356728,
            55.3147974
          ],
          [
            86.1361867,
            55.3137579
          ],
          [
            86.1365854,
            55.3129324
          ],
          [
            86.1366841,
            55.3127282
          ],
          [
            86.1377265,
            55.3105698
          ],
          [
            86.1378027,
            55.310413
          ],
          [
            86.1383842,
            55.3092155
          ],
          [
            86.1384898,
            55.3089924
          ],
          [
            86.1397811,
            55.3063443
          ],
          [
            86.1399374,
            55.3060275
          ],
          [
            86.1403254,
            55.3052414
          ],
          [
            86.1404103,
            55.3050693
          ],
          [
            86.1413309,
            55.3033049
          ],
          [
            86.142649,
            55.3005195
          ],
          [
            86.1427742,
            55.3001639
          ],
          [
            86.1428361,
            55.2998513
          ],
          [
            86.1428507,
            55.2995309
          ],
          [
            86.1428508,
            55.2993652
          ],
          [
            86.1428277,
            55.2991507
          ],
          [
            86.1427771,
            55.2988688
          ],
          [
            86.1427292,
            55.2986723
          ],
          [
            86.142676,
            55.2985063
          ],
          [
            86.142527,
            55.2981669
          ],
          [
            86.141835,
            55.2967813
          ],
          [
            86.1411737,
            55.2956079
          ]
        ]
      },
      "id": "way/1120234540"
    },
    {
      "type": "Feature",
      "properties": {
        "@id": "way/1120234541",
        "highway": "primary",
        "lanes": "2",
        "maxspeed": "RU:urban",
        "name": "улица Тухачевского",
        "name:uk": "вулиця Тухачевського",
        "oneway": "yes",
        "surface": "asphalt"
      },
      "geometry": {
        "type": "LineString",
        "coordinates": [
          [
            86.1321798,
            55.3220322
          ],
          [
            86.1322051,
            55.3219546
          ]
        ]
      },
      "id": "way/1120234541"
    },
    {
      "type": "Feature",
      "properties": {
        "@id": "way/1120234542",
        "highway": "primary",
        "lanes": "2",
        "maxspeed": "RU:urban",
        "name": "улица Юрия Двужильного",
        "oneway": "yes"
      },
      "geometry": {
        "type": "LineString",
        "coordinates": [
          [
            86.1321798,
            55.3220322
          ],
          [
            86.1311348,
            55.3221281
          ],
          [
            86.1288211,
            55.3223929
          ],
          [
            86.1284097,
            55.3224265
          ],
          [
            86.127314,
            55.3224707
          ],
          [
            86.1268137,
            55.3224807
          ],
          [
            86.1262974,
            55.32247
          ],
          [
            86.1258307,
            55.3224349
          ],
          [
            86.1255746,
            55.3224051
          ],
          [
            86.1249161,
            55.3222914
          ],
          [
            86.1201216,
            55.3212918
          ],
          [
            86.1192794,
            55.3211247
          ],
          [
            86.1188637,
            55.3210477
          ],
          [
            86.118346,
            55.3209569
          ],
          [
            86.1172543,
            55.3207638
          ],
          [
            86.1164483,
            55.3206501
          ],
          [
            86.1157081,
            55.3205677
          ],
          [
            86.1152159,
            55.3205456
          ],
          [
            86.1148216,
            55.3205471
          ],
          [
            86.1133933,
            55.3206158
          ],
          [
            86.1128514,
            55.320638
          ],
          [
            86.1124006,
            55.3206565
          ],
          [
            86.110974,
            55.320715
          ],
          [
            86.1106089,
            55.3207385
          ],
          [
            86.1104018,
            55.3207518
          ],
          [
            86.1088282,
            55.3208828
          ],
          [
            86.1071373,
            55.3210263
          ],
          [
            86.1070324,
            55.3210301
          ],
          [
            86.1068353,
            55.3210248
          ],
          [
            86.1066636,
            55.3210019
          ],
          [
            86.1064774,
            55.3209571
          ]
        ]
      },
      "id": "way/1120234542"
    },
    {
      "type": "Feature",
      "properties": {
        "@id": "way/1120234543",
        "highway": "primary",
        "lanes": "2",
        "maxspeed": "RU:urban",
        "name": "улица Тухачевского",
        "oneway": "yes",
        "surface": "asphalt"
      },
      "geometry": {
        "type": "LineString",
        "coordinates": [
          [
            86.1322848,
            55.3220272
          ],
          [
            86.1322358,
            55.3222105
          ],
          [
            86.1321728,
            55.3225776
          ],
          [
            86.1321379,
            55.3229858
          ],
          [
            86.1321259,
            55.3231422
          ],
          [
            86.1321051,
            55.3240956
          ]
        ]
      },
      "id": "way/1120234543"
    },
    {
      "type": "Feature",
      "properties": {
        "@id": "way/1120234544",
        "highway": "primary",
        "lanes": "2",
        "maxspeed": "RU:urban",
        "name": "улица Тухачевского",
        "oneway": "yes",
        "surface": "asphalt"
      },
      "geometry": {
        "type": "LineString",
        "coordinates": [
          [
            86.1323176,
            55.3219499
          ],
          [
            86.1322848,
            55.3220272
          ]
        ]
      },
      "id": "way/1120234544"
    },
    {
      "type": "Feature",
      "properties": {
        "@id": "way/1120574570",
        "highway": "secondary",
        "oneway": "yes"
      },
      "geometry": {
        "type": "LineString",
        "coordinates": [
          [
            86.0070598,
            55.3617931
          ],
          [
            86.0071139,
            55.3616989
          ],
          [
            86.0071294,
            55.3616186
          ],
          [
            86.0071224,
            55.3614265
          ]
        ]
      },
      "id": "way/1120574570"
    },
    {
      "type": "Feature",
      "properties": {
        "@id": "way/1120574571",
        "highway": "secondary",
        "oneway": "yes"
      },
      "geometry": {
        "type": "LineString",
        "coordinates": [
          [
            86.0065272,
            55.3619713
          ],
          [
            86.0067886,
            55.3619228
          ],
          [
            86.0069043,
            55.3618866
          ],
          [
            86.0070318,
            55.3618202
          ]
        ]
      },
      "id": "way/1120574571"
    },
    {
      "type": "Feature",
      "properties": {
        "@id": "way/1120574572",
        "highway": "secondary",
        "oneway": "yes"
      },
      "geometry": {
        "type": "LineString",
        "coordinates": [
          [
            86.0078424,
            55.3621422
          ],
          [
            86.0075699,
            55.3620403
          ],
          [
            86.0074554,
            55.3620149
          ],
          [
            86.0072434,
            55.3619959
          ]
        ]
      },
      "id": "way/1120574572"
    },
    {
      "type": "Feature",
      "properties": {
        "@id": "way/1120574573",
        "highway": "secondary",
        "lanes": "2",
        "oneway": "yes"
      },
      "geometry": {
        "type": "LineString",
        "coordinates": [
          [
            86.0071859,
            55.3619928
          ],
          [
            86.0068902,
            55.3619784
          ],
          [
            86.0067802,
            55.3619762
          ],
          [
            86.0065272,
            55.3619713
          ]
        ]
      },
      "id": "way/1120574573"
    },
    {
      "type": "Feature",
      "properties": {
        "@id": "way/1120574574",
        "highway": "secondary",
        "oneway": "yes"
      },
      "geometry": {
        "type": "LineString",
        "coordinates": [
          [
            86.0074465,
            55.3618318
          ],
          [
            86.0075898,
            55.3619661
          ],
          [
            86.0078424,
            55.3621422
          ]
        ]
      },
      "id": "way/1120574574"
    },
    {
      "type": "Feature",
      "properties": {
        "@id": "way/1120574575",
        "highway": "secondary",
        "lanes": "2",
        "oneway": "yes"
      },
      "geometry": {
        "type": "LineString",
        "coordinates": [
          [
            86.0071224,
            55.3614265
          ],
          [
            86.0072282,
            55.3616006
          ],
          [
            86.0072808,
            55.3616709
          ],
          [
            86.0073812,
            55.3617752
          ]
        ]
      },
      "id": "way/1120574575"
    },
    {
      "type": "Feature",
      "properties": {
        "@id": "way/1121567639",
        "highway": "primary",
        "lanes": "2",
        "maxspeed": "RU:urban",
        "name": "Базовая улица"
      },
      "geometry": {
        "type": "LineString",
        "coordinates": [
          [
            86.0778911,
            55.3239153
          ],
          [
            86.078006,
            55.3239752
          ],
          [
            86.0781255,
            55.3240375
          ],
          [
            86.0788052,
            55.3243918
          ]
        ]
      },
      "id": "way/1121567639"
    },
    {
      "type": "Feature",
      "properties": {
        "@id": "way/1125480736",
        "highway": "primary",
        "lanes": "2",
        "name": "улица Тухачевского",
        "oneway": "yes",
        "surface": "asphalt"
      },
      "geometry": {
        "type": "LineString",
        "coordinates": [
          [
            86.1317413,
            55.3364102
          ],
          [
            86.1317431,
            55.3363812
          ]
        ]
      },
      "id": "way/1125480736"
    },
    {
      "type": "Feature",
      "properties": {
        "@id": "way/1125573441",
        "highway": "primary",
        "lanes": "3",
        "maxspeed": "RU:urban",
        "name": "улица Терешковой",
        "name:etymology:wikidata": "Q44371",
        "oneway": "yes",
        "surface": "asphalt"
      },
      "geometry": {
        "type": "LineString",
        "coordinates": [
          [
            86.124432,
            55.3803909
          ],
          [
            86.1240973,
            55.3806728
          ],
          [
            86.1225557,
            55.3819714
          ],
          [
            86.1210225,
            55.3833135
          ],
          [
            86.1201532,
            55.3840508
          ],
          [
            86.1198939,
            55.384269
          ],
          [
            86.1196184,
            55.3844855
          ],
          [
            86.1193419,
            55.384684
          ],
          [
            86.1190186,
            55.3848935
          ],
          [
            86.1185363,
            55.3851725
          ],
          [
            86.1182226,
            55.3853488
          ]
        ]
      },
      "id": "way/1125573441"
    },
    {
      "type": "Feature",
      "properties": {
        "@id": "way/1128352168",
        "highway": "primary",
        "lanes": "2",
        "maxspeed": "RU:urban",
        "name": "улица Тухачевского",
        "name:uk": "вулиця Тухачевського",
        "oneway": "yes",
        "surface": "asphalt"
      },
      "geometry": {
        "type": "LineString",
        "coordinates": [
          [
            86.1322051,
            55.3219546
          ],
          [
            86.1324256,
            55.3214796
          ],
          [
            86.1327258,
            55.3208264
          ],
          [
            86.1335306,
            55.3191965
          ],
          [
            86.1336601,
            55.3189307
          ],
          [
            86.134207,
            55.3177843
          ]
        ]
      },
      "id": "way/1128352168"
    },
    {
      "type": "Feature",
      "properties": {
        "@id": "way/1128352169",
        "highway": "primary",
        "lanes": "2",
        "maxspeed": "RU:urban",
        "name": "улица Тухачевского",
        "oneway": "yes",
        "surface": "asphalt"
      },
      "geometry": {
        "type": "LineString",
        "coordinates": [
          [
            86.1343176,
            55.3177971
          ],
          [
            86.1337549,
            55.3189421
          ],
          [
            86.1325711,
            55.32142
          ],
          [
            86.1323176,
            55.3219499
          ]
        ]
      },
      "id": "way/1128352169"
    },
    {
      "type": "Feature",
      "properties": {
        "@id": "way/1135018590",
        "highway": "primary",
        "lanes": "4",
        "lanes:bus": "1",
        "maxspeed": "RU:urban",
        "name": "проспект Ленина",
        "name:etymology:wikidata": "Q1394",
        "name:ru": "проспект Ленина",
        "oneway": "yes",
        "surface": "asphalt"
      },
      "geometry": {
        "type": "LineString",
        "coordinates": [
          [
            86.1208229,
            55.3448181
          ],
          [
            86.1206308,
            55.3448167
          ],
          [
            86.1204465,
            55.3448156
          ],
          [
            86.1199936,
            55.3448119
          ],
          [
            86.1188749,
            55.3448023
          ],
          [
            86.1174971,
            55.3447913
          ],
          [
            86.1162852,
            55.3447816
          ],
          [
            86.1150788,
            55.344773
          ],
          [
            86.1148254,
            55.3447707
          ],
          [
            86.1145623,
            55.3447688
          ],
          [
            86.1143524,
            55.3447666
          ],
          [
            86.1139398,
            55.3447624
          ],
          [
            86.11197,
            55.3447436
          ],
          [
            86.1102115,
            55.34473
          ],
          [
            86.1093376,
            55.3447232
          ],
          [
            86.1085798,
            55.3447173
          ],
          [
            86.1084589,
            55.3447164
          ],
          [
            86.1081801,
            55.3447136
          ]
        ]
      },
      "id": "way/1135018590"
    },
    {
      "type": "Feature",
      "properties": {
        "@id": "way/1135018593",
        "highway": "primary",
        "lanes": "4",
        "lanes:bus": "1",
        "maxspeed": "RU:urban",
        "name": "проспект Ленина",
        "name:etymology:wikidata": "Q1394",
        "name:ru": "проспект Ленина",
        "oneway": "yes",
        "surface": "asphalt"
      },
      "geometry": {
        "type": "LineString",
        "coordinates": [
          [
            86.1250675,
            55.3447154
          ],
          [
            86.1264952,
            55.3447283
          ],
          [
            86.1266919,
            55.3447301
          ],
          [
            86.1268681,
            55.3447324
          ]
        ]
      },
      "id": "way/1135018593"
    },
    {
      "type": "Feature",
      "properties": {
        "@id": "way/1146459742",
        "highway": "secondary",
        "lanes": "2",
        "name": "Соборная улица",
        "oneway": "yes"
      },
      "geometry": {
        "type": "LineString",
        "coordinates": [
          [
            86.0973759,
            55.3417722
          ],
          [
            86.097399,
            55.3408448
          ]
        ]
      },
      "id": "way/1146459742"
    },
    {
      "type": "Feature",
      "properties": {
        "@id": "way/1146459743",
        "highway": "secondary",
        "lanes": "3",
        "name": "Соборная улица",
        "oneway": "yes"
      },
      "geometry": {
        "type": "LineString",
        "coordinates": [
          [
            86.0974131,
            55.3402354
          ],
          [
            86.0974281,
            55.3395411
          ]
        ]
      },
      "id": "way/1146459743"
    },
    {
      "type": "Feature",
      "properties": {
        "@id": "way/1146459744",
        "highway": "secondary",
        "lanes": "2",
        "name": "Соборная улица",
        "oneway": "yes"
      },
      "geometry": {
        "type": "LineString",
        "coordinates": [
          [
            86.0974281,
            55.3395411
          ],
          [
            86.0974476,
            55.3394285
          ],
          [
            86.0974599,
            55.3393436
          ]
        ]
      },
      "id": "way/1146459744"
    },
    {
      "type": "Feature",
      "properties": {
        "@id": "way/1146459745",
        "highway": "secondary",
        "lanes": "2",
        "name": "Соборная улица",
        "oneway": "yes"
      },
      "geometry": {
        "type": "LineString",
        "coordinates": [
          [
            86.0974599,
            55.3393436
          ],
          [
            86.0975362,
            55.3379332
          ]
        ]
      },
      "id": "way/1146459745"
    },
    {
      "type": "Feature",
      "properties": {
        "@id": "way/1146459748",
        "highway": "secondary",
        "lanes": "3",
        "maxspeed": "RU:urban",
        "name": "Соборная улица",
        "name:ru": "Соборная улица",
        "name:uk": "Соборна вулиця",
        "oneway": "yes"
      },
      "geometry": {
        "type": "LineString",
        "coordinates": [
          [
            86.097484,
            55.3434073
          ],
          [
            86.0974661,
            55.3442305
          ],
          [
            86.097464,
            55.3443253
          ]
        ]
      },
      "id": "way/1146459748"
    },
    {
      "type": "Feature",
      "properties": {
        "@id": "way/1146459749",
        "highway": "secondary",
        "lanes": "2",
        "name": "Соборная улица",
        "oneway": "yes"
      },
      "geometry": {
        "type": "LineString",
        "coordinates": [
          [
            86.09756,
            55.3361456
          ],
          [
            86.0975604,
            55.3360236
          ]
        ]
      },
      "id": "way/1146459749"
    },
    {
      "type": "Feature",
      "properties": {
        "@id": "way/1146459752",
        "highway": "primary",
        "lanes": "4",
        "name": "Проспект Ленина",
        "oneway": "yes"
      },
      "geometry": {
        "type": "LineString",
        "coordinates": [
          [
            86.0951207,
            55.3444453
          ],
          [
            86.0969903,
            55.3444645
          ],
          [
            86.0972736,
            55.3444699
          ]
        ]
      },
      "id": "way/1146459752"
    },
    {
      "type": "Feature",
      "properties": {
        "@id": "way/1146459754",
        "highway": "secondary",
        "lanes": "2",
        "name": "Соборная улица",
        "oneway": "yes"
      },
      "geometry": {
        "type": "LineString",
        "coordinates": [
          [
            86.0972736,
            55.3444699
          ],
          [
            86.0973062,
            55.3443244
          ]
        ]
      },
      "id": "way/1146459754"
    },
    {
      "type": "Feature",
      "properties": {
        "@id": "way/1146459755",
        "highway": "secondary",
        "lanes": "3",
        "maxspeed": "RU:urban",
        "name": "Соборная улица",
        "name:ru": "Соборная улица",
        "name:uk": "Соборна вулиця",
        "oneway": "yes"
      },
      "geometry": {
        "type": "LineString",
        "coordinates": [
          [
            86.097464,
            55.3443253
          ],
          [
            86.097465,
            55.3444744
          ]
        ]
      },
      "id": "way/1146459755"
    },
    {
      "type": "Feature",
      "properties": {
        "@id": "way/1149782016",
        "highway": "primary",
        "lanes": "4",
        "name": "Проспект Ленина",
        "oneway": "yes"
      },
      "geometry": {
        "type": "LineString",
        "coordinates": [
          [
            86.0972736,
            55.3444699
          ],
          [
            86.097465,
            55.3444744
          ]
        ]
      },
      "id": "way/1149782016"
    },
    {
      "type": "Feature",
      "properties": {
        "@id": "way/1153955825",
        "highway": "secondary",
        "lanes": "2",
        "maxspeed": "RU:urban",
        "name": "Ленинградский проспект",
        "surface": "asphalt"
      },
      "geometry": {
        "type": "LineString",
        "coordinates": [
          [
            86.1676085,
            55.355608
          ],
          [
            86.1677541,
            55.3554386
          ],
          [
            86.1678031,
            55.3553858
          ],
          [
            86.1684817,
            55.3546534
          ]
        ]
      },
      "id": "way/1153955825"
    },
    {
      "type": "Feature",
      "properties": {
        "@id": "way/1162460206",
        "highway": "secondary",
        "lanes": "2",
        "maxspeed": "RU:urban",
        "name": "Молодёжный проспект",
        "surface": "asphalt"
      },
      "geometry": {
        "type": "LineString",
        "coordinates": [
          [
            86.110376,
            55.3206936
          ],
          [
            86.1104018,
            55.3207518
          ],
          [
            86.1104851,
            55.3208213
          ],
          [
            86.1114529,
            55.3216286
          ],
          [
            86.1115813,
            55.3217502
          ],
          [
            86.1118203,
            55.3219657
          ],
          [
            86.1119917,
            55.3221166
          ],
          [
            86.1130027,
            55.3229613
          ],
          [
            86.1132723,
            55.3231976
          ],
          [
            86.1134153,
            55.3233203
          ],
          [
            86.1135716,
            55.32345
          ],
          [
            86.114593,
            55.3242985
          ],
          [
            86.1148387,
            55.3244884
          ]
        ]
      },
      "id": "way/1162460206"
    },
    {
      "type": "Feature",
      "properties": {
        "@id": "way/1164850449",
        "highway": "secondary",
        "lanes": "2",
        "name": "улица Марковцева",
        "oneway": "yes"
      },
      "geometry": {
        "type": "LineString",
        "coordinates": [
          [
            86.1935713,
            55.3358342
          ],
          [
            86.1897179,
            55.3358298
          ],
          [
            86.1889377,
            55.3358337
          ],
          [
            86.1861002,
            55.3358478
          ],
          [
            86.1858886,
            55.3358525
          ],
          [
            86.1857961,
            55.335865
          ],
          [
            86.1856999,
            55.3358902
          ]
        ]
      },
      "id": "way/1164850449"
    },
    {
      "type": "Feature",
      "properties": {
        "@id": "way/1164850452",
        "highway": "secondary",
        "oneway": "yes"
      },
      "geometry": {
        "type": "LineString",
        "coordinates": [
          [
            86.1770733,
            55.3334797
          ],
          [
            86.1771735,
            55.3335102
          ]
        ]
      },
      "id": "way/1164850452"
    },
    {
      "type": "Feature",
      "properties": {
        "@id": "way/1164850454",
        "highway": "secondary",
        "lanes": "1",
        "oneway": "yes"
      },
      "geometry": {
        "type": "LineString",
        "coordinates": [
          [
            86.1847956,
            55.3357953
          ],
          [
            86.1853523,
            55.3359653
          ]
        ]
      },
      "id": "way/1164850454"
    },
    {
      "type": "Feature",
      "properties": {
        "@id": "way/1164850455",
        "highway": "secondary",
        "oneway": "yes"
      },
      "geometry": {
        "type": "LineString",
        "coordinates": [
          [
            86.1854082,
            55.3361755
          ],
          [
            86.1853945,
            55.3361137
          ],
          [
            86.18536,
            55.336064
          ],
          [
            86.1852862,
            55.3360125
          ],
          [
            86.1851849,
            55.3359686
          ]
        ]
      },
      "id": "way/1164850455"
    },
    {
      "type": "Feature",
      "properties": {
        "@id": "way/1164850456",
        "highway": "secondary",
        "lanes": "1",
        "oneway": "no"
      },
      "geometry": {
        "type": "LineString",
        "coordinates": [
          [
            86.1856999,
            55.3358902
          ],
          [
            86.185826,
            55.3357822
          ]
        ]
      },
      "id": "way/1164850456"
    },
    {
      "type": "Feature",
      "properties": {
        "@id": "way/1164850458",
        "highway": "secondary",
        "lanes": "2",
        "name": "Комсомольский проспект",
        "oneway": "yes"
      },
      "geometry": {
        "type": "LineString",
        "coordinates": [
          [
            86.1882,
            55.346501
          ],
          [
            86.188302,
            55.3464837
          ],
          [
            86.1883912,
            55.3464577
          ],
          [
            86.1884826,
            55.3464171
          ],
          [
            86.1885912,
            55.3463459
          ],
          [
            86.1886778,
            55.3462658
          ],
          [
            86.1890604,
            55.3458376
          ],
          [
            86.1891312,
            55.3457583
          ]
        ]
      },
      "id": "way/1164850458"
    },
    {
      "type": "Feature",
      "properties": {
        "@id": "way/1164850460",
        "highway": "secondary",
        "lanes": "4",
        "maxspeed": "RU:urban",
        "name": "Комсомольский проспект",
        "oneway": "yes",
        "surface": "asphalt"
      },
      "geometry": {
        "type": "LineString",
        "coordinates": [
          [
            86.1940728,
            55.3367547
          ],
          [
            86.1940731,
            55.3368612
          ],
          [
            86.1940719,
            55.3369985
          ],
          [
            86.1940715,
            55.33719
          ]
        ]
      },
      "id": "way/1164850460"
    },
    {
      "type": "Feature",
      "properties": {
        "@id": "way/1164850462",
        "highway": "secondary",
        "lanes": "2",
        "name": "Комсомольский проспект",
        "oneway": "yes"
      },
      "geometry": {
        "type": "LineString",
        "coordinates": [
          [
            86.1939399,
            55.336133
          ],
          [
            86.1939408,
            55.3358361
          ]
        ]
      },
      "id": "way/1164850462"
    },
    {
      "type": "Feature",
      "properties": {
        "@id": "way/1164850468",
        "highway": "secondary",
        "lanes": "2",
        "maxspeed": "RU:urban",
        "name": "Комсомольский проспект",
        "oneway": "yes",
        "surface": "asphalt"
      },
      "geometry": {
        "type": "LineString",
        "coordinates": [
          [
            86.1916128,
            55.3431842
          ],
          [
            86.191488,
            55.3433156
          ],
          [
            86.191379,
            55.3434324
          ],
          [
            86.1911509,
            55.3436808
          ]
        ]
      },
      "id": "way/1164850468"
    },
    {
      "type": "Feature",
      "properties": {
        "@id": "way/1173213132",
        "highway": "primary",
        "lanes": "3",
        "maxspeed": "RU:urban",
        "name": "проспект Ленина",
        "name:etymology:wikidata": "Q1394",
        "name:ru": "проспект Ленина",
        "oneway": "yes",
        "surface": "asphalt"
      },
      "geometry": {
        "type": "LineString",
        "coordinates": [
          [
            86.0850145,
            55.3443483
          ],
          [
            86.0852387,
            55.3443498
          ]
        ]
      },
      "id": "way/1173213132"
    },
    {
      "type": "Feature",
      "properties": {
        "@id": "way/1173213133",
        "highway": "primary",
        "lanes": "3",
        "maxspeed": "RU:urban",
        "name": "проспект Ленина",
        "name:etymology:wikidata": "Q1394",
        "name:ru": "проспект Ленина",
        "oneway": "yes",
        "surface": "asphalt"
      },
      "geometry": {
        "type": "LineString",
        "coordinates": [
          [
            86.0852387,
            55.3443498
          ],
          [
            86.0853713,
            55.3443513
          ],
          [
            86.0858525,
            55.3443556
          ],
          [
            86.0867609,
            55.3443637
          ],
          [
            86.088787,
            55.3443834
          ],
          [
            86.0889194,
            55.344383
          ]
        ]
      },
      "id": "way/1173213133"
    },
    {
      "type": "Feature",
      "properties": {
        "@id": "way/1173581676",
        "highway": "secondary",
        "lanes": "2",
        "maxspeed": "40",
        "name": "Притомский проспект",
        "name:ru": "Притомский проспект",
        "oneway": "yes",
        "sidewalk": "no",
        "surface": "asphalt"
      },
      "geometry": {
        "type": "LineString",
        "coordinates": [
          [
            86.1116804,
            55.3545657
          ],
          [
            86.112064,
            55.3545697
          ],
          [
            86.1128857,
            55.3545772
          ],
          [
            86.1140494,
            55.3545875
          ]
        ]
      },
      "id": "way/1173581676"
    },
    {
      "type": "Feature",
      "properties": {
        "@id": "way/1173581677",
        "highway": "secondary",
        "lanes": "2",
        "maxspeed": "40",
        "name": "Притомский проспект",
        "name:ru": "Притомский проспект",
        "oneway": "yes",
        "sidewalk": "no",
        "surface": "asphalt"
      },
      "geometry": {
        "type": "LineString",
        "coordinates": [
          [
            86.1116823,
            55.3546333
          ],
          [
            86.1087274,
            55.3546131
          ]
        ]
      },
      "id": "way/1173581677"
    },
    {
      "type": "Feature",
      "properties": {
        "@id": "way/1173860309",
        "highway": "secondary",
        "lanes": "3",
        "maxspeed": "60",
        "name": "улица Сибиряков-Гвардейцев",
        "oneway": "yes",
        "opening_date": "2023-12-30",
        "surface": "asphalt"
      },
      "geometry": {
        "type": "LineString",
        "coordinates": [
          [
            86.1170131,
            55.3362988
          ],
          [
            86.1159465,
            55.3362888
          ]
        ]
      },
      "id": "way/1173860309"
    },
    {
      "type": "Feature",
      "properties": {
        "@id": "way/1173860311",
        "highway": "secondary",
        "lanes": "3",
        "maxspeed": "40",
        "name": "улица Сибиряков-Гвардейцев",
        "oneway": "yes",
        "surface": "asphalt"
      },
      "geometry": {
        "type": "LineString",
        "coordinates": [
          [
            86.115938,
            55.336149
          ],
          [
            86.1160331,
            55.3361509
          ],
          [
            86.1170469,
            55.3361579
          ]
        ]
      },
      "id": "way/1173860311"
    },
    {
      "type": "Feature",
      "properties": {
        "@id": "way/1174976609",
        "highway": "secondary",
        "lanes": "1",
        "maxspeed": "40",
        "name": "проспект Владимира Михайлова",
        "oneway": "yes",
        "surface": "asphalt"
      },
      "geometry": {
        "type": "LineString",
        "coordinates": [
          [
            86.2306743,
            55.4244541
          ],
          [
            86.2307938,
            55.4240393
          ]
        ]
      },
      "id": "way/1174976609"
    },
    {
      "type": "Feature",
      "properties": {
        "@id": "way/1175008603",
        "highway": "secondary",
        "highway:category": "ru:IВ",
        "lanes": "3",
        "maxspeed": "40",
        "name": "Леснополянское шоссе",
        "oneway": "yes",
        "ref": "32К-590",
        "surface": "asphalt"
      },
      "geometry": {
        "type": "LineString",
        "coordinates": [
          [
            86.2320051,
            55.4126628
          ],
          [
            86.2324525,
            55.41278
          ]
        ]
      },
      "id": "way/1175008603"
    },
    {
      "type": "Feature",
      "properties": {
        "@id": "way/1175260118",
        "highway": "secondary",
        "lanes": "2",
        "maxspeed": "40",
        "name": "проспект Владимира Михайлова",
        "oneway": "yes",
        "surface": "asphalt"
      },
      "geometry": {
        "type": "LineString",
        "coordinates": [
          [
            86.2334527,
            55.4139345
          ],
          [
            86.2332396,
            55.4142871
          ],
          [
            86.2331405,
            55.4144852
          ],
          [
            86.2330768,
            55.4146208
          ],
          [
            86.2330191,
            55.4147631
          ],
          [
            86.2329283,
            55.4150508
          ],
          [
            86.2328625,
            55.4152935
          ]
        ]
      },
      "id": "way/1175260118"
    },
    {
      "type": "Feature",
      "properties": {
        "@id": "way/1175260119",
        "highway": "secondary",
        "lanes": "2",
        "maxspeed": "40",
        "name": "проспект Владимира Михайлова",
        "surface": "asphalt"
      },
      "geometry": {
        "type": "LineString",
        "coordinates": [
          [
            86.2261722,
            55.4282956
          ],
          [
            86.2256481,
            55.428602
          ],
          [
            86.2255039,
            55.4286822
          ]
        ]
      },
      "id": "way/1175260119"
    },
    {
      "type": "Feature",
      "properties": {
        "@id": "way/1175261385",
        "highway": "secondary",
        "highway:category": "ru:IВ",
        "lanes": "3",
        "maxspeed": "90",
        "name": "Леснополянское шоссе",
        "oneway": "yes",
        "ref": "32К-590",
        "surface": "asphalt",
        "turn:lanes": "||slight_left"
      },
      "geometry": {
        "type": "LineString",
        "coordinates": [
          [
            86.227615,
            55.4114729
          ],
          [
            86.2237586,
            55.4103093
          ]
        ]
      },
      "id": "way/1175261385"
    },
    {
      "type": "Feature",
      "properties": {
        "@id": "way/1175261386",
        "highway": "secondary",
        "highway:category": "ru:IВ",
        "lanes": "3",
        "maxspeed": "90",
        "name": "Леснополянское шоссе",
        "oneway": "yes",
        "ref": "32К-590",
        "surface": "asphalt",
        "turn:lanes": "through|through|right"
      },
      "geometry": {
        "type": "LineString",
        "coordinates": [
          [
            86.2304706,
            55.4123329
          ],
          [
            86.227615,
            55.4114729
          ]
        ]
      },
      "id": "way/1175261386"
    },
    {
      "type": "Feature",
      "properties": {
        "@id": "way/1175261387",
        "highway": "secondary",
        "highway:category": "ru:IВ",
        "lanes": "2",
        "maxspeed": "90",
        "name": "Леснополянское шоссе",
        "oneway": "yes",
        "ref": "32К-590",
        "surface": "asphalt"
      },
      "geometry": {
        "type": "LineString",
        "coordinates": [
          [
            86.2311815,
            55.412547
          ],
          [
            86.2304706,
            55.4123329
          ]
        ]
      },
      "id": "way/1175261387"
    },
    {
      "type": "Feature",
      "properties": {
        "@id": "way/1180170122",
        "highway": "secondary",
        "lanes": "2",
        "maxspeed": "RU:urban",
        "name": "улица Марковцева",
        "oneway": "yes",
        "surface": "asphalt"
      },
      "geometry": {
        "type": "LineString",
        "coordinates": [
          [
            86.177903,
            55.333737
          ],
          [
            86.178161,
            55.3338145
          ],
          [
            86.1792685,
            55.3341474
          ],
          [
            86.1803706,
            55.334466
          ]
        ]
      },
      "id": "way/1180170122"
    },
    {
      "type": "Feature",
      "properties": {
        "@id": "way/1180170124",
        "highway": "secondary",
        "lanes": "2",
        "name": "улица Марковцева",
        "oneway": "yes"
      },
      "geometry": {
        "type": "LineString",
        "coordinates": [
          [
            86.1778504,
            55.3337951
          ],
          [
            86.1773208,
            55.3336383
          ],
          [
            86.1771095,
            55.3335757
          ]
        ]
      },
      "id": "way/1180170124"
    },
    {
      "type": "Feature",
      "properties": {
        "@id": "way/1181733800",
        "highway": "primary",
        "lanes": "3",
        "lanes:forward": "1",
        "maxspeed": "RU:urban",
        "name": "Кузнецкий проспект",
        "name:ru": "Кузнецкий проспект"
      },
      "geometry": {
        "type": "LineString",
        "coordinates": [
          [
            86.0596373,
            55.3288996
          ],
          [
            86.0603687,
            55.3293181
          ]
        ]
      },
      "id": "way/1181733800"
    },
    {
      "type": "Feature",
      "properties": {
        "@id": "way/1183895166",
        "highway": "primary",
        "lanes": "4",
        "lanes:bus": "1",
        "maxspeed": "RU:urban",
        "name": "проспект Ленина",
        "name:etymology:wikidata": "Q1394",
        "name:ru": "проспект Ленина",
        "oneway": "yes",
        "surface": "asphalt"
      },
      "geometry": {
        "type": "LineString",
        "coordinates": [
          [
            86.1266919,
            55.3448694
          ],
          [
            86.1263908,
            55.3448674
          ],
          [
            86.1253906,
            55.3448568
          ],
          [
            86.1250661,
            55.3448526
          ]
        ]
      },
      "id": "way/1183895166"
    },
    {
      "type": "Feature",
      "properties": {
        "@id": "way/1183895167",
        "highway": "primary",
        "lanes": "4",
        "lanes:bus": "1",
        "maxspeed": "RU:urban",
        "name": "проспект Ленина",
        "name:etymology:wikidata": "Q1394",
        "name:ru": "проспект Ленина",
        "oneway": "yes",
        "surface": "asphalt"
      },
      "geometry": {
        "type": "LineString",
        "coordinates": [
          [
            86.1291049,
            55.3447553
          ],
          [
            86.131436,
            55.344784
          ]
        ]
      },
      "id": "way/1183895167"
    },
    {
      "type": "Feature",
      "properties": {
        "@id": "way/1184907333",
        "highway": "secondary",
        "name": "улица Марковцева"
      },
      "geometry": {
        "type": "LineString",
        "coordinates": [
          [
            86.1756828,
            55.3330861
          ],
          [
            86.1754069,
            55.3330041
          ]
        ]
      },
      "id": "way/1184907333"
    },
    {
      "type": "Feature",
      "properties": {
        "@id": "way/1186133307",
        "highway": "primary",
        "lanes": "3",
        "maxspeed": "RU:urban",
        "name": "Кузнецкий проспект",
        "oneway": "yes"
      },
      "geometry": {
        "type": "LineString",
        "coordinates": [
          [
            86.0654753,
            55.354278
          ],
          [
            86.0662713,
            55.3554095
          ]
        ]
      },
      "id": "way/1186133307"
    },
    {
      "type": "Feature",
      "properties": {
        "@id": "way/1190956339",
        "highway": "secondary",
        "maxspeed": "RU:urban",
        "name": "Волгоградская улица",
        "name:uk": "Волгоградська вулиця",
        "surface": "asphalt"
      },
      "geometry": {
        "type": "LineString",
        "coordinates": [
          [
            86.1478515,
            55.3484772
          ],
          [
            86.1478667,
            55.3482086
          ]
        ]
      },
      "id": "way/1190956339"
    },
    {
      "type": "Feature",
      "properties": {
        "@id": "way/1191730935",
        "highway": "primary",
        "lanes": "3",
        "maxspeed": "RU:urban",
        "name": "проспект Ленина",
        "name:etymology:wikidata": "Q1394",
        "name:ru": "проспект Ленина",
        "oneway": "yes",
        "surface": "asphalt"
      },
      "geometry": {
        "type": "LineString",
        "coordinates": [
          [
            86.0635301,
            55.3443146
          ],
          [
            86.0627533,
            55.3443079
          ],
          [
            86.0624288,
            55.3443057
          ]
        ]
      },
      "id": "way/1191730935"
    },
    {
      "type": "Feature",
      "properties": {
        "@id": "way/1191730936",
        "highway": "primary",
        "lanes": "3",
        "maxspeed": "RU:urban",
        "name": "проспект Ленина",
        "name:etymology:wikidata": "Q1394",
        "name:ru": "проспект Ленина",
        "oneway": "yes",
        "surface": "asphalt"
      },
      "geometry": {
        "type": "LineString",
        "coordinates": [
          [
            86.0635333,
            55.3441638
          ],
          [
            86.0635947,
            55.3441643
          ]
        ]
      },
      "id": "way/1191730936"
    },
    {
      "type": "Feature",
      "properties": {
        "@id": "way/1194249708",
        "highway": "secondary",
        "lanes": "2",
        "maxspeed": "60",
        "name": "шоссе Егорова"
      },
      "geometry": {
        "type": "LineString",
        "coordinates": [
          [
            86.0395589,
            55.4093889
          ],
          [
            86.0396719,
            55.4092797
          ],
          [
            86.0402105,
            55.4087153
          ],
          [
            86.0407495,
            55.408151
          ],
          [
            86.0413659,
            55.4075506
          ],
          [
            86.0416745,
            55.4072418
          ],
          [
            86.0421616,
            55.4067542
          ],
          [
            86.0424092,
            55.4065064
          ],
          [
            86.0436186,
            55.4052611
          ]
        ]
      },
      "id": "way/1194249708"
    },
    {
      "type": "Feature",
      "properties": {
        "@id": "way/1194249709",
        "bridge": "yes",
        "highway": "secondary",
        "lanes": "2",
        "layer": "1",
        "maxspeed": "60",
        "name": "шоссе Егорова"
      },
      "geometry": {
        "type": "LineString",
        "coordinates": [
          [
            86.0394814,
            55.4094637
          ],
          [
            86.0395589,
            55.4093889
          ]
        ]
      },
      "id": "way/1194249709"
    },
    {
      "type": "Feature",
      "properties": {
        "@id": "way/1195553970",
        "highway": "secondary",
        "lanes": "4",
        "maxspeed": "RU:urban",
        "name": "Волгоградская улица",
        "name:uk": "Волгоградська вулиця"
      },
      "geometry": {
        "type": "LineString",
        "coordinates": [
          [
            86.1476099,
            55.3537879
          ],
          [
            86.147658,
            55.3522128
          ]
        ]
      },
      "id": "way/1195553970"
    },
    {
      "type": "Feature",
      "properties": {
        "@id": "way/1195553971",
        "highway": "secondary",
        "lanes": "4",
        "maxspeed": "RU:urban",
        "name": "Волгоградская улица",
        "name:uk": "Волгоградська вулиця"
      },
      "geometry": {
        "type": "LineString",
        "coordinates": [
          [
            86.1476029,
            55.3539661
          ],
          [
            86.1476099,
            55.3537879
          ]
        ]
      },
      "id": "way/1195553971"
    },
    {
      "type": "Feature",
      "properties": {
        "@id": "way/1195553972",
        "highway": "secondary",
        "lanes": "4",
        "maxspeed": "40",
        "name": "Волгоградская улица",
        "name:uk": "Волгоградська вулиця"
      },
      "geometry": {
        "type": "LineString",
        "coordinates": [
          [
            86.1476636,
            55.3520312
          ],
          [
            86.1476665,
            55.3519754
          ],
          [
            86.1476773,
            55.351768
          ]
        ]
      },
      "id": "way/1195553972"
    },
    {
      "type": "Feature",
      "properties": {
        "@id": "way/1195553974",
        "highway": "secondary",
        "lanes": "4",
        "maxspeed": "RU:urban",
        "name": "Волгоградская улица",
        "name:uk": "Волгоградська вулиця"
      },
      "geometry": {
        "type": "LineString",
        "coordinates": [
          [
            86.1477137,
            55.3510259
          ],
          [
            86.1477371,
            55.3505485
          ]
        ]
      },
      "id": "way/1195553974"
    },
    {
      "type": "Feature",
      "properties": {
        "@id": "way/1195553975",
        "highway": "secondary",
        "lanes": "4",
        "maxspeed": "RU:urban",
        "name": "Волгоградская улица",
        "name:uk": "Волгоградська вулиця"
      },
      "geometry": {
        "type": "LineString",
        "coordinates": [
          [
            86.1477371,
            55.3505485
          ],
          [
            86.147757,
            55.350145
          ],
          [
            86.1477607,
            55.3500694
          ],
          [
            86.1477644,
            55.3499939
          ],
          [
            86.1477755,
            55.3497667
          ]
        ]
      },
      "id": "way/1195553975"
    },
    {
      "type": "Feature",
      "properties": {
        "@id": "way/1196721141",
        "highway": "primary",
        "name": "улица Вахрушева"
      },
      "geometry": {
        "type": "LineString",
        "coordinates": [
          [
            86.1394224,
            55.4375617
          ],
          [
            86.1393973,
            55.4380392
          ],
          [
            86.1393642,
            55.438337
          ]
        ]
      },
      "id": "way/1196721141"
    },
    {
      "type": "Feature",
      "properties": {
        "@id": "way/1208664661",
        "bridge": "yes",
        "bridge:name": "Театральный мост",
        "highway": "secondary",
        "layer": "1",
        "maxspeed": "RU:urban",
        "oneway": "yes",
        "surface": "asphalt"
      },
      "geometry": {
        "type": "LineString",
        "coordinates": [
          [
            86.1011323,
            55.3526086
          ],
          [
            86.1022253,
            55.3531291
          ]
        ]
      },
      "id": "way/1208664661"
    },
    {
      "type": "Feature",
      "properties": {
        "@id": "way/1208664662",
        "highway": "secondary",
        "maxspeed": "RU:urban",
        "oneway": "yes",
        "surface": "asphalt"
      },
      "geometry": {
        "type": "LineString",
        "coordinates": [
          [
            86.0979453,
            55.3523966
          ],
          [
            86.0984215,
            55.3524024
          ],
          [
            86.0987702,
            55.3524066
          ],
          [
            86.0991022,
            55.3524078
          ],
          [
            86.1001763,
            55.3524079
          ],
          [
            86.1004447,
            55.3524193
          ],
          [
            86.1005498,
            55.3524289
          ],
          [
            86.1006981,
            55.3524569
          ],
          [
            86.1008413,
            55.3524926
          ],
          [
            86.1009497,
            55.3525304
          ],
          [
            86.101036,
            55.3525671
          ],
          [
            86.1011323,
            55.3526086
          ]
        ]
      },
      "id": "way/1208664662"
    },
    {
      "type": "Feature",
      "properties": {
        "@id": "way/1208664663",
        "highway": "secondary",
        "maxspeed": "RU:urban",
        "oneway": "yes",
        "surface": "asphalt"
      },
      "geometry": {
        "type": "LineString",
        "coordinates": [
          [
            86.1010717,
            55.3526501
          ],
          [
            86.1009947,
            55.3526118
          ],
          [
            86.1008994,
            55.3525704
          ],
          [
            86.1007816,
            55.3525296
          ],
          [
            86.1006609,
            55.3524976
          ],
          [
            86.1005287,
            55.3524744
          ],
          [
            86.1004138,
            55.3524632
          ],
          [
            86.1003472,
            55.3524583
          ],
          [
            86.0991011,
            55.3524618
          ],
          [
            86.0987707,
            55.3524598
          ],
          [
            86.0984196,
            55.3524564
          ],
          [
            86.0979437,
            55.3524527
          ]
        ]
      },
      "id": "way/1208664663"
    },
    {
      "type": "Feature",
      "properties": {
        "@id": "way/1208664664",
        "bridge": "yes",
        "bridge:name": "Театральный мост",
        "highway": "secondary",
        "layer": "1",
        "maxspeed": "RU:urban",
        "oneway": "yes",
        "surface": "asphalt"
      },
      "geometry": {
        "type": "LineString",
        "coordinates": [
          [
            86.1021536,
            55.3531774
          ],
          [
            86.1010717,
            55.3526501
          ]
        ]
      },
      "id": "way/1208664664"
    },
    {
      "type": "Feature",
      "properties": {
        "@id": "way/1208664666",
        "highway": "secondary",
        "maxspeed": "RU:urban",
        "oneway": "yes",
        "surface": "asphalt"
      },
      "geometry": {
        "type": "LineString",
        "coordinates": [
          [
            86.1075798,
            55.3543235
          ],
          [
            86.1075247,
            55.3543936
          ]
        ]
      },
      "id": "way/1208664666"
    },
    {
      "type": "Feature",
      "properties": {
        "@id": "way/1208664667",
        "highway": "secondary",
        "maxspeed": "RU:urban",
        "oneway": "yes",
        "surface": "asphalt"
      },
      "geometry": {
        "type": "LineString",
        "coordinates": [
          [
            86.1022253,
            55.3531291
          ],
          [
            86.1044169,
            55.3541576
          ],
          [
            86.1049497,
            55.3543823
          ],
          [
            86.1052608,
            55.3544525
          ],
          [
            86.1054986,
            55.3544969
          ],
          [
            86.1059802,
            55.3545377
          ],
          [
            86.1063582,
            55.3545398
          ],
          [
            86.1068016,
            55.3544404
          ],
          [
            86.1069915,
            55.3543677
          ],
          [
            86.1071106,
            55.3542855
          ],
          [
            86.1071905,
            55.3542253
          ],
          [
            86.10726,
            55.3540973
          ],
          [
            86.1073002,
            55.353977
          ],
          [
            86.1073602,
            55.3538322
          ]
        ]
      },
      "id": "way/1208664667"
    },
    {
      "type": "Feature",
      "properties": {
        "@id": "way/1208664668",
        "highway": "secondary",
        "maxspeed": "RU:urban",
        "oneway": "yes",
        "surface": "asphalt"
      },
      "geometry": {
        "type": "LineString",
        "coordinates": [
          [
            86.1082806,
            55.3546105
          ],
          [
            86.1070794,
            55.3545867
          ]
        ]
      },
      "id": "way/1208664668"
    },
    {
      "type": "Feature",
      "properties": {
        "@id": "way/1210046383",
        "highway": "secondary",
        "lanes": "2",
        "maxspeed": "RU:urban",
        "name": "улица Марковцева",
        "oneway": "yes",
        "surface": "asphalt"
      },
      "geometry": {
        "type": "LineString",
        "coordinates": [
          [
            86.1757045,
            55.3330625
          ],
          [
            86.1767123,
            55.3333729
          ],
          [
            86.1770733,
            55.3334797
          ]
        ]
      },
      "id": "way/1210046383"
    },
    {
      "type": "Feature",
      "properties": {
        "@id": "way/1210046384",
        "highway": "secondary",
        "lanes": "2",
        "noname": "yes",
        "oneway": "yes"
      },
      "geometry": {
        "type": "LineString",
        "coordinates": [
          [
            86.1770165,
            55.3335485
          ],
          [
            86.1770733,
            55.3334797
          ]
        ]
      },
      "id": "way/1210046384"
    },
    {
      "type": "Feature",
      "properties": {
        "@id": "way/1210186357",
        "highway": "secondary",
        "lanes": "2",
        "maxspeed": "RU:urban",
        "name": "улица Марковцева",
        "oneway": "yes",
        "surface": "asphalt"
      },
      "geometry": {
        "type": "LineString",
        "coordinates": [
          [
            86.1770165,
            55.3335485
          ],
          [
            86.1756505,
            55.3331212
          ]
        ]
      },
      "id": "way/1210186357"
    },
    {
      "type": "Feature",
      "properties": {
        "@id": "way/1216218762",
        "highway": "secondary",
        "maxspeed": "60",
        "name": "Восточный проспект",
        "ref": "32К-89",
        "surface": "asphalt"
      },
      "geometry": {
        "type": "LineString",
        "coordinates": [
          [
            86.19806,
            55.3480053
          ],
          [
            86.1993238,
            55.3465549
          ],
          [
            86.2000642,
            55.3456855
          ]
        ]
      },
      "id": "way/1216218762"
    },
    {
      "type": "Feature",
      "properties": {
        "@id": "way/1216670468",
        "highway": "secondary",
        "lanes": "3",
        "maxspeed": "RU:urban",
        "name": "Красноармейская улица",
        "name:etymology:wikidata": "Q251395",
        "oneway": "yes",
        "surface": "asphalt"
      },
      "geometry": {
        "type": "LineString",
        "coordinates": [
          [
            86.0646337,
            55.3530923
          ],
          [
            86.0649157,
            55.3530272
          ],
          [
            86.0665801,
            55.3526476
          ],
          [
            86.0667336,
            55.3526141
          ]
        ]
      },
      "id": "way/1216670468"
    },
    {
      "type": "Feature",
      "properties": {
        "@id": "way/1216984766",
        "highway": "primary",
        "lanes": "3",
        "maxspeed": "RU:urban",
        "name": "проспект Ленина",
        "name:etymology:wikidata": "Q1394",
        "name:ru": "проспект Ленина",
        "oneway": "yes",
        "surface": "asphalt"
      },
      "geometry": {
        "type": "LineString",
        "coordinates": [
          [
            86.0748071,
            55.3444099
          ],
          [
            86.0746552,
            55.3444099
          ]
        ]
      },
      "id": "way/1216984766"
    },
    {
      "type": "Feature",
      "properties": {
        "@id": "way/1218668637",
        "highway": "secondary",
        "lanes": "3",
        "maxspeed": "RU:urban",
        "name": "проспект Ленина",
        "name:etymology:wikidata": "Q1394",
        "oneway": "yes",
        "surface": "asphalt"
      },
      "geometry": {
        "type": "LineString",
        "coordinates": [
          [
            86.1760296,
            55.3531798
          ],
          [
            86.1775709,
            55.3536466
          ],
          [
            86.1790932,
            55.3541047
          ],
          [
            86.1805855,
            55.3545594
          ],
          [
            86.1809083,
            55.3546572
          ],
          [
            86.1810504,
            55.3547002
          ]
        ]
      },
      "id": "way/1218668637"
    },
    {
      "type": "Feature",
      "properties": {
        "@id": "way/1218668639",
        "highway": "secondary",
        "lanes": "3",
        "maxspeed": "RU:urban",
        "name": "проспект Ленина",
        "name:etymology:wikidata": "Q1394",
        "oneway": "yes",
        "surface": "asphalt"
      },
      "geometry": {
        "type": "LineString",
        "coordinates": [
          [
            86.1759588,
            55.3532636
          ],
          [
            86.1743038,
            55.352771
          ]
        ]
      },
      "id": "way/1218668639"
    },
    {
      "type": "Feature",
      "properties": {
        "@id": "way/1218668640",
        "highway": "secondary",
        "lanes": "3",
        "maxspeed": "RU:urban",
        "name": "проспект Ленина",
        "name:etymology:wikidata": "Q1394",
        "oneway": "yes",
        "surface": "asphalt"
      },
      "geometry": {
        "type": "LineString",
        "coordinates": [
          [
            86.1757069,
            55.3530837
          ],
          [
            86.1760296,
            55.3531798
          ]
        ]
      },
      "id": "way/1218668640"
    },
    {
      "type": "Feature",
      "properties": {
        "@id": "way/1218671700",
        "bridge": "yes",
        "highway": "secondary",
        "lanes": "3",
        "layer": "1",
        "maxspeed": "RU:urban",
        "name": "улица Сибиряков-Гвардейцев",
        "oneway": "yes",
        "surface": "asphalt"
      },
      "geometry": {
        "type": "LineString",
        "coordinates": [
          [
            86.0826368,
            55.3359912
          ],
          [
            86.0818373,
            55.335989
          ]
        ]
      },
      "id": "way/1218671700"
    },
    {
      "type": "Feature",
      "properties": {
        "@id": "way/1219495154",
        "highway": "secondary",
        "lanes": "2",
        "name": "Комсомольский проспект",
        "oneway": "yes"
      },
      "geometry": {
        "type": "LineString",
        "coordinates": [
          [
            86.1939834,
            55.3390923
          ],
          [
            86.1939546,
            55.3369983
          ],
          [
            86.1939537,
            55.3368619
          ],
          [
            86.1939499,
            55.3366777
          ],
          [
            86.1939471,
            55.3365564
          ]
        ]
      },
      "id": "way/1219495154"
    },
    {
      "type": "Feature",
      "properties": {
        "@id": "way/1219495156",
        "highway": "secondary",
        "lanes": "2",
        "name": "Комсомольский проспект",
        "oneway": "yes"
      },
      "geometry": {
        "type": "LineString",
        "coordinates": [
          [
            86.1928435,
            55.3417421
          ],
          [
            86.1930023,
            55.341568
          ],
          [
            86.1934272,
            55.3411032
          ],
          [
            86.1935895,
            55.3409008
          ],
          [
            86.1937679,
            55.3405886
          ],
          [
            86.1939521,
            55.3401097
          ],
          [
            86.1940162,
            55.3396866
          ]
        ]
      },
      "id": "way/1219495156"
    },
    {
      "type": "Feature",
      "properties": {
        "@id": "way/1219495157",
        "highway": "secondary",
        "lanes": "2",
        "name": "Комсомольский проспект",
        "oneway": "yes"
      },
      "geometry": {
        "type": "LineString",
        "coordinates": [
          [
            86.1913066,
            55.343409
          ],
          [
            86.1914115,
            55.3432922
          ],
          [
            86.1915342,
            55.3431623
          ],
          [
            86.1916202,
            55.3430624
          ],
          [
            86.1919793,
            55.3426749
          ],
          [
            86.1928435,
            55.3417421
          ]
        ]
      },
      "id": "way/1219495157"
    },
    {
      "type": "Feature",
      "properties": {
        "@id": "way/1219495158",
        "highway": "secondary",
        "lanes": "2",
        "name": "Комсомольский проспект",
        "oneway": "yes"
      },
      "geometry": {
        "type": "LineString",
        "coordinates": [
          [
            86.1904609,
            55.3443307
          ],
          [
            86.1910722,
            55.3436618
          ],
          [
            86.1913066,
            55.343409
          ]
        ]
      },
      "id": "way/1219495158"
    },
    {
      "type": "Feature",
      "properties": {
        "@id": "way/1219495159",
        "highway": "secondary",
        "lanes": "2",
        "name": "Комсомольский проспект",
        "oneway": "yes"
      },
      "geometry": {
        "type": "LineString",
        "coordinates": [
          [
            86.1897258,
            55.3451109
          ],
          [
            86.189951,
            55.3448702
          ],
          [
            86.1900408,
            55.3447735
          ],
          [
            86.1904609,
            55.3443307
          ]
        ]
      },
      "id": "way/1219495159"
    },
    {
      "type": "Feature",
      "properties": {
        "@id": "way/1219495160",
        "highway": "secondary",
        "lanes": "2",
        "name": "Комсомольский проспект",
        "oneway": "yes"
      },
      "geometry": {
        "type": "LineString",
        "coordinates": [
          [
            86.1891312,
            55.3457583
          ],
          [
            86.1897258,
            55.3451109
          ]
        ]
      },
      "id": "way/1219495160"
    },
    {
      "type": "Feature",
      "properties": {
        "@id": "way/1219495938",
        "highway": "secondary",
        "lanes": "2",
        "maxspeed": "RU:urban",
        "name": "Комсомольский проспект",
        "oneway": "yes",
        "sidewalk": "left",
        "surface": "asphalt"
      },
      "geometry": {
        "type": "LineString",
        "coordinates": [
          [
            86.194096,
            55.3396894
          ],
          [
            86.1940375,
            55.3401094
          ],
          [
            86.193868,
            55.3405844
          ],
          [
            86.1936771,
            55.3409148
          ],
          [
            86.1935128,
            55.3411247
          ],
          [
            86.1931852,
            55.3414831
          ],
          [
            86.1929807,
            55.3417092
          ],
          [
            86.1926969,
            55.3420305
          ],
          [
            86.1916981,
            55.3430861
          ],
          [
            86.1916128,
            55.3431842
          ]
        ]
      },
      "id": "way/1219495938"
    },
    {
      "type": "Feature",
      "properties": {
        "@id": "way/1219499271",
        "highway": "secondary",
        "lanes": "3",
        "maxspeed": "RU:urban",
        "name": "улица Сибиряков-Гвардейцев",
        "oneway": "yes",
        "surface": "asphalt"
      },
      "geometry": {
        "type": "LineString",
        "coordinates": [
          [
            86.131885,
            55.3362679
          ],
          [
            86.1320605,
            55.336269
          ],
          [
            86.1361269,
            55.3363187
          ],
          [
            86.1401157,
            55.336367
          ],
          [
            86.1416535,
            55.3363835
          ],
          [
            86.1418813,
            55.3363949
          ]
        ]
      },
      "id": "way/1219499271"
    },
    {
      "type": "Feature",
      "properties": {
        "@id": "way/1224686787",
        "highway": "primary",
        "lanes": "2",
        "maxspeed": "RU:urban",
        "name": "Советский проспект",
        "name:ru": "Советский проспект",
        "oneway": "yes",
        "surface": "asphalt"
      },
      "geometry": {
        "type": "LineString",
        "coordinates": [
          [
            86.0961613,
            55.3509612
          ],
          [
            86.0963098,
            55.3508854
          ],
          [
            86.0982547,
            55.3499294
          ]
        ]
      },
      "id": "way/1224686787"
    },
    {
      "type": "Feature",
      "properties": {
        "@id": "way/1224686788",
        "highway": "primary",
        "lanes": "2",
        "maxspeed": "RU:urban",
        "name": "Советский проспект",
        "name:ru": "Советский проспект",
        "oneway": "yes",
        "surface": "asphalt"
      },
      "geometry": {
        "type": "LineString",
        "coordinates": [
          [
            86.0962511,
            55.3510076
          ],
          [
            86.0961261,
            55.351071
          ],
          [
            86.0960312,
            55.3511222
          ],
          [
            86.0950817,
            55.3515916
          ]
        ]
      },
      "id": "way/1224686788"
    },
    {
      "type": "Feature",
      "properties": {
        "@id": "way/1224687166",
        "highway": "secondary",
        "maxspeed": "RU:urban",
        "oneway": "yes",
        "surface": "asphalt"
      },
      "geometry": {
        "type": "LineString",
        "coordinates": [
          [
            86.1043538,
            55.3542091
          ],
          [
            86.1021536,
            55.3531774
          ]
        ]
      },
      "id": "way/1224687166"
    },
    {
      "type": "Feature",
      "properties": {
        "@id": "way/1227814497",
        "highway": "secondary",
        "lanes": "3",
        "maxspeed": "RU:urban",
        "name": "улица Сибиряков-Гвардейцев",
        "oneway": "yes",
        "surface": "asphalt"
      },
      "geometry": {
        "type": "LineString",
        "coordinates": [
          [
            86.1418813,
            55.3363949
          ],
          [
            86.1419746,
            55.3364087
          ],
          [
            86.1421337,
            55.3364737
          ]
        ]
      },
      "id": "way/1227814497"
    },
    {
      "type": "Feature",
      "properties": {
        "@id": "way/1234505410",
        "highway": "secondary",
        "lanes": "3",
        "maxspeed": "RU:urban",
        "name": "Красноармейская улица",
        "name:etymology:wikidata": "Q251395",
        "oneway": "yes",
        "surface": "asphalt"
      },
      "geometry": {
        "type": "LineString",
        "coordinates": [
          [
            86.0669144,
            55.3526724
          ],
          [
            86.0667854,
            55.3527023
          ]
        ]
      },
      "id": "way/1234505410"
    },
    {
      "type": "Feature",
      "properties": {
        "@id": "way/1234505411",
        "highway": "secondary",
        "lanes": "3",
        "maxspeed": "RU:urban",
        "name": "Красноармейская улица",
        "name:etymology:wikidata": "Q251395",
        "oneway": "yes",
        "surface": "asphalt"
      },
      "geometry": {
        "type": "LineString",
        "coordinates": [
          [
            86.0668766,
            55.3525809
          ],
          [
            86.0670455,
            55.3525417
          ],
          [
            86.0671032,
            55.3525287
          ],
          [
            86.0673469,
            55.352474
          ],
          [
            86.068959,
            55.3521119
          ],
          [
            86.0699091,
            55.3518924
          ],
          [
            86.0719539,
            55.3514238
          ],
          [
            86.072279,
            55.3513483
          ],
          [
            86.0743832,
            55.3508598
          ],
          [
            86.0746183,
            55.3508094
          ],
          [
            86.0747401,
            55.3507835
          ],
          [
            86.0748095,
            55.3507688
          ],
          [
            86.0748981,
            55.35075
          ],
          [
            86.0751029,
            55.3506991
          ],
          [
            86.0767234,
            55.3503159
          ],
          [
            86.0775605,
            55.3501215
          ],
          [
            86.0777003,
            55.3500888
          ]
        ]
      },
      "id": "way/1234505411"
    },
    {
      "type": "Feature",
      "properties": {
        "@id": "way/1234514302",
        "highway": "primary",
        "lanes": "2",
        "maxspeed": "RU:urban",
        "name": "улица Тухачевского",
        "oneway": "yes",
        "surface": "asphalt"
      },
      "geometry": {
        "type": "LineString",
        "coordinates": [
          [
            86.1319129,
            55.3300454
          ],
          [
            86.1319097,
            55.3299021
          ],
          [
            86.1319178,
            55.3297316
          ]
        ]
      },
      "id": "way/1234514302"
    },
    {
      "type": "Feature",
      "properties": {
        "@id": "way/1234514303",
        "highway": "primary",
        "lanes": "2",
        "maxspeed": "RU:urban",
        "name": "улица Тухачевского",
        "name:uk": "вулиця Тухачевського",
        "oneway": "yes",
        "surface": "asphalt"
      },
      "geometry": {
        "type": "LineString",
        "coordinates": [
          [
            86.1319178,
            55.3297316
          ],
          [
            86.1319116,
            55.3277586
          ],
          [
            86.1319496,
            55.3258035
          ],
          [
            86.1319626,
            55.3250431
          ],
          [
            86.1319684,
            55.3248816
          ],
          [
            86.1319955,
            55.324119
          ]
        ]
      },
      "id": "way/1234514303"
    },
    {
      "type": "Feature",
      "properties": {
        "@id": "way/1234514304",
        "highway": "secondary",
        "lanes": "3",
        "maxspeed": "RU:urban",
        "name": "Молодёжный проспект",
        "oneway": "yes",
        "surface": "asphalt"
      },
      "geometry": {
        "type": "LineString",
        "coordinates": [
          [
            86.1311693,
            55.3299241
          ],
          [
            86.1303581,
            55.3296855
          ],
          [
            86.1288051,
            55.32923
          ],
          [
            86.1286671,
            55.329189
          ],
          [
            86.1273545,
            55.3287986
          ],
          [
            86.1269977,
            55.3286922
          ],
          [
            86.1259282,
            55.3283691
          ],
          [
            86.1256359,
            55.3282817
          ]
        ]
      },
      "id": "way/1234514304"
    },
    {
      "type": "Feature",
      "properties": {
        "@id": "way/1234514305",
        "highway": "secondary",
        "lanes": "3",
        "maxspeed": "RU:urban",
        "name": "проспект Химиков",
        "oneway": "yes",
        "surface": "asphalt"
      },
      "geometry": {
        "type": "LineString",
        "coordinates": [
          [
            86.1320373,
            55.3300815
          ],
          [
            86.1322748,
            55.3301599
          ],
          [
            86.132697,
            55.3302893
          ],
          [
            86.1332454,
            55.3304595
          ],
          [
            86.1340821,
            55.3307177
          ],
          [
            86.1357498,
            55.3312324
          ],
          [
            86.136458,
            55.3314457
          ],
          [
            86.1403039,
            55.3326038
          ],
          [
            86.1414574,
            55.3329511
          ],
          [
            86.1440392,
            55.3337242
          ],
          [
            86.1442152,
            55.3337835
          ]
        ]
      },
      "id": "way/1234514305"
    },
    {
      "type": "Feature",
      "properties": {
        "@id": "way/1234515717",
        "highway": "primary",
        "lanes": "3",
        "maxspeed": "RU:urban",
        "name": "проспект Ленина",
        "name:etymology:wikidata": "Q1394",
        "name:ru": "проспект Ленина",
        "oneway": "yes",
        "surface": "asphalt"
      },
      "geometry": {
        "type": "LineString",
        "coordinates": [
          [
            86.0894551,
            55.344385
          ],
          [
            86.0914371,
            55.3444061
          ]
        ]
      },
      "id": "way/1234515717"
    },
    {
      "type": "Feature",
      "properties": {
        "@id": "way/1234843925",
        "highway": "secondary",
        "lanes": "3",
        "maxspeed": "RU:urban",
        "name": "Молодёжный проспект",
        "oneway": "yes",
        "surface": "asphalt"
      },
      "geometry": {
        "type": "LineString",
        "coordinates": [
          [
            86.1256359,
            55.3282817
          ],
          [
            86.1254097,
            55.3282158
          ],
          [
            86.1245597,
            55.3279611
          ],
          [
            86.1238639,
            55.3277588
          ],
          [
            86.1233201,
            55.3275927
          ],
          [
            86.1231635,
            55.3275431
          ],
          [
            86.1222388,
            55.3272729
          ],
          [
            86.1208492,
            55.3268792
          ],
          [
            86.1205831,
            55.326786
          ],
          [
            86.1198764,
            55.3265808
          ],
          [
            86.1191797,
            55.3263726
          ],
          [
            86.1186662,
            55.3262078
          ],
          [
            86.1181692,
            55.3260433
          ],
          [
            86.1173193,
            55.3256568
          ],
          [
            86.1169115,
            55.3254796
          ],
          [
            86.1153901,
            55.324857
          ],
          [
            86.1151393,
            55.3247262
          ],
          [
            86.1149567,
            55.3246141
          ],
          [
            86.1148387,
            55.3244884
          ]
        ]
      },
      "id": "way/1234843925"
    },
    {
      "type": "Feature",
      "properties": {
        "@id": "way/1236535566",
        "highway": "secondary",
        "lanes": "2",
        "name": "Соборная улица",
        "oneway": "yes"
      },
      "geometry": {
        "type": "LineString",
        "coordinates": [
          [
            86.0973062,
            55.3443244
          ],
          [
            86.0973214,
            55.3442245
          ],
          [
            86.0973285,
            55.3438745
          ],
          [
            86.0973408,
            55.3434053
          ]
        ]
      },
      "id": "way/1236535566"
    },
    {
      "type": "Feature",
      "properties": {
        "@id": "way/1236535568",
        "highway": "secondary",
        "lanes": "2",
        "name": "Соборная улица",
        "oneway": "yes"
      },
      "geometry": {
        "type": "LineString",
        "coordinates": [
          [
            86.0973408,
            55.3434053
          ],
          [
            86.0973498,
            55.342883
          ]
        ]
      },
      "id": "way/1236535568"
    },
    {
      "type": "Feature",
      "properties": {
        "@id": "way/1236535569",
        "highway": "secondary",
        "lanes": "2",
        "name": "Соборная улица",
        "oneway": "yes"
      },
      "geometry": {
        "type": "LineString",
        "coordinates": [
          [
            86.0973498,
            55.342883
          ],
          [
            86.0973647,
            55.3423257
          ],
          [
            86.0973759,
            55.3417722
          ]
        ]
      },
      "id": "way/1236535569"
    },
    {
      "type": "Feature",
      "properties": {
        "@id": "way/1236544109",
        "highway": "secondary",
        "oneway": "yes"
      },
      "geometry": {
        "type": "LineString",
        "coordinates": [
          [
            86.1549961,
            55.357178
          ],
          [
            86.154859,
            55.3571994
          ],
          [
            86.1547158,
            55.3572068
          ],
          [
            86.1545767,
            55.357201
          ],
          [
            86.1544399,
            55.3571836
          ],
          [
            86.1543013,
            55.3571477
          ],
          [
            86.1541893,
            55.3571037
          ],
          [
            86.1540943,
            55.3570529
          ],
          [
            86.1540171,
            55.3569899
          ],
          [
            86.1539585,
            55.3569237
          ],
          [
            86.1539163,
            55.3568509
          ],
          [
            86.1538987,
            55.3567862
          ],
          [
            86.1538996,
            55.3567259
          ],
          [
            86.153916,
            55.3566619
          ],
          [
            86.1539537,
            55.3565909
          ],
          [
            86.1540017,
            55.3565324
          ],
          [
            86.1540653,
            55.3564711
          ],
          [
            86.1541537,
            55.356419
          ],
          [
            86.154258,
            55.3563713
          ],
          [
            86.1543734,
            55.3563396
          ],
          [
            86.1545097,
            55.3563111
          ],
          [
            86.1546794,
            55.3562976
          ],
          [
            86.1548322,
            55.3563034
          ],
          [
            86.1549803,
            55.3563258
          ],
          [
            86.1551249,
            55.3563672
          ],
          [
            86.1552483,
            55.3564216
          ],
          [
            86.1553448,
            55.3564845
          ],
          [
            86.1554126,
            55.3565515
          ],
          [
            86.155464,
            55.3566254
          ],
          [
            86.1554981,
            55.356714
          ],
          [
            86.1554889,
            55.3568149
          ],
          [
            86.1554584,
            55.3568903
          ],
          [
            86.1554056,
            55.3569648
          ],
          [
            86.1553374,
            55.3570289
          ],
          [
            86.1552549,
            55.3570821
          ],
          [
            86.1551419,
            55.3571364
          ],
          [
            86.1549961,
            55.357178
          ]
        ]
      },
      "id": "way/1236544109"
    },
    {
      "type": "Feature",
      "properties": {
        "@id": "way/1238734878",
        "highway": "secondary",
        "lanes": "4",
        "lanes:backward": "2",
        "maxspeed": "RU:urban",
        "name": "Волгоградская улица"
      },
      "geometry": {
        "type": "LineString",
        "coordinates": [
          [
            86.1549522,
            55.3375195
          ],
          [
            86.1551832,
            55.3372682
          ],
          [
            86.1552456,
            55.3371972
          ]
        ]
      },
      "id": "way/1238734878"
    },
    {
      "type": "Feature",
      "properties": {
        "@id": "way/1238734879",
        "highway": "secondary",
        "lanes": "4",
        "lanes:backward": "2",
        "maxspeed": "RU:urban",
        "name": "Волгоградская улица"
      },
      "geometry": {
        "type": "LineString",
        "coordinates": [
          [
            86.1547031,
            55.3377966
          ],
          [
            86.1548115,
            55.337676
          ],
          [
            86.1549522,
            55.3375195
          ]
        ]
      },
      "id": "way/1238734879"
    },
    {
      "type": "Feature",
      "properties": {
        "@id": "way/1238734880",
        "highway": "secondary",
        "lanes": "3",
        "lanes:backward": "2",
        "maxspeed": "RU:urban",
        "name": "Волгоградская улица"
      },
      "geometry": {
        "type": "LineString",
        "coordinates": [
          [
            86.1553246,
            55.3371163
          ],
          [
            86.155479,
            55.336948
          ],
          [
            86.156576,
            55.3357805
          ],
          [
            86.1568784,
            55.3354432
          ]
        ]
      },
      "id": "way/1238734880"
    },
    {
      "type": "Feature",
      "properties": {
        "@id": "way/1238734881",
        "highway": "secondary",
        "lanes": "3",
        "maxspeed": "RU:urban",
        "name": "проспект Химиков",
        "oneway": "yes",
        "surface": "asphalt"
      },
      "geometry": {
        "type": "LineString",
        "coordinates": [
          [
            86.1618468,
            55.3390596
          ],
          [
            86.1620458,
            55.3391178
          ],
          [
            86.1624865,
            55.3392467
          ],
          [
            86.1642254,
            55.3397554
          ],
          [
            86.165166,
            55.3400453
          ],
          [
            86.167036,
            55.3406215
          ],
          [
            86.1681163,
            55.3409369
          ],
          [
            86.1683671,
            55.3410129
          ]
        ]
      },
      "id": "way/1238734881"
    },
    {
      "type": "Feature",
      "properties": {
        "@id": "way/1250712973",
        "highway": "secondary",
        "lanes": "2",
        "maxspeed": "RU:urban",
        "name": "Ленинградский проспект",
        "surface": "asphalt"
      },
      "geometry": {
        "type": "LineString",
        "coordinates": [
          [
            86.1684817,
            55.3546534
          ],
          [
            86.1685807,
            55.3545453
          ],
          [
            86.1688266,
            55.3542765
          ],
          [
            86.1691969,
            55.3538717
          ],
          [
            86.1697229,
            55.3532966
          ],
          [
            86.1703792,
            55.3525791
          ]
        ]
      },
      "id": "way/1250712973"
    },
    {
      "type": "Feature",
      "properties": {
        "@id": "way/1258673198",
        "highway": "secondary",
        "lanes": "3",
        "maxspeed": "RU:urban",
        "surface": "asphalt"
      },
      "geometry": {
        "type": "LineString",
        "coordinates": [
          [
            86.0979453,
            55.3523966
          ],
          [
            86.0979437,
            55.3524527
          ]
        ]
      },
      "id": "way/1258673198"
    },
    {
      "type": "Feature",
      "properties": {
        "@id": "way/1268390144",
        "highway": "secondary",
        "lanes": "4",
        "maxspeed": "RU:urban",
        "name": "Комсомольский проспект",
        "oneway": "yes",
        "surface": "asphalt"
      },
      "geometry": {
        "type": "LineString",
        "coordinates": [
          [
            86.194081,
            55.3357974
          ],
          [
            86.1940758,
            55.3360931
          ]
        ]
      },
      "id": "way/1268390144"
    },
    {
      "type": "Feature",
      "properties": {
        "@id": "way/1275450932",
        "highway": "secondary",
        "maxspeed": "60",
        "name": "Южный проезд",
        "ref": "32К-89"
      },
      "geometry": {
        "type": "LineString",
        "coordinates": [
          [
            86.197361,
            55.3449089
          ],
          [
            86.2000642,
            55.3456855
          ]
        ]
      },
      "id": "way/1275450932"
    },
    {
      "type": "Feature",
      "properties": {
        "@id": "way/1275451816",
        "highway": "secondary",
        "lanes": "3",
        "maxspeed": "RU:urban",
        "name": "улица Сибиряков-Гвардейцев",
        "oneway": "yes",
        "surface": "asphalt"
      },
      "geometry": {
        "type": "LineString",
        "coordinates": [
          [
            86.1317379,
            55.3362658
          ],
          [
            86.131885,
            55.3362679
          ]
        ]
      },
      "id": "way/1275451816"
    },
    {
      "type": "Feature",
      "properties": {
        "@id": "way/1275451817",
        "highway": "primary",
        "lanes": "2",
        "maxspeed": "RU:urban",
        "name": "улица Тухачевского",
        "oneway": "yes",
        "surface": "asphalt"
      },
      "geometry": {
        "type": "LineString",
        "coordinates": [
          [
            86.1317431,
            55.3363812
          ],
          [
            86.1317412,
            55.3363512
          ],
          [
            86.1317392,
            55.3363198
          ],
          [
            86.1317379,
            55.3362658
          ]
        ]
      },
      "id": "way/1275451817"
    },
    {
      "type": "Feature",
      "properties": {
        "@id": "way/1275451819",
        "highway": "primary",
        "lane_markings": "no",
        "maxspeed": "RU:urban",
        "name": "улица Тухачевского",
        "oneway": "yes",
        "surface": "asphalt"
      },
      "geometry": {
        "type": "LineString",
        "coordinates": [
          [
            86.1315412,
            55.344911
          ],
          [
            86.131436,
            55.344784
          ]
        ]
      },
      "id": "way/1275451819"
    },
    {
      "type": "Feature",
      "properties": {
        "@id": "way/1276034962",
        "highway": "secondary",
        "lanes": "3",
        "maxspeed": "RU:urban",
        "name": "проспект Ленина",
        "name:etymology:wikidata": "Q1394",
        "oneway": "yes",
        "surface": "asphalt"
      },
      "geometry": {
        "type": "LineString",
        "coordinates": [
          [
            86.1743038,
            55.352771
          ],
          [
            86.1720006,
            55.3520905
          ],
          [
            86.171514,
            55.3519467
          ],
          [
            86.1713605,
            55.3519014
          ],
          [
            86.1710759,
            55.3518173
          ]
        ]
      },
      "id": "way/1276034962"
    },
    {
      "type": "Feature",
      "properties": {
        "@id": "way/1276034963",
        "highway": "secondary",
        "lanes": "3",
        "maxspeed": "RU:urban",
        "name": "проспект Ленина",
        "name:etymology:wikidata": "Q1394",
        "oneway": "yes",
        "surface": "asphalt"
      },
      "geometry": {
        "type": "LineString",
        "coordinates": [
          [
            86.1743836,
            55.3526898
          ],
          [
            86.1757069,
            55.3530837
          ]
        ]
      },
      "id": "way/1276034963"
    },
    {
      "type": "Feature",
      "properties": {
        "@id": "way/1276669180",
        "highway": "primary",
        "lanes": "4",
        "maxspeed": "RU:urban",
        "name": "Пионерский бульвар",
        "name:ru": "Пионерский бульвар",
        "surface": "asphalt"
      },
      "geometry": {
        "type": "LineString",
        "coordinates": [
          [
            86.1081841,
            55.3445806
          ],
          [
            86.1081801,
            55.3447136
          ]
        ]
      },
      "id": "way/1276669180"
    },
    {
      "type": "Feature",
      "properties": {
        "@id": "way/1276669181",
        "highway": "primary",
        "lanes": "4",
        "lanes:bus": "1",
        "maxspeed": "RU:urban",
        "name": "проспект Ленина",
        "name:etymology:wikidata": "Q1394",
        "name:ru": "проспект Ленина",
        "oneway": "yes",
        "surface": "asphalt"
      },
      "geometry": {
        "type": "LineString",
        "coordinates": [
          [
            86.1081841,
            55.3445806
          ],
          [
            86.1084615,
            55.3445814
          ],
          [
            86.1088596,
            55.3445861
          ],
          [
            86.109688,
            55.344592
          ],
          [
            86.1122965,
            55.3446147
          ],
          [
            86.1141413,
            55.344634
          ],
          [
            86.1143568,
            55.3446362
          ],
          [
            86.1145983,
            55.3446383
          ],
          [
            86.1148274,
            55.3446383
          ],
          [
            86.1151763,
            55.3446401
          ],
          [
            86.1172927,
            55.3446629
          ],
          [
            86.1189912,
            55.3446684
          ]
        ]
      },
      "id": "way/1276669181"
    },
    {
      "type": "Feature",
      "properties": {
        "@id": "way/1276716166",
        "hgv": "no",
        "highway": "primary",
        "maxspeed": "40",
        "name": "улица Антипова"
      },
      "geometry": {
        "type": "LineString",
        "coordinates": [
          [
            86.129791,
            55.4242079
          ],
          [
            86.1306648,
            55.4251256
          ],
          [
            86.1307668,
            55.4252725
          ],
          [
            86.1308205,
            55.4253899
          ],
          [
            86.1309192,
            55.4256512
          ],
          [
            86.1310102,
            55.425857
          ],
          [
            86.131491,
            55.4267287
          ],
          [
            86.1316363,
            55.426955
          ],
          [
            86.1318166,
            55.4271771
          ]
        ]
      },
      "id": "way/1276716166"
    },
    {
      "type": "Feature",
      "properties": {
        "@id": "way/1276716168",
        "hgv": "no",
        "highway": "primary",
        "maxspeed": "40",
        "name": "улица Антипова"
      },
      "geometry": {
        "type": "LineString",
        "coordinates": [
          [
            86.1318166,
            55.4271771
          ],
          [
            86.1333952,
            55.4288204
          ]
        ]
      },
      "id": "way/1276716168"
    },
    {
      "type": "Feature",
      "properties": {
        "@id": "way/1279264918",
        "highway": "secondary",
        "lanes": "2",
        "name": "Комсомольский проспект",
        "oneway": "yes"
      },
      "geometry": {
        "type": "LineString",
        "coordinates": [
          [
            86.1940162,
            55.3396866
          ],
          [
            86.1939834,
            55.3390923
          ]
        ]
      },
      "id": "way/1279264918"
    },
    {
      "type": "Feature",
      "properties": {
        "@id": "way/1279264919",
        "highway": "secondary",
        "lanes": "4",
        "maxspeed": "RU:urban",
        "name": "Комсомольский проспект",
        "oneway": "yes",
        "surface": "asphalt"
      },
      "geometry": {
        "type": "LineString",
        "coordinates": [
          [
            86.194087,
            55.33909
          ],
          [
            86.194096,
            55.3396894
          ]
        ]
      },
      "id": "way/1279264919"
    },
    {
      "type": "Feature",
      "properties": {
        "@id": "way/1279264921",
        "highway": "secondary",
        "lanes": "4",
        "maxspeed": "RU:urban",
        "name": "Комсомольский проспект",
        "oneway": "yes",
        "surface": "asphalt"
      },
      "geometry": {
        "type": "LineString",
        "coordinates": [
          [
            86.1940758,
            55.3360931
          ],
          [
            86.1940728,
            55.3367547
          ]
        ]
      },
      "id": "way/1279264921"
    },
    {
      "type": "Feature",
      "properties": {
        "@id": "way/1279264923",
        "highway": "secondary",
        "lanes": "1",
        "name": "улица Марковцева",
        "oneway": "yes"
      },
      "geometry": {
        "type": "LineString",
        "coordinates": [
          [
            86.1939408,
            55.3358361
          ],
          [
            86.1935713,
            55.3358342
          ]
        ]
      },
      "id": "way/1279264923"
    },
    {
      "type": "Feature",
      "properties": {
        "@id": "way/1279264924",
        "highway": "secondary",
        "name": "Комсомольский проспект",
        "oneway": "yes"
      },
      "geometry": {
        "type": "LineString",
        "coordinates": [
          [
            86.1939408,
            55.3358361
          ],
          [
            86.1939408,
            55.3357619
          ]
        ]
      },
      "id": "way/1279264924"
    },
    {
      "type": "Feature",
      "properties": {
        "@id": "way/1280521641",
        "highway": "secondary",
        "lanes": "3",
        "maxspeed": "RU:urban",
        "name": "проспект Химиков",
        "oneway": "yes",
        "surface": "asphalt"
      },
      "geometry": {
        "type": "LineString",
        "coordinates": [
          [
            86.1553246,
            55.3371163
          ],
          [
            86.1555563,
            55.3371839
          ],
          [
            86.1562903,
            55.3374021
          ],
          [
            86.1572167,
            55.3376776
          ],
          [
            86.1588201,
            55.3381529
          ],
          [
            86.1592842,
            55.3382886
          ],
          [
            86.1617305,
            55.3390244
          ],
          [
            86.1618468,
            55.3390596
          ]
        ]
      },
      "id": "way/1280521641"
    },
    {
      "type": "Feature",
      "properties": {
        "@id": "way/1286952754",
        "highway": "primary",
        "lanes": "3",
        "maxspeed": "RU:urban",
        "name": "улица Терешковой",
        "name:etymology:wikidata": "Q44371",
        "oneway": "yes",
        "surface": "asphalt"
      },
      "geometry": {
        "type": "LineString",
        "coordinates": [
          [
            86.1285897,
            55.3714724
          ],
          [
            86.1284495,
            55.3709035
          ]
        ]
      },
      "id": "way/1286952754"
    },
    {
      "type": "Feature",
      "properties": {
        "@id": "way/1286952755",
        "highway": "primary",
        "lanes": "3",
        "maxspeed": "RU:urban",
        "name": "улица Терешковой",
        "name:etymology:wikidata": "Q44371",
        "oneway": "yes",
        "sidewalk": "right",
        "surface": "asphalt"
      },
      "geometry": {
        "type": "LineString",
        "coordinates": [
          [
            86.134526,
            55.3564736
          ],
          [
            86.134419,
            55.3567928
          ],
          [
            86.1342818,
            55.3571469
          ]
        ]
      },
      "id": "way/1286952755"
    },
    {
      "type": "Feature",
      "properties": {
        "@id": "way/1287255801",
        "highway": "primary",
        "lanes": "3",
        "maxspeed": "RU:urban",
        "name": "улица Терешковой",
        "name:etymology:wikidata": "Q44371",
        "oneway": "yes",
        "surface": "asphalt"
      },
      "geometry": {
        "type": "LineString",
        "coordinates": [
          [
            86.106609,
            55.3892786
          ],
          [
            86.10672,
            55.3892461
          ],
          [
            86.1067715,
            55.3892311
          ],
          [
            86.1068409,
            55.3892108
          ]
        ]
      },
      "id": "way/1287255801"
    },
    {
      "type": "Feature",
      "properties": {
        "@id": "way/1287255802",
        "highway": "primary",
        "oneway": "yes"
      },
      "geometry": {
        "type": "LineString",
        "coordinates": [
          [
            86.0894877,
            55.385715
          ],
          [
            86.0895376,
            55.3857025
          ],
          [
            86.0896775,
            55.385681
          ],
          [
            86.0898416,
            55.3856795
          ],
          [
            86.09,
            55.3857023
          ]
        ]
      },
      "id": "way/1287255802"
    },
    {
      "type": "Feature",
      "properties": {
        "@id": "way/1287255803",
        "highway": "primary",
        "lanes": "2",
        "maxspeed": "RU:urban",
        "name": "проспект Шахтёров",
        "oneway": "yes",
        "surface": "asphalt"
      },
      "geometry": {
        "type": "LineString",
        "coordinates": [
          [
            86.0893795,
            55.3854523
          ],
          [
            86.0894328,
            55.3854677
          ],
          [
            86.0896929,
            55.3855592
          ],
          [
            86.09,
            55.3857023
          ]
        ]
      },
      "id": "way/1287255803"
    },
    {
      "type": "Feature",
      "properties": {
        "@id": "way/1287753476",
        "highway": "primary",
        "lanes": "2",
        "maxspeed": "60",
        "name": "улица Тухачевского",
        "oneway": "yes"
      },
      "geometry": {
        "type": "LineString",
        "coordinates": [
          [
            86.1320373,
            55.3300815
          ],
          [
            86.1320345,
            55.3301835
          ],
          [
            86.1320301,
            55.3303462
          ],
          [
            86.1319374,
            55.3337337
          ]
        ]
      },
      "id": "way/1287753476"
    },
    {
      "type": "Feature",
      "properties": {
        "@id": "way/1288217647",
        "highway": "primary",
        "lanes": "3",
        "maxspeed": "RU:urban",
        "name": "улица Терешковой",
        "name:etymology:wikidata": "Q44371",
        "oneway": "yes",
        "surface": "asphalt"
      },
      "geometry": {
        "type": "LineString",
        "coordinates": [
          [
            86.1336641,
            55.3584903
          ],
          [
            86.1338615,
            55.3579174
          ]
        ]
      },
      "id": "way/1288217647"
    },
    {
      "type": "Feature",
      "properties": {
        "@id": "way/1288217838",
        "highway": "primary",
        "lanes": "3",
        "maxspeed": "RU:urban",
        "name": "улица Терешковой",
        "name:etymology:wikidata": "Q44371",
        "oneway": "yes",
        "surface": "asphalt"
      },
      "geometry": {
        "type": "LineString",
        "coordinates": [
          [
            86.1280726,
            55.3690435
          ],
          [
            86.128028,
            55.3685272
          ],
          [
            86.1280203,
            55.3682967
          ],
          [
            86.1280456,
            55.3680375
          ],
          [
            86.1280839,
            55.3678293
          ],
          [
            86.1281271,
            55.3677033
          ],
          [
            86.1281977,
            55.3675435
          ],
          [
            86.1283778,
            55.3671846
          ],
          [
            86.1285226,
            55.3669353
          ],
          [
            86.1287013,
            55.3666818
          ]
        ]
      },
      "id": "way/1288217838"
    },
    {
      "type": "Feature",
      "properties": {
        "@id": "way/1288257412",
        "highway": "primary",
        "lanes": "3",
        "maxspeed": "RU:urban",
        "name": "улица Терешковой",
        "name:etymology:wikidata": "Q44371",
        "oneway": "yes",
        "sidewalk": "right",
        "surface": "asphalt"
      },
      "geometry": {
        "type": "LineString",
        "coordinates": [
          [
            86.1360256,
            55.3487773
          ],
          [
            86.1360208,
            55.348915
          ],
          [
            86.1360111,
            55.3493848
          ],
          [
            86.1360045,
            55.3497078
          ],
          [
            86.1359875,
            55.3505959
          ],
          [
            86.1359699,
            55.3509254
          ],
          [
            86.1359407,
            55.3514716
          ],
          [
            86.1359259,
            55.3519704
          ],
          [
            86.1358939,
            55.3522532
          ]
        ]
      },
      "id": "way/1288257412"
    },
    {
      "type": "Feature",
      "properties": {
        "@id": "way/1294642370",
        "highway": "secondary",
        "lanes": "2",
        "maxspeed": "RU:urban",
        "name": "Притомский проспект",
        "oneway": "yes",
        "sidewalk": "no",
        "source": "local_knowledge",
        "surface": "asphalt"
      },
      "geometry": {
        "type": "LineString",
        "coordinates": [
          [
            86.1369686,
            55.3578182
          ],
          [
            86.1349125,
            55.3577038
          ],
          [
            86.1342973,
            55.3576479
          ],
          [
            86.1333346,
            55.3575192
          ],
          [
            86.1320618,
            55.3571944
          ],
          [
            86.131836,
            55.3571374
          ]
        ]
      },
      "id": "way/1294642370"
    },
    {
      "type": "Feature",
      "properties": {
        "@id": "way/1294642984",
        "highway": "primary",
        "lanes": "3",
        "maxspeed": "RU:urban",
        "name": "улица Терешковой",
        "name:etymology:wikidata": "Q44371",
        "oneway": "yes",
        "surface": "asphalt"
      },
      "geometry": {
        "type": "LineString",
        "coordinates": [
          [
            86.1281265,
            55.3693345
          ],
          [
            86.1280726,
            55.3690435
          ]
        ]
      },
      "id": "way/1294642984"
    },
    {
      "type": "Feature",
      "properties": {
        "@id": "way/1296213572",
        "highway": "primary",
        "lanes": "3",
        "maxspeed": "RU:urban",
        "name": "улица Терешковой",
        "name:etymology:wikidata": "Q44371",
        "oneway": "yes",
        "surface": "asphalt"
      },
      "geometry": {
        "type": "LineString",
        "coordinates": [
          [
            86.1288138,
            55.3667037
          ],
          [
            86.1285624,
            55.3670584
          ],
          [
            86.128492,
            55.3671971
          ],
          [
            86.1284625,
            55.3672554
          ],
          [
            86.1283376,
            55.3674987
          ],
          [
            86.1282136,
            55.3678211
          ],
          [
            86.1281637,
            55.3681231
          ],
          [
            86.1281435,
            55.368415
          ],
          [
            86.1281386,
            55.368624
          ],
          [
            86.1281771,
            55.3690152
          ]
        ]
      },
      "id": "way/1296213572"
    },
    {
      "type": "Feature",
      "properties": {
        "@id": "way/1296213573",
        "highway": "primary",
        "lanes": "3",
        "maxspeed": "RU:urban",
        "name": "улица Терешковой",
        "name:etymology:wikidata": "Q44371",
        "oneway": "yes",
        "surface": "asphalt"
      },
      "geometry": {
        "type": "LineString",
        "coordinates": [
          [
            86.1281771,
            55.3690152
          ],
          [
            86.1282427,
            55.3694014
          ]
        ]
      },
      "id": "way/1296213573"
    },
    {
      "type": "Feature",
      "properties": {
        "@id": "way/1296213574",
        "highway": "primary",
        "lanes": "3",
        "maxspeed": "RU:urban",
        "name": "улица Терешковой",
        "name:etymology:wikidata": "Q44371",
        "oneway": "yes",
        "surface": "asphalt"
      },
      "geometry": {
        "type": "LineString",
        "coordinates": [
          [
            86.1282427,
            55.3694014
          ],
          [
            86.1284885,
            55.370388
          ]
        ]
      },
      "id": "way/1296213574"
    },
    {
      "type": "Feature",
      "properties": {
        "@id": "way/1296213575",
        "bridge": "viaduct",
        "highway": "primary",
        "lanes": "3",
        "layer": "2",
        "maxspeed": "RU:urban",
        "name": "улица Терешковой",
        "name:etymology:wikidata": "Q44371",
        "oneway": "yes",
        "surface": "asphalt"
      },
      "geometry": {
        "type": "LineString",
        "coordinates": [
          [
            86.1284885,
            55.370388
          ],
          [
            86.1285926,
            55.3708937
          ]
        ]
      },
      "id": "way/1296213575"
    },
    {
      "type": "Feature",
      "properties": {
        "@id": "way/1296213576",
        "highway": "primary",
        "lanes": "3",
        "maxspeed": "RU:urban",
        "name": "улица Терешковой",
        "name:etymology:wikidata": "Q44371",
        "oneway": "yes",
        "surface": "asphalt"
      },
      "geometry": {
        "type": "LineString",
        "coordinates": [
          [
            86.1285926,
            55.3708937
          ],
          [
            86.1290179,
            55.3727418
          ],
          [
            86.1290511,
            55.3728955
          ]
        ]
      },
      "id": "way/1296213576"
    },
    {
      "type": "Feature",
      "properties": {
        "@id": "way/1296213578",
        "bridge": "yes",
        "highway": "primary",
        "lanes": "3",
        "layer": "1",
        "maxspeed": "RU:urban",
        "name": "улица Терешковой",
        "name:etymology:wikidata": "Q44371",
        "oneway": "yes",
        "surface": "asphalt"
      },
      "geometry": {
        "type": "LineString",
        "coordinates": [
          [
            86.1323431,
            55.361361
          ],
          [
            86.1319126,
            55.362017
          ],
          [
            86.1309198,
            55.3635198
          ],
          [
            86.1288138,
            55.3667037
          ]
        ]
      },
      "id": "way/1296213578"
    },
    {
      "type": "Feature",
      "properties": {
        "@id": "way/1296213579",
        "highway": "primary",
        "lanes": "3",
        "maxspeed": "RU:urban",
        "name": "улица Терешковой",
        "name:etymology:wikidata": "Q44371",
        "oneway": "yes",
        "surface": "asphalt"
      },
      "geometry": {
        "type": "LineString",
        "coordinates": [
          [
            86.1335877,
            55.3591996
          ],
          [
            86.1333987,
            55.3596419
          ],
          [
            86.1332543,
            55.3599128
          ],
          [
            86.1329967,
            55.3603247
          ],
          [
            86.132799,
            55.3606716
          ],
          [
            86.1325856,
            55.3609874
          ],
          [
            86.132381,
            55.3613026
          ],
          [
            86.1323431,
            55.361361
          ]
        ]
      },
      "id": "way/1296213579"
    },
    {
      "type": "Feature",
      "properties": {
        "@id": "way/1296213580",
        "highway": "primary",
        "lanes": "3",
        "maxspeed": "RU:urban",
        "name": "улица Терешковой",
        "name:etymology:wikidata": "Q44371",
        "oneway": "yes",
        "surface": "asphalt"
      },
      "geometry": {
        "type": "LineString",
        "coordinates": [
          [
            86.1338435,
            55.3584935
          ],
          [
            86.1335877,
            55.3591996
          ]
        ]
      },
      "id": "way/1296213580"
    },
    {
      "type": "Feature",
      "properties": {
        "@id": "way/1296213581",
        "highway": "primary",
        "lanes": "3",
        "maxspeed": "RU:urban",
        "name": "улица Терешковой",
        "name:etymology:wikidata": "Q44371",
        "oneway": "yes",
        "surface": "asphalt"
      },
      "geometry": {
        "type": "LineString",
        "coordinates": [
          [
            86.1340063,
            55.3579334
          ],
          [
            86.1338435,
            55.3584935
          ]
        ]
      },
      "id": "way/1296213581"
    },
    {
      "type": "Feature",
      "properties": {
        "@id": "way/1296213582",
        "bridge": "yes",
        "highway": "primary",
        "lanes": "3",
        "layer": "1",
        "maxspeed": "RU:urban",
        "name": "улица Терешковой",
        "name:etymology:wikidata": "Q44371",
        "oneway": "yes",
        "surface": "asphalt"
      },
      "geometry": {
        "type": "LineString",
        "coordinates": [
          [
            86.1342818,
            55.3571469
          ],
          [
            86.1340063,
            55.3579334
          ]
        ]
      },
      "id": "way/1296213582"
    },
    {
      "type": "Feature",
      "properties": {
        "@id": "way/1297867922",
        "highway": "secondary",
        "lanes": "2",
        "maxspeed": "60",
        "name": "Советский проспект",
        "name:ru": "Советский проспект",
        "oneway": "yes",
        "surface": "asphalt"
      },
      "geometry": {
        "type": "LineString",
        "coordinates": [
          [
            86.0630733,
            55.3606298
          ],
          [
            86.0607541,
            55.361164
          ],
          [
            86.059691,
            55.3614087
          ],
          [
            86.0595653,
            55.361443
          ],
          [
            86.0594447,
            55.361479
          ],
          [
            86.0593321,
            55.3615225
          ]
        ]
      },
      "id": "way/1297867922"
    },
    {
      "type": "Feature",
      "properties": {
        "@id": "way/1299780933",
        "bridge": "yes",
        "highway": "primary",
        "lanes": "3",
        "layer": "1",
        "maxspeed": "RU:urban",
        "name": "улица Терешковой",
        "name:etymology:wikidata": "Q44371",
        "oneway": "yes",
        "surface": "asphalt"
      },
      "geometry": {
        "type": "LineString",
        "coordinates": [
          [
            86.1338615,
            55.3579174
          ],
          [
            86.1341266,
            55.3571298
          ]
        ]
      },
      "id": "way/1299780933"
    },
    {
      "type": "Feature",
      "properties": {
        "@id": "way/1300413671",
        "highway": "secondary",
        "lanes": "2",
        "maxspeed": "RU:urban",
        "name": "Соборная улица",
        "oneway": "yes",
        "surface": "asphalt"
      },
      "geometry": {
        "type": "LineString",
        "coordinates": [
          [
            86.0974395,
            55.3453176
          ],
          [
            86.0974093,
            55.3454147
          ],
          [
            86.0973733,
            55.3454998
          ],
          [
            86.0973225,
            55.3455566
          ],
          [
            86.0972655,
            55.3456038
          ],
          [
            86.097186,
            55.3456433
          ],
          [
            86.0970644,
            55.345677
          ]
        ]
      },
      "id": "way/1300413671"
    },
    {
      "type": "Feature",
      "properties": {
        "@id": "way/1300413673",
        "highway": "secondary",
        "lanes": "2",
        "maxspeed": "RU:urban",
        "name": "Соборная улица",
        "name:ru": "Соборная улица",
        "oneway": "yes",
        "surface": "asphalt"
      },
      "geometry": {
        "type": "LineString",
        "coordinates": [
          [
            86.0969608,
            55.345633
          ],
          [
            86.0970644,
            55.345677
          ],
          [
            86.097155,
            55.3457309
          ],
          [
            86.09751,
            55.3459696
          ]
        ]
      },
      "id": "way/1300413673"
    },
    {
      "type": "Feature",
      "properties": {
        "@id": "way/1301878989",
        "highway": "primary",
        "lanes": "4",
        "lanes:bus": "1",
        "maxspeed": "RU:urban",
        "name": "проспект Ленина",
        "name:etymology:wikidata": "Q1394",
        "name:ru": "проспект Ленина",
        "oneway": "yes",
        "surface": "asphalt"
      },
      "geometry": {
        "type": "LineString",
        "coordinates": [
          [
            86.1317616,
            55.3447888
          ],
          [
            86.1322674,
            55.3447912
          ],
          [
            86.1340644,
            55.3448048
          ]
        ]
      },
      "id": "way/1301878989"
    },
    {
      "type": "Feature",
      "properties": {
        "@id": "way/1301878990",
        "highway": "primary",
        "lanes": "5",
        "lanes:bus": "1",
        "maxspeed": "RU:urban",
        "name": "проспект Ленина",
        "name:etymology:wikidata": "Q1394",
        "name:ru": "проспект Ленина",
        "oneway": "yes",
        "surface": "asphalt"
      },
      "geometry": {
        "type": "LineString",
        "coordinates": [
          [
            86.1334545,
            55.3449348
          ],
          [
            86.13304,
            55.3449318
          ],
          [
            86.1319952,
            55.3449222
          ],
          [
            86.1317614,
            55.3449171
          ],
          [
            86.1315412,
            55.344911
          ]
        ]
      },
      "id": "way/1301878990"
    },
    {
      "type": "Feature",
      "properties": {
        "@id": "way/1305176614",
        "highway": "secondary",
        "lanes": "2",
        "maxspeed": "RU:urban",
        "name": "Волгоградская улица"
      },
      "geometry": {
        "type": "LineString",
        "coordinates": [
          [
            86.1595286,
            55.3326172
          ],
          [
            86.1599753,
            55.3321121
          ],
          [
            86.1605903,
            55.3314578
          ],
          [
            86.1614012,
            55.3305363
          ],
          [
            86.1626295,
            55.3292081
          ]
        ]
      },
      "id": "way/1305176614"
    },
    {
      "type": "Feature",
      "properties": {
        "@id": "way/1306288927",
        "highway": "primary",
        "lanes": "2",
        "maxspeed": "40",
        "surface": "asphalt"
      },
      "geometry": {
        "type": "LineString",
        "coordinates": [
          [
            86.1118616,
            55.4082686
          ],
          [
            86.111153,
            55.40746
          ]
        ]
      },
      "id": "way/1306288927"
    },
    {
      "type": "Feature",
      "properties": {
        "@id": "way/1306463781",
        "highway": "secondary",
        "highway:category": "ru:IВ",
        "lanes": "2",
        "maxspeed": "90",
        "name": "Леснополянское шоссе",
        "oneway": "yes",
        "ref": "32К-590",
        "surface": "asphalt"
      },
      "geometry": {
        "type": "LineString",
        "coordinates": [
          [
            86.1990239,
            55.3980399
          ],
          [
            86.1993262,
            55.3985136
          ],
          [
            86.2021173,
            55.402275
          ],
          [
            86.2024373,
            55.4026497
          ],
          [
            86.2027068,
            55.4029223
          ],
          [
            86.2030037,
            55.4031874
          ],
          [
            86.2033344,
            55.4034486
          ],
          [
            86.2038012,
            55.4037706
          ],
          [
            86.2041885,
            55.4039997
          ],
          [
            86.2045844,
            55.4042077
          ],
          [
            86.2050028,
            55.4044064
          ],
          [
            86.2056026,
            55.4046501
          ],
          [
            86.2059228,
            55.4047673
          ],
          [
            86.207552,
            55.4052846
          ],
          [
            86.2297595,
            55.4119843
          ]
        ]
      },
      "id": "way/1306463781"
    },
    {
      "type": "Feature",
      "properties": {
        "@id": "way/1306463782",
        "highway": "secondary",
        "highway:category": "ru:IВ",
        "lanes": "2",
        "maxspeed": "90",
        "name": "Леснополянское шоссе",
        "oneway": "yes",
        "ref": "32К-590",
        "surface": "asphalt"
      },
      "geometry": {
        "type": "LineString",
        "coordinates": [
          [
            86.2237586,
            55.4103093
          ],
          [
            86.207464,
            55.4053922
          ],
          [
            86.206128,
            55.4049714
          ],
          [
            86.2058091,
            55.4048626
          ],
          [
            86.2055031,
            55.4047581
          ],
          [
            86.2051799,
            55.4046349
          ],
          [
            86.2047091,
            55.4044323
          ],
          [
            86.2042341,
            55.4041978
          ],
          [
            86.2038927,
            55.4040052
          ],
          [
            86.2036393,
            55.4038441
          ],
          [
            86.2033828,
            55.4036769
          ],
          [
            86.2031467,
            55.4035109
          ],
          [
            86.2028114,
            55.4032459
          ],
          [
            86.2024996,
            55.4029683
          ],
          [
            86.2022562,
            55.4027167
          ],
          [
            86.2020645,
            55.4025004
          ],
          [
            86.2017713,
            55.4021148
          ],
          [
            86.1971596,
            55.3958564
          ]
        ]
      },
      "id": "way/1306463782"
    },
    {
      "type": "Feature",
      "properties": {
        "@id": "way/1306465428",
        "highway": "secondary",
        "lanes": "2",
        "name": "Соборная улица",
        "oneway": "yes"
      },
      "geometry": {
        "type": "LineString",
        "coordinates": [
          [
            86.097399,
            55.3408448
          ],
          [
            86.0974131,
            55.3402354
          ]
        ]
      },
      "id": "way/1306465428"
    },
    {
      "type": "Feature",
      "properties": {
        "@id": "way/1308572865",
        "highway": "secondary",
        "lanes": "2",
        "name": "бульвар Строителей",
        "surface": "asphalt"
      },
      "geometry": {
        "type": "LineString",
        "coordinates": [
          [
            86.1756828,
            55.3330861
          ],
          [
            86.1757045,
            55.3330625
          ]
        ]
      },
      "id": "way/1308572865"
    },
    {
      "type": "Feature",
      "properties": {
        "@id": "way/1308572866",
        "highway": "secondary",
        "name": "улица Марковцева"
      },
      "geometry": {
        "type": "LineString",
        "coordinates": [
          [
            86.1754069,
            55.3330041
          ],
          [
            86.1751,
            55.332913
          ]
        ]
      },
      "id": "way/1308572866"
    },
    {
      "type": "Feature",
      "properties": {
        "@id": "way/1308997739",
        "highway": "secondary",
        "lanes": "4",
        "maxspeed": "RU:urban",
        "name": "Базовая улица"
      },
      "geometry": {
        "type": "LineString",
        "coordinates": [
          [
            86.0720359,
            55.3206851
          ],
          [
            86.0722068,
            55.3207983
          ],
          [
            86.0724417,
            55.3209539
          ],
          [
            86.0725895,
            55.3210442
          ],
          [
            86.072864,
            55.3212119
          ],
          [
            86.0734228,
            55.3215439
          ],
          [
            86.0735604,
            55.3216257
          ],
          [
            86.0739857,
            55.3218606
          ],
          [
            86.0743043,
            55.3220366
          ],
          [
            86.0748337,
            55.3223195
          ],
          [
            86.0749496,
            55.3223814
          ]
        ]
      },
      "id": "way/1308997739"
    },
    {
      "type": "Feature",
      "properties": {
        "@id": "way/1308999036",
        "highway": "primary",
        "lanes": "2",
        "maxspeed": "RU:urban",
        "name": "улица Юрия Двужильного",
        "oneway": "yes"
      },
      "geometry": {
        "type": "LineString",
        "coordinates": [
          [
            86.0991735,
            55.3168976
          ],
          [
            86.0993454,
            55.3170031
          ],
          [
            86.0998871,
            55.317412
          ]
        ]
      },
      "id": "way/1308999036"
    },
    {
      "type": "Feature",
      "properties": {
        "@id": "way/1308999037",
        "highway": "primary",
        "lanes": "2",
        "maxspeed": "RU:urban",
        "name": "улица Дружбы",
        "oneway": "yes"
      },
      "geometry": {
        "type": "LineString",
        "coordinates": [
          [
            86.0991735,
            55.3168976
          ],
          [
            86.0989211,
            55.316956
          ]
        ]
      },
      "id": "way/1308999037"
    },
    {
      "type": "Feature",
      "properties": {
        "@id": "way/1309511439",
        "highway": "primary",
        "lanes": "3",
        "maxspeed": "RU:urban",
        "name": "проспект Ленина",
        "name:etymology:wikidata": "Q1394",
        "name:ru": "проспект Ленина",
        "oneway": "yes",
        "surface": "asphalt"
      },
      "geometry": {
        "type": "LineString",
        "coordinates": [
          [
            86.0692357,
            55.3443651
          ],
          [
            86.0690797,
            55.3443641
          ],
          [
            86.0684839,
            55.3443585
          ],
          [
            86.0668133,
            55.3443427
          ],
          [
            86.0664941,
            55.3443382
          ]
        ]
      },
      "id": "way/1309511439"
    },
    {
      "type": "Feature",
      "properties": {
        "@id": "way/1310999994",
        "highway": "secondary",
        "lanes": "3",
        "maxspeed": "RU:urban",
        "name": "бульвар Строителей",
        "oneway": "yes",
        "surface": "asphalt"
      },
      "geometry": {
        "type": "LineString",
        "coordinates": [
          [
            86.173509,
            55.3374625
          ],
          [
            86.173186,
            55.337807
          ]
        ]
      },
      "id": "way/1310999994"
    },
    {
      "type": "Feature",
      "properties": {
        "@id": "way/1310999995",
        "bus_bay": "right",
        "highway": "secondary",
        "lanes": "3",
        "maxspeed": "RU:urban",
        "name": "бульвар Строителей",
        "oneway": "yes",
        "surface": "asphalt"
      },
      "geometry": {
        "type": "LineString",
        "coordinates": [
          [
            86.1740692,
            55.336865
          ],
          [
            86.1738683,
            55.3370915
          ],
          [
            86.173509,
            55.3374625
          ]
        ]
      },
      "id": "way/1310999995"
    },
    {
      "type": "Feature",
      "properties": {
        "@id": "way/1310999996",
        "highway": "secondary",
        "lanes": "3",
        "maxspeed": "RU:urban",
        "name": "бульвар Строителей",
        "oneway": "yes",
        "surface": "asphalt"
      },
      "geometry": {
        "type": "LineString",
        "coordinates": [
          [
            86.1764025,
            55.3343148
          ],
          [
            86.1763105,
            55.3344182
          ],
          [
            86.1761891,
            55.3345488
          ]
        ]
      },
      "id": "way/1310999996"
    },
    {
      "type": "Feature",
      "properties": {
        "@id": "way/1310999997",
        "bus_bay": "right",
        "highway": "secondary",
        "lanes": "3",
        "maxspeed": "RU:urban",
        "name": "бульвар Строителей",
        "oneway": "yes",
        "surface": "asphalt"
      },
      "geometry": {
        "type": "LineString",
        "coordinates": [
          [
            86.176892,
            55.3338157
          ],
          [
            86.1766415,
            55.3340765
          ],
          [
            86.1764025,
            55.3343148
          ]
        ]
      },
      "id": "way/1310999997"
    },
    {
      "type": "Feature",
      "properties": {
        "@id": "way/1311000099",
        "highway": "primary",
        "lanes": "4",
        "maxspeed": "RU:urban",
        "name": "Советский проспект",
        "name:ru": "Советский проспект",
        "oneway": "yes",
        "surface": "asphalt"
      },
      "geometry": {
        "type": "LineString",
        "coordinates": [
          [
            86.0741532,
            55.3580598
          ],
          [
            86.0726914,
            55.3583991
          ],
          [
            86.072612,
            55.3584168
          ]
        ]
      },
      "id": "way/1311000099"
    },
    {
      "type": "Feature",
      "properties": {
        "@id": "way/1311000100",
        "bus_bay": "right",
        "highway": "primary",
        "lanes": "4",
        "maxspeed": "RU:urban",
        "name": "Советский проспект",
        "name:ru": "Советский проспект",
        "oneway": "yes",
        "surface": "asphalt"
      },
      "geometry": {
        "type": "LineString",
        "coordinates": [
          [
            86.0755975,
            55.3577335
          ],
          [
            86.0750805,
            55.3578516
          ],
          [
            86.0741532,
            55.3580598
          ]
        ]
      },
      "id": "way/1311000100"
    },
    {
      "type": "Feature",
      "properties": {
        "@id": "way/1313150213",
        "highway": "primary",
        "lanes": "3",
        "maxspeed": "RU:urban",
        "name": "проспект Ленина",
        "name:etymology:wikidata": "Q1394",
        "name:ru": "проспект Ленина",
        "oneway": "yes",
        "surface": "asphalt"
      },
      "geometry": {
        "type": "LineString",
        "coordinates": [
          [
            86.0746552,
            55.3444099
          ],
          [
            86.0736301,
            55.3444011
          ],
          [
            86.0722042,
            55.3443889
          ]
        ]
      },
      "id": "way/1313150213"
    },
    {
      "type": "Feature",
      "properties": {
        "@id": "way/1314423500",
        "highway": "primary",
        "lanes": "2",
        "maxspeed": "RU:urban",
        "name": "проспект Шахтёров",
        "oneway": "yes",
        "surface": "asphalt"
      },
      "geometry": {
        "type": "LineString",
        "coordinates": [
          [
            86.089248,
            55.3854154
          ],
          [
            86.0893795,
            55.3854523
          ]
        ]
      },
      "id": "way/1314423500"
    },
    {
      "type": "Feature",
      "properties": {
        "@id": "way/1314423501",
        "highway": "primary",
        "lanes": "2",
        "maxspeed": "RU:urban",
        "name": "Логовое шоссе",
        "oneway": "yes",
        "surface": "asphalt"
      },
      "geometry": {
        "type": "LineString",
        "coordinates": [
          [
            86.0893795,
            55.3854523
          ],
          [
            86.0894031,
            55.385509
          ],
          [
            86.0894795,
            55.385695
          ]
        ]
      },
      "id": "way/1314423501"
    },
    {
      "type": "Feature",
      "properties": {
        "@id": "way/1314423502",
        "hgv": "no @ (07:00-20:00)",
        "highway": "primary",
        "lanes": "2",
        "maxspeed": "RU:urban",
        "name": "Логовое шоссе",
        "oneway": "yes",
        "surface": "asphalt"
      },
      "geometry": {
        "type": "LineString",
        "coordinates": [
          [
            86.0839789,
            55.3768192
          ],
          [
            86.0834647,
            55.3766899
          ],
          [
            86.0832698,
            55.3766337
          ],
          [
            86.0830853,
            55.376574
          ],
          [
            86.0829248,
            55.3765079
          ],
          [
            86.08275,
            55.3764199
          ],
          [
            86.0826514,
            55.376365
          ],
          [
            86.0825668,
            55.3763057
          ],
          [
            86.0822731,
            55.3760896
          ],
          [
            86.0820513,
            55.375897
          ],
          [
            86.0819108,
            55.3757326
          ],
          [
            86.0818152,
            55.3755897
          ],
          [
            86.081585,
            55.3751931
          ],
          [
            86.0814368,
            55.3749895
          ],
          [
            86.0812051,
            55.3746824
          ],
          [
            86.0807018,
            55.3740891
          ]
        ]
      },
      "id": "way/1314423502"
    },
    {
      "type": "Feature",
      "properties": {
        "@id": "way/1314423503",
        "goods": "no",
        "hgv": "no",
        "highway": "secondary",
        "lanes": "2",
        "maxspeed": "60",
        "name": "улица Суворова",
        "surface": "asphalt"
      },
      "geometry": {
        "type": "LineString",
        "coordinates": [
          [
            86.0839789,
            55.3768192
          ],
          [
            86.0840377,
            55.3767729
          ]
        ]
      },
      "id": "way/1314423503"
    },
    {
      "type": "Feature",
      "properties": {
        "@id": "way/1314423504",
        "highway": "primary",
        "lanes": "2",
        "maxspeed": "RU:urban",
        "name": "Логовое шоссе",
        "oneway": "yes",
        "surface": "asphalt"
      },
      "geometry": {
        "type": "LineString",
        "coordinates": [
          [
            86.0810292,
            55.3742753
          ],
          [
            86.0813211,
            55.3746565
          ],
          [
            86.0815176,
            55.3749203
          ],
          [
            86.0816982,
            55.375177
          ],
          [
            86.0819236,
            55.3755619
          ],
          [
            86.0820158,
            55.3757161
          ],
          [
            86.0821491,
            55.3758697
          ],
          [
            86.0823735,
            55.3760601
          ],
          [
            86.0826217,
            55.3762515
          ],
          [
            86.0827603,
            55.3763451
          ],
          [
            86.0828809,
            55.3764074
          ],
          [
            86.0830081,
            55.3764698
          ],
          [
            86.0831433,
            55.3765244
          ],
          [
            86.0833301,
            55.3765904
          ],
          [
            86.0835262,
            55.376647
          ],
          [
            86.0839813,
            55.376759
          ],
          [
            86.0840377,
            55.3767729
          ]
        ]
      },
      "id": "way/1314423504"
    },
    {
      "type": "Feature",
      "properties": {
        "@id": "way/1314423505",
        "highway": "primary",
        "lanes": "3",
        "maxspeed": "RU:urban",
        "name": "Логовое шоссе",
        "oneway": "yes",
        "surface": "asphalt"
      },
      "geometry": {
        "type": "LineString",
        "coordinates": [
          [
            86.0788966,
            55.3718558
          ],
          [
            86.079079,
            55.3721045
          ],
          [
            86.0793286,
            55.3723874
          ],
          [
            86.0794129,
            55.3724751
          ],
          [
            86.0797308,
            55.3728059
          ],
          [
            86.0800647,
            55.3731377
          ],
          [
            86.0806344,
            55.373777
          ],
          [
            86.0808804,
            55.3740796
          ],
          [
            86.0810292,
            55.3742753
          ]
        ]
      },
      "id": "way/1314423505"
    },
    {
      "type": "Feature",
      "properties": {
        "@id": "way/1314423506",
        "hgv": "no @ (07:00-20:00)",
        "highway": "primary",
        "lanes": "3",
        "maxspeed": "40",
        "name": "Логовое шоссе",
        "oneway": "yes",
        "surface": "asphalt"
      },
      "geometry": {
        "type": "LineString",
        "coordinates": [
          [
            86.0807018,
            55.3740891
          ],
          [
            86.0803533,
            55.3737273
          ],
          [
            86.0801625,
            55.3735554
          ],
          [
            86.0798191,
            55.373246
          ],
          [
            86.0790523,
            55.3724867
          ]
        ]
      },
      "id": "way/1314423506"
    },
    {
      "type": "Feature",
      "properties": {
        "@id": "way/1314429777",
        "highway": "primary",
        "lanes": "3",
        "maxspeed": "RU:urban",
        "name": "Логовое шоссе",
        "oneway": "yes",
        "surface": "asphalt"
      },
      "geometry": {
        "type": "LineString",
        "coordinates": [
          [
            86.0885975,
            55.3841033
          ],
          [
            86.089211,
            55.3851284
          ],
          [
            86.0893795,
            55.3854523
          ]
        ]
      },
      "id": "way/1314429777"
    },
    {
      "type": "Feature",
      "properties": {
        "@id": "way/1316871613",
        "highway": "primary",
        "lanes": "2",
        "maxspeed": "RU:urban",
        "name": "улица Терешковой",
        "name:etymology:wikidata": "Q44371",
        "oneway": "yes",
        "surface": "asphalt"
      },
      "geometry": {
        "type": "LineString",
        "coordinates": [
          [
            86.1435551,
            55.3349861
          ],
          [
            86.1426339,
            55.3359749
          ]
        ]
      },
      "id": "way/1316871613"
    },
    {
      "type": "Feature",
      "properties": {
        "@id": "way/1316871615",
        "highway": "primary",
        "lanes": "2",
        "maxspeed": "RU:urban",
        "name": "улица Терешковой",
        "name:etymology:wikidata": "Q44371",
        "oneway": "yes",
        "surface": "asphalt"
      },
      "geometry": {
        "type": "LineString",
        "coordinates": [
          [
            86.1426339,
            55.3359749
          ],
          [
            86.1423039,
            55.3363072
          ],
          [
            86.1421337,
            55.3364737
          ]
        ]
      },
      "id": "way/1316871615"
    },
    {
      "type": "Feature",
      "properties": {
        "@id": "way/1316871616",
        "highway": "secondary",
        "lanes": "3",
        "maxspeed": "RU:urban",
        "name": "проспект Химиков",
        "oneway": "yes",
        "surface": "asphalt"
      },
      "geometry": {
        "type": "LineString",
        "coordinates": [
          [
            86.1445826,
            55.3338869
          ],
          [
            86.1447618,
            55.3339426
          ],
          [
            86.145308,
            55.3341038
          ],
          [
            86.145453,
            55.3341475
          ],
          [
            86.1475632,
            55.3347794
          ],
          [
            86.1481698,
            55.3349636
          ],
          [
            86.1490272,
            55.3352178
          ],
          [
            86.1500104,
            55.3355103
          ],
          [
            86.1502787,
            55.3355914
          ],
          [
            86.1520748,
            55.3361343
          ]
        ]
      },
      "id": "way/1316871616"
    },
    {
      "type": "Feature",
      "properties": {
        "@id": "way/1316871617",
        "highway": "secondary",
        "lanes": "3",
        "maxspeed": "RU:urban",
        "name": "проспект Химиков",
        "oneway": "yes",
        "surface": "asphalt"
      },
      "geometry": {
        "type": "LineString",
        "coordinates": [
          [
            86.1442152,
            55.3337835
          ],
          [
            86.1444231,
            55.3338392
          ],
          [
            86.1444842,
            55.3338574
          ],
          [
            86.1445826,
            55.3338869
          ]
        ]
      },
      "id": "way/1316871617"
    },
    {
      "type": "Feature",
      "properties": {
        "@id": "way/1316871620",
        "highway": "secondary",
        "lanes": "3",
        "maxspeed": "RU:urban",
        "name": "проспект Химиков",
        "oneway": "yes",
        "surface": "asphalt"
      },
      "geometry": {
        "type": "LineString",
        "coordinates": [
          [
            86.1441578,
            55.3338477
          ],
          [
            86.1439761,
            55.3337932
          ],
          [
            86.1434899,
            55.3336466
          ],
          [
            86.14275,
            55.3334234
          ],
          [
            86.1420284,
            55.3332058
          ],
          [
            86.1402262,
            55.3326751
          ],
          [
            86.1385057,
            55.3321504
          ],
          [
            86.1379848,
            55.3319915
          ],
          [
            86.1374504,
            55.3318286
          ],
          [
            86.1370201,
            55.3316973
          ],
          [
            86.1364272,
            55.3315165
          ],
          [
            86.1356929,
            55.3312951
          ],
          [
            86.1351145,
            55.3311206
          ],
          [
            86.1322515,
            55.3302462
          ],
          [
            86.1320345,
            55.3301835
          ],
          [
            86.1319113,
            55.3301471
          ],
          [
            86.1315824,
            55.3300463
          ]
        ]
      },
      "id": "way/1316871620"
    },
    {
      "type": "Feature",
      "properties": {
        "@id": "way/1316871621",
        "highway": "primary",
        "lanes": "3",
        "maxspeed": "RU:urban",
        "name": "улица Терешковой",
        "name:etymology:wikidata": "Q44371",
        "oneway": "yes",
        "surface": "asphalt"
      },
      "geometry": {
        "type": "LineString",
        "coordinates": [
          [
            86.144515,
            55.3339557
          ],
          [
            86.1443823,
            55.3340981
          ],
          [
            86.1437419,
            55.3347855
          ],
          [
            86.1435551,
            55.3349861
          ]
        ]
      },
      "id": "way/1316871621"
    },
    {
      "type": "Feature",
      "properties": {
        "@id": "way/1316871622",
        "highway": "secondary",
        "lanes": "3",
        "maxspeed": "RU:urban",
        "name": "проспект Химиков",
        "oneway": "yes",
        "surface": "asphalt"
      },
      "geometry": {
        "type": "LineString",
        "coordinates": [
          [
            86.144515,
            55.3339557
          ],
          [
            86.1444158,
            55.3339258
          ],
          [
            86.144358,
            55.3339084
          ],
          [
            86.1441578,
            55.3338477
          ]
        ]
      },
      "id": "way/1316871622"
    },
    {
      "type": "Feature",
      "properties": {
        "@id": "way/1317845533",
        "highway": "primary",
        "lanes": "2",
        "maxspeed": "60",
        "name": "улица Тухачевского",
        "oneway": "yes"
      },
      "geometry": {
        "type": "LineString",
        "coordinates": [
          [
            86.131885,
            55.3362679
          ],
          [
            86.1318839,
            55.3363221
          ],
          [
            86.1318842,
            55.3363532
          ],
          [
            86.1318853,
            55.3363829
          ],
          [
            86.131886,
            55.3364116
          ],
          [
            86.1318841,
            55.336514
          ],
          [
            86.1318649,
            55.3370023
          ],
          [
            86.1318523,
            55.337254
          ],
          [
            86.1318236,
            55.3380533
          ],
          [
            86.1317734,
            55.3396285
          ],
          [
            86.1317713,
            55.3396933
          ],
          [
            86.1317673,
            55.3398178
          ],
          [
            86.1317311,
            55.3406726
          ],
          [
            86.1316513,
            55.3425561
          ],
          [
            86.1315816,
            55.3436718
          ],
          [
            86.1315629,
            55.3445123
          ],
          [
            86.1315606,
            55.3446173
          ],
          [
            86.1315651,
            55.344785
          ]
        ]
      },
      "id": "way/1317845533"
    },
    {
      "type": "Feature",
      "properties": {
        "@id": "way/1318052316",
        "highway": "primary",
        "lanes": "2",
        "maxspeed": "60",
        "name": "улица Тухачевского",
        "oneway": "yes"
      },
      "geometry": {
        "type": "LineString",
        "coordinates": [
          [
            86.1319374,
            55.3337337
          ],
          [
            86.1319329,
            55.3338851
          ],
          [
            86.1319234,
            55.3344076
          ],
          [
            86.1319224,
            55.3344257
          ],
          [
            86.131892,
            55.3349916
          ],
          [
            86.1318827,
            55.3355187
          ],
          [
            86.1318883,
            55.3361824
          ],
          [
            86.131885,
            55.3362679
          ]
        ]
      },
      "id": "way/1318052316"
    },
    {
      "type": "Feature",
      "properties": {
        "@id": "way/1318244026",
        "highway": "secondary",
        "maxspeed": "RU:urban",
        "name": "Волгоградская улица",
        "name:uk": "Волгоградська вулиця",
        "surface": "asphalt"
      },
      "geometry": {
        "type": "LineString",
        "coordinates": [
          [
            86.1496177,
            55.3433369
          ],
          [
            86.149678,
            55.3432816
          ],
          [
            86.1497481,
            55.343209
          ]
        ]
      },
      "id": "way/1318244026"
    },
    {
      "type": "Feature",
      "properties": {
        "@id": "way/1318244027",
        "highway": "secondary",
        "maxspeed": "RU:urban",
        "name": "Волгоградская улица",
        "name:uk": "Волгоградська вулиця",
        "surface": "asphalt"
      },
      "geometry": {
        "type": "LineString",
        "coordinates": [
          [
            86.1497481,
            55.343209
          ],
          [
            86.1508613,
            55.3420899
          ]
        ]
      },
      "id": "way/1318244027"
    },
    {
      "type": "Feature",
      "properties": {
        "@id": "way/1319375271",
        "highway": "secondary",
        "highway:category": "ru:IВ",
        "lanes": "2",
        "maxspeed": "70",
        "name": "Леснополянское шоссе",
        "oneway": "yes",
        "ref": "32К-590",
        "surface": "asphalt"
      },
      "geometry": {
        "type": "LineString",
        "coordinates": [
          [
            86.1835895,
            55.3870033
          ],
          [
            86.1841173,
            55.3869498
          ],
          [
            86.1845121,
            55.3869139
          ],
          [
            86.1849776,
            55.38689
          ],
          [
            86.1850968,
            55.3868869
          ],
          [
            86.1852907,
            55.3868819
          ],
          [
            86.185605,
            55.3868823
          ],
          [
            86.1858893,
            55.3868863
          ],
          [
            86.1860503,
            55.3868903
          ],
          [
            86.1862224,
            55.3868952
          ],
          [
            86.1864541,
            55.386908
          ],
          [
            86.1866906,
            55.3869267
          ],
          [
            86.1869229,
            55.3869495
          ],
          [
            86.1871887,
            55.3869795
          ],
          [
            86.1874532,
            55.3870168
          ],
          [
            86.1877232,
            55.3870591
          ],
          [
            86.1880889,
            55.3871268
          ],
          [
            86.1884322,
            55.3872002
          ],
          [
            86.1887773,
            55.3872858
          ],
          [
            86.1891733,
            55.3873939
          ],
          [
            86.1893879,
            55.3874618
          ],
          [
            86.1896814,
            55.38757
          ],
          [
            86.1899251,
            55.3876713
          ],
          [
            86.1901511,
            55.3877684
          ],
          [
            86.1904249,
            55.3878852
          ],
          [
            86.1905811,
            55.3879584
          ],
          [
            86.1909471,
            55.3881289
          ],
          [
            86.1912929,
            55.3883423
          ],
          [
            86.1915979,
            55.3885488
          ],
          [
            86.1919711,
            55.388825
          ],
          [
            86.1923506,
            55.389154
          ],
          [
            86.1927395,
            55.3895681
          ],
          [
            86.1931175,
            55.3900545
          ]
        ]
      },
      "id": "way/1319375271"
    },
    {
      "type": "Feature",
      "properties": {
        "@id": "way/1319375272",
        "highway": "secondary",
        "highway:category": "ru:IВ",
        "lanes": "2",
        "maxspeed": "70",
        "name": "Леснополянское шоссе",
        "oneway": "yes",
        "ref": "32К-590",
        "surface": "asphalt"
      },
      "geometry": {
        "type": "LineString",
        "coordinates": [
          [
            86.1929309,
            55.3900845
          ],
          [
            86.1927168,
            55.3898056
          ],
          [
            86.1925694,
            55.3896074
          ],
          [
            86.1921507,
            55.3891826
          ],
          [
            86.1917716,
            55.3888696
          ],
          [
            86.1914508,
            55.3886214
          ],
          [
            86.1911526,
            55.3884152
          ],
          [
            86.1908311,
            55.388217
          ],
          [
            86.1904769,
            55.3880448
          ],
          [
            86.1900339,
            55.3878517
          ],
          [
            86.1897973,
            55.3877524
          ],
          [
            86.1895308,
            55.3876434
          ],
          [
            86.1893015,
            55.3875577
          ],
          [
            86.1890498,
            55.3874806
          ],
          [
            86.1887241,
            55.3873959
          ],
          [
            86.1883611,
            55.387308
          ],
          [
            86.1880109,
            55.3872311
          ],
          [
            86.1877126,
            55.3871758
          ],
          [
            86.1874004,
            55.3871262
          ],
          [
            86.18714,
            55.3870875
          ],
          [
            86.1869095,
            55.3870616
          ],
          [
            86.1866786,
            55.3870395
          ],
          [
            86.1864338,
            55.3870222
          ],
          [
            86.1861986,
            55.38701
          ],
          [
            86.1859068,
            55.3870003
          ],
          [
            86.1855732,
            55.3869939
          ],
          [
            86.1852827,
            55.3869932
          ],
          [
            86.1849719,
            55.3870003
          ],
          [
            86.184544,
            55.3870222
          ],
          [
            86.1841502,
            55.3870606
          ],
          [
            86.1836329,
            55.3871126
          ]
        ]
      },
      "id": "way/1319375272"
    },
    {
      "type": "Feature",
      "properties": {
        "@id": "way/1319375274",
        "highway": "secondary",
        "lanes": "2",
        "maxspeed": "40",
        "name": "проспект Владимира Михайлова",
        "surface": "asphalt"
      },
      "geometry": {
        "type": "LineString",
        "coordinates": [
          [
            86.2255039,
            55.4286822
          ],
          [
            86.2252199,
            55.4288423
          ],
          [
            86.2248726,
            55.429031
          ],
          [
            86.2245253,
            55.429215
          ],
          [
            86.2241994,
            55.429375
          ],
          [
            86.2238753,
            55.4295291
          ],
          [
            86.2233774,
            55.4297482
          ],
          [
            86.2226285,
            55.4300742
          ],
          [
            86.2219746,
            55.4303409
          ],
          [
            86.221742,
            55.4304313
          ],
          [
            86.2208861,
            55.4307507
          ],
          [
            86.2203987,
            55.430906
          ]
        ]
      },
      "id": "way/1319375274"
    },
    {
      "type": "Feature",
      "properties": {
        "@id": "way/1319458773",
        "highway": "secondary",
        "lanes": "2",
        "name": "Инициативная улица",
        "surface": "asphalt"
      },
      "geometry": {
        "type": "LineString",
        "coordinates": [
          [
            86.0278528,
            55.4005017
          ],
          [
            86.028109,
            55.4005105
          ]
        ]
      },
      "id": "way/1319458773"
    },
    {
      "type": "Feature",
      "properties": {
        "@id": "way/1319458774",
        "highway": "secondary",
        "lanes": "2",
        "name": "Инициативная улица",
        "surface": "asphalt"
      },
      "geometry": {
        "type": "LineString",
        "coordinates": [
          [
            86.0282011,
            55.4005138
          ],
          [
            86.0286921,
            55.4005311
          ],
          [
            86.0290302,
            55.400554
          ],
          [
            86.0292733,
            55.4005901
          ],
          [
            86.0295788,
            55.400666
          ],
          [
            86.0305694,
            55.4010269
          ],
          [
            86.0306471,
            55.401056
          ],
          [
            86.0316674,
            55.4014377
          ],
          [
            86.0327335,
            55.4017943
          ],
          [
            86.0331649,
            55.40192
          ],
          [
            86.0343871,
            55.4023244
          ],
          [
            86.0344685,
            55.4023504
          ],
          [
            86.0360301,
            55.4028495
          ],
          [
            86.0368738,
            55.4031192
          ]
        ]
      },
      "id": "way/1319458774"
    },
    {
      "type": "Feature",
      "properties": {
        "@id": "way/1319458775",
        "highway": "secondary",
        "lanes": "2",
        "name": "Инициативная улица",
        "surface": "asphalt"
      },
      "geometry": {
        "type": "LineString",
        "coordinates": [
          [
            86.028109,
            55.4005105
          ],
          [
            86.0282011,
            55.4005138
          ]
        ]
      },
      "id": "way/1319458775"
    },
    {
      "type": "Feature",
      "properties": {
        "@id": "way/1319458777",
        "highway": "secondary",
        "lanes": "2",
        "name": "Инициативная улица",
        "surface": "asphalt"
      },
      "geometry": {
        "type": "LineString",
        "coordinates": [
          [
            86.0272814,
            55.4004822
          ],
          [
            86.0278528,
            55.4005017
          ]
        ]
      },
      "id": "way/1319458777"
    },
    {
      "type": "Feature",
      "properties": {
        "@id": "way/1319529961",
        "highway": "secondary",
        "lanes": "2",
        "name": "Инициативная улица"
      },
      "geometry": {
        "type": "LineString",
        "coordinates": [
          [
            86.040835,
            55.4043975
          ],
          [
            86.0406825,
            55.4043476
          ]
        ]
      },
      "id": "way/1319529961"
    },
    {
      "type": "Feature",
      "properties": {
        "@id": "way/1320580481",
        "highway": "secondary",
        "lanes": "4",
        "maxspeed": "40",
        "name": "Космическая улица"
      },
      "geometry": {
        "type": "LineString",
        "coordinates": [
          [
            86.0890966,
            55.316954
          ],
          [
            86.0889833,
            55.3170223
          ]
        ]
      },
      "id": "way/1320580481"
    },
    {
      "type": "Feature",
      "properties": {
        "@id": "way/1320580482",
        "highway": "secondary",
        "lanes": "4",
        "maxspeed": "40",
        "name": "Космическая улица"
      },
      "geometry": {
        "type": "LineString",
        "coordinates": [
          [
            86.0889833,
            55.3170223
          ],
          [
            86.087956,
            55.3176528
          ],
          [
            86.0878533,
            55.3177158
          ],
          [
            86.0877415,
            55.3178248
          ]
        ]
      },
      "id": "way/1320580482"
    },
    {
      "type": "Feature",
      "properties": {
        "@id": "way/1320580483",
        "highway": "secondary",
        "lanes": "4",
        "maxspeed": "40",
        "name": "Космическая улица"
      },
      "geometry": {
        "type": "LineString",
        "coordinates": [
          [
            86.0895432,
            55.3166832
          ],
          [
            86.0890966,
            55.316954
          ]
        ]
      },
      "id": "way/1320580483"
    },
    {
      "type": "Feature",
      "properties": {
        "@id": "way/1320580484",
        "highway": "secondary",
        "lanes": "4",
        "maxspeed": "40",
        "name": "Космическая улица"
      },
      "geometry": {
        "type": "LineString",
        "coordinates": [
          [
            86.0897182,
            55.3165729
          ],
          [
            86.0895432,
            55.3166832
          ]
        ]
      },
      "id": "way/1320580484"
    },
    {
      "type": "Feature",
      "properties": {
        "@id": "way/1320580485",
        "highway": "secondary",
        "lanes": "4",
        "maxspeed": "40",
        "name": "Космическая улица"
      },
      "geometry": {
        "type": "LineString",
        "coordinates": [
          [
            86.0902249,
            55.3162634
          ],
          [
            86.0901863,
            55.3162851
          ],
          [
            86.0899152,
            55.3164497
          ],
          [
            86.0897525,
            55.3165535
          ],
          [
            86.0897182,
            55.3165729
          ]
        ]
      },
      "id": "way/1320580485"
    },
    {
      "type": "Feature",
      "properties": {
        "@id": "way/1320580486",
        "highway": "secondary",
        "lanes": "4",
        "maxspeed": "40",
        "name": "Космическая улица"
      },
      "geometry": {
        "type": "LineString",
        "coordinates": [
          [
            86.0905494,
            55.3160639
          ],
          [
            86.0902249,
            55.3162634
          ]
        ]
      },
      "id": "way/1320580486"
    },
    {
      "type": "Feature",
      "properties": {
        "@id": "way/1320580487",
        "highway": "secondary",
        "lanes": "4",
        "maxspeed": "40",
        "name": "Космическая улица"
      },
      "geometry": {
        "type": "LineString",
        "coordinates": [
          [
            86.0917387,
            55.3153335
          ],
          [
            86.0912154,
            55.3156542
          ],
          [
            86.0905494,
            55.3160639
          ]
        ]
      },
      "id": "way/1320580487"
    },
    {
      "type": "Feature",
      "properties": {
        "@id": "way/1320580488",
        "highway": "secondary",
        "lanes": "4",
        "maxspeed": "40",
        "name": "Космическая улица"
      },
      "geometry": {
        "type": "LineString",
        "coordinates": [
          [
            86.0930858,
            55.3144974
          ],
          [
            86.0924561,
            55.3148906
          ],
          [
            86.0917387,
            55.3153335
          ]
        ]
      },
      "id": "way/1320580488"
    },
    {
      "type": "Feature",
      "properties": {
        "@id": "way/1320611088",
        "highway": "primary",
        "lanes": "5",
        "lanes:backward": "2",
        "lanes:forward": "3",
        "maxspeed": "RU:urban",
        "name": "улица Баумана"
      },
      "geometry": {
        "type": "LineString",
        "coordinates": [
          [
            86.0980351,
            55.3174955
          ],
          [
            86.0985445,
            55.3171766
          ],
          [
            86.0986903,
            55.3170853
          ],
          [
            86.0989211,
            55.316956
          ]
        ]
      },
      "id": "way/1320611088"
    },
    {
      "type": "Feature",
      "properties": {
        "@id": "way/1320611089",
        "highway": "primary",
        "lanes": "5",
        "lanes:backward": "2",
        "lanes:forward": "3",
        "maxspeed": "RU:urban",
        "name": "улица Баумана"
      },
      "geometry": {
        "type": "LineString",
        "coordinates": [
          [
            86.0978354,
            55.3176193
          ],
          [
            86.0980351,
            55.3174955
          ]
        ]
      },
      "id": "way/1320611089"
    },
    {
      "type": "Feature",
      "properties": {
        "@id": "way/1320611092",
        "highway": "primary",
        "lanes": "5",
        "lanes:backward": "2",
        "lanes:forward": "3",
        "maxspeed": "RU:urban",
        "name": "улица Баумана"
      },
      "geometry": {
        "type": "LineString",
        "coordinates": [
          [
            86.0973704,
            55.317905
          ],
          [
            86.0978354,
            55.3176193
          ]
        ]
      },
      "id": "way/1320611092"
    },
    {
      "type": "Feature",
      "properties": {
        "@id": "way/1320611093",
        "highway": "primary",
        "lanes": "6",
        "maxspeed": "RU:urban",
        "name": "улица Баумана"
      },
      "geometry": {
        "type": "LineString",
        "coordinates": [
          [
            86.0957521,
            55.3189022
          ],
          [
            86.0961364,
            55.3186644
          ],
          [
            86.0963743,
            55.3185197
          ],
          [
            86.097063,
            55.3180906
          ]
        ]
      },
      "id": "way/1320611093"
    },
    {
      "type": "Feature",
      "properties": {
        "@id": "way/1320611094",
        "highway": "primary",
        "lanes": "5",
        "lanes:backward": "3",
        "lanes:forward": "2",
        "maxspeed": "RU:urban",
        "name": "улица Баумана"
      },
      "geometry": {
        "type": "LineString",
        "coordinates": [
          [
            86.0948433,
            55.3194724
          ],
          [
            86.0950419,
            55.319352
          ]
        ]
      },
      "id": "way/1320611094"
    },
    {
      "type": "Feature",
      "properties": {
        "@id": "way/1320611095",
        "highway": "primary",
        "lanes": "3",
        "lanes:backward": "1",
        "lanes:forward": "2",
        "maxspeed": "RU:urban",
        "name": "улица Баумана"
      },
      "geometry": {
        "type": "LineString",
        "coordinates": [
          [
            86.0922073,
            55.3211068
          ],
          [
            86.0926336,
            55.3208422
          ],
          [
            86.0926602,
            55.3208254
          ],
          [
            86.0927487,
            55.3207696
          ],
          [
            86.0929352,
            55.3206528
          ]
        ]
      },
      "id": "way/1320611095"
    },
    {
      "type": "Feature",
      "properties": {
        "@id": "way/1320611096",
        "highway": "primary",
        "lanes": "2",
        "maxspeed": "RU:urban",
        "name": "улица Баумана"
      },
      "geometry": {
        "type": "LineString",
        "coordinates": [
          [
            86.0834421,
            55.3261078
          ],
          [
            86.0839824,
            55.3258273
          ],
          [
            86.0851674,
            55.3251843
          ],
          [
            86.0863706,
            55.3245328
          ],
          [
            86.0871784,
            55.3240998
          ],
          [
            86.0874231,
            55.3239687
          ],
          [
            86.087572,
            55.3238889
          ],
          [
            86.0879646,
            55.323679
          ],
          [
            86.0883287,
            55.3234708
          ],
          [
            86.0887802,
            55.3232127
          ],
          [
            86.0899637,
            55.3224885
          ],
          [
            86.0917347,
            55.3213932
          ]
        ]
      },
      "id": "way/1320611096"
    },
    {
      "type": "Feature",
      "properties": {
        "@id": "way/1320611097",
        "highway": "primary",
        "lanes": "2",
        "maxspeed": "RU:urban",
        "name": "Базовая улица"
      },
      "geometry": {
        "type": "LineString",
        "coordinates": [
          [
            86.0819875,
            55.3260764
          ],
          [
            86.0820756,
            55.3261246
          ],
          [
            86.0821539,
            55.3261663
          ]
        ]
      },
      "id": "way/1320611097"
    },
    {
      "type": "Feature",
      "properties": {
        "@id": "way/1320611098",
        "highway": "primary",
        "lanes": "2",
        "maxspeed": "RU:urban",
        "name": "Базовая улица"
      },
      "geometry": {
        "type": "LineString",
        "coordinates": [
          [
            86.0788052,
            55.3243918
          ],
          [
            86.0797788,
            55.3248954
          ],
          [
            86.0799047,
            55.3249623
          ],
          [
            86.0804292,
            55.3252409
          ],
          [
            86.0812972,
            55.3257044
          ],
          [
            86.0814654,
            55.3257943
          ],
          [
            86.0819875,
            55.3260764
          ]
        ]
      },
      "id": "way/1320611098"
    },
    {
      "type": "Feature",
      "properties": {
        "@id": "way/1320611099",
        "highway": "secondary",
        "lanes": "4",
        "maxspeed": "RU:urban",
        "name": "Базовая улица"
      },
      "geometry": {
        "type": "LineString",
        "coordinates": [
          [
            86.0749496,
            55.3223814
          ],
          [
            86.0759317,
            55.3229062
          ],
          [
            86.0760101,
            55.3229481
          ]
        ]
      },
      "id": "way/1320611099"
    },
    {
      "type": "Feature",
      "properties": {
        "@id": "way/1322836370",
        "highway": "primary",
        "lanes": "2",
        "maxspeed": "RU:urban",
        "name": "улица Тухачевского",
        "oneway": "yes",
        "surface": "asphalt"
      },
      "geometry": {
        "type": "LineString",
        "coordinates": [
          [
            86.13543,
            55.3155126
          ],
          [
            86.1343653,
            55.3176995
          ],
          [
            86.1343228,
            55.3177867
          ],
          [
            86.1343176,
            55.3177971
          ]
        ]
      },
      "id": "way/1322836370"
    },
    {
      "type": "Feature",
      "properties": {
        "@id": "way/1323995568",
        "highway": "secondary",
        "lanes": "2",
        "name": "Соборная улица",
        "oneway": "yes"
      },
      "geometry": {
        "type": "LineString",
        "coordinates": [
          [
            86.0975362,
            55.3379332
          ],
          [
            86.0975482,
            55.3374138
          ]
        ]
      },
      "id": "way/1323995568"
    },
    {
      "type": "Feature",
      "properties": {
        "@id": "way/1324938115",
        "highway": "secondary",
        "oneway": "yes"
      },
      "geometry": {
        "type": "LineString",
        "coordinates": [
          [
            86.1939408,
            55.3357619
          ],
          [
            86.1939888,
            55.3343438
          ]
        ]
      },
      "id": "way/1324938115"
    },
    {
      "type": "Feature",
      "properties": {
        "@id": "way/1324938116",
        "highway": "secondary",
        "oneway": "yes"
      },
      "geometry": {
        "type": "LineString",
        "coordinates": [
          [
            86.1941236,
            55.3343407
          ],
          [
            86.194081,
            55.3357974
          ]
        ]
      },
      "id": "way/1324938116"
    },
    {
      "type": "Feature",
      "properties": {
        "@id": "way/1330087996",
        "highway": "primary",
        "lanes": "2",
        "maxspeed": "RU:urban",
        "name": "улица Тухачевского",
        "oneway": "yes",
        "surface": "asphalt"
      },
      "geometry": {
        "type": "LineString",
        "coordinates": [
          [
            86.1384831,
            55.3092285
          ],
          [
            86.1379008,
            55.3104314
          ],
          [
            86.1378247,
            55.3105885
          ],
          [
            86.1362772,
            55.3137727
          ],
          [
            86.1355127,
            55.3153428
          ],
          [
            86.13543,
            55.3155126
          ]
        ]
      },
      "id": "way/1330087996"
    },
    {
      "type": "Feature",
      "properties": {
        "@id": "way/1331173811",
        "highway": "primary",
        "lanes": "2",
        "maxspeed": "RU:urban",
        "name": "проспект Шахтёров",
        "oneway": "yes",
        "surface": "asphalt"
      },
      "geometry": {
        "type": "LineString",
        "coordinates": [
          [
            86.1191302,
            55.4025143
          ],
          [
            86.11897,
            55.4023292
          ],
          [
            86.1178887,
            55.4010798
          ],
          [
            86.1168856,
            55.4000575
          ],
          [
            86.1166961,
            55.3998409
          ],
          [
            86.1158789,
            55.3989815
          ],
          [
            86.115223,
            55.3983134
          ],
          [
            86.1143025,
            55.3974129
          ]
        ]
      },
      "id": "way/1331173811"
    },
    {
      "type": "Feature",
      "properties": {
        "@id": "way/1331175615",
        "highway": "primary",
        "lanes": "3",
        "maxspeed": "RU:urban",
        "name": "Кузнецкий проспект",
        "oneway": "yes"
      },
      "geometry": {
        "type": "LineString",
        "coordinates": [
          [
            86.0625059,
            55.350169
          ],
          [
            86.0634289,
            55.3514513
          ]
        ]
      },
      "id": "way/1331175615"
    },
    {
      "type": "Feature",
      "properties": {
        "@id": "way/1331175617",
        "highway": "primary",
        "lanes": "3",
        "maxspeed": "RU:urban",
        "name": "Кузнецкий проспект",
        "name:uk": "Кузнецький проспект",
        "oneway": "yes"
      },
      "geometry": {
        "type": "LineString",
        "coordinates": [
          [
            86.0623457,
            55.3502049
          ],
          [
            86.0620464,
            55.3497939
          ],
          [
            86.0619187,
            55.3495928
          ],
          [
            86.0618619,
            55.3494749
          ],
          [
            86.0618317,
            55.349323
          ],
          [
            86.0618135,
            55.3491732
          ],
          [
            86.0618042,
            55.3485023
          ],
          [
            86.061808,
            55.3484038
          ],
          [
            86.0618127,
            55.3482971
          ],
          [
            86.0618235,
            55.3479206
          ],
          [
            86.0618395,
            55.3473657
          ],
          [
            86.0618678,
            55.3463835
          ],
          [
            86.061882,
            55.3457454
          ],
          [
            86.0618856,
            55.3451598
          ],
          [
            86.0618873,
            55.3448799
          ],
          [
            86.0618892,
            55.3447683
          ]
        ]
      },
      "id": "way/1331175617"
    },
    {
      "type": "Feature",
      "properties": {
        "@id": "way/1331574819",
        "highway": "primary",
        "lane_markings": "no",
        "maxspeed": "60",
        "name": "улица Тухачевского",
        "oneway": "yes"
      },
      "geometry": {
        "type": "LineString",
        "coordinates": [
          [
            86.1315651,
            55.344785
          ],
          [
            86.1315412,
            55.344911
          ]
        ]
      },
      "id": "way/1331574819"
    },
    {
      "type": "Feature",
      "properties": {
        "@id": "way/1331574820",
        "highway": "primary",
        "lanes": "4",
        "lanes:bus": "1",
        "maxspeed": "RU:urban",
        "name": "проспект Ленина",
        "name:etymology:wikidata": "Q1394",
        "name:ru": "проспект Ленина",
        "oneway": "yes",
        "surface": "asphalt"
      },
      "geometry": {
        "type": "LineString",
        "coordinates": [
          [
            86.1315651,
            55.344785
          ],
          [
            86.1317616,
            55.3447888
          ]
        ]
      },
      "id": "way/1331574820"
    },
    {
      "type": "Feature",
      "properties": {
        "@id": "way/1331574821",
        "highway": "primary",
        "lanes": "2",
        "maxspeed": "RU:urban",
        "name": "улица Тухачевского",
        "oneway": "yes",
        "surface": "asphalt"
      },
      "geometry": {
        "type": "LineString",
        "coordinates": [
          [
            86.131436,
            55.344784
          ],
          [
            86.1314361,
            55.3446156
          ],
          [
            86.1314578,
            55.3436704
          ],
          [
            86.131481,
            55.3425538
          ],
          [
            86.1315869,
            55.3406721
          ],
          [
            86.1316291,
            55.339817
          ],
          [
            86.1316333,
            55.3396919
          ],
          [
            86.1316354,
            55.3396281
          ],
          [
            86.1316875,
            55.3380525
          ],
          [
            86.1317133,
            55.3372516
          ],
          [
            86.1317213,
            55.3369996
          ],
          [
            86.1317387,
            55.3365134
          ],
          [
            86.1317413,
            55.3364102
          ]
        ]
      },
      "id": "way/1331574821"
    },
    {
      "type": "Feature",
      "properties": {
        "@id": "way/1331574822",
        "highway": "primary",
        "lanes": "4",
        "lanes:bus": "1",
        "maxspeed": "RU:urban",
        "name": "проспект Ленина",
        "name:etymology:wikidata": "Q1394",
        "name:ru": "проспект Ленина",
        "oneway": "yes",
        "surface": "asphalt"
      },
      "geometry": {
        "type": "LineString",
        "coordinates": [
          [
            86.131436,
            55.344784
          ],
          [
            86.1315651,
            55.344785
          ]
        ]
      },
      "id": "way/1331574822"
    },
    {
      "type": "Feature",
      "properties": {
        "@id": "way/1331910952",
        "highway": "primary",
        "lanes": "4",
        "lanes:bus": "1",
        "maxspeed": "RU:urban",
        "name": "проспект Ленина",
        "name:etymology:wikidata": "Q1394",
        "name:ru": "проспект Ленина",
        "oneway": "yes",
        "surface": "asphalt"
      },
      "geometry": {
        "type": "LineString",
        "coordinates": [
          [
            86.1268615,
            55.344872
          ],
          [
            86.1266919,
            55.3448694
          ]
        ]
      },
      "id": "way/1331910952"
    },
    {
      "type": "Feature",
      "properties": {
        "@id": "way/1331910953",
        "highway": "primary",
        "name": "Центральный проезд",
        "surface": "asphalt"
      },
      "geometry": {
        "type": "LineString",
        "coordinates": [
          [
            86.1268615,
            55.344872
          ],
          [
            86.1268681,
            55.3447324
          ]
        ]
      },
      "id": "way/1331910953"
    },
    {
      "type": "Feature",
      "properties": {
        "@id": "way/1337241262",
        "highway": "secondary",
        "lanes": "2",
        "maxspeed": "RU:urban",
        "name": "проспект Химиков",
        "oneway": "yes",
        "surface": "asphalt"
      },
      "geometry": {
        "type": "LineString",
        "coordinates": [
          [
            86.196799,
            55.3494218
          ],
          [
            86.198371,
            55.3499273
          ],
          [
            86.19877,
            55.3499879
          ]
        ]
      },
      "id": "way/1337241262"
    },
    {
      "type": "Feature",
      "properties": {
        "@id": "way/1346119991",
        "highway": "secondary",
        "oneway": "yes"
      },
      "geometry": {
        "type": "LineString",
        "coordinates": [
          [
            86.1421337,
            55.3364737
          ],
          [
            86.1417964,
            55.3364937
          ]
        ]
      },
      "id": "way/1346119991"
    },
    {
      "type": "Feature",
      "properties": {
        "@id": "way/1348189245",
        "highway": "secondary",
        "lanes": "2",
        "maxspeed": "RU:urban",
        "name": "улица Марковцева",
        "oneway": "yes",
        "surface": "asphalt"
      },
      "geometry": {
        "type": "LineString",
        "coordinates": [
          [
            86.185826,
            55.3357822
          ],
          [
            86.1860382,
            55.3357789
          ]
        ]
      },
      "id": "way/1348189245"
    },
    {
      "type": "Feature",
      "properties": {
        "@id": "way/1348189246",
        "highway": "secondary",
        "lanes": "2",
        "name": "улица Марковцева",
        "oneway": "yes"
      },
      "geometry": {
        "type": "LineString",
        "coordinates": [
          [
            86.1856598,
            55.3359201
          ],
          [
            86.1853523,
            55.3359653
          ]
        ]
      },
      "id": "way/1348189246"
    },
    {
      "type": "Feature",
      "properties": {
        "@id": "way/1348189247",
        "highway": "secondary",
        "lanes": "2",
        "name": "улица Марковцева",
        "oneway": "yes"
      },
      "geometry": {
        "type": "LineString",
        "coordinates": [
          [
            86.1851849,
            55.3359686
          ],
          [
            86.1843176,
            55.3357213
          ],
          [
            86.1829946,
            55.3353441
          ],
          [
            86.1802956,
            55.334531
          ],
          [
            86.1778504,
            55.3337951
          ]
        ]
      },
      "id": "way/1348189247"
    },
    {
      "type": "Feature",
      "properties": {
        "@id": "way/1348189248",
        "highway": "secondary",
        "lanes": "1",
        "oneway": "yes"
      },
      "geometry": {
        "type": "LineString",
        "coordinates": [
          [
            86.1853523,
            55.3359653
          ],
          [
            86.1855311,
            55.3360465
          ]
        ]
      },
      "id": "way/1348189248"
    },
    {
      "type": "Feature",
      "properties": {
        "@id": "way/1348189249",
        "highway": "secondary",
        "lanes": "2",
        "name": "улица Марковцева",
        "oneway": "yes"
      },
      "geometry": {
        "type": "LineString",
        "coordinates": [
          [
            86.1853523,
            55.3359653
          ],
          [
            86.1852825,
            55.3359711
          ],
          [
            86.1851849,
            55.3359686
          ]
        ]
      },
      "id": "way/1348189249"
    },
    {
      "type": "Feature",
      "properties": {
        "@id": "way/1348196728",
        "highway": "secondary",
        "lanes": "3",
        "maxspeed": "60",
        "name": "улица Сибиряков-Гвардейцев",
        "oneway": "yes",
        "surface": "asphalt"
      },
      "geometry": {
        "type": "LineString",
        "coordinates": [
          [
            86.1083427,
            55.3362235
          ],
          [
            86.1081487,
            55.336224
          ],
          [
            86.0981806,
            55.3361488
          ],
          [
            86.0981578,
            55.3361486
          ],
          [
            86.0980905,
            55.3361481
          ],
          [
            86.0977558,
            55.3361474
          ],
          [
            86.09756,
            55.3361456
          ]
        ]
      },
      "id": "way/1348196728"
    },
    {
      "type": "Feature",
      "properties": {
        "@id": "way/1348196729",
        "highway": "secondary",
        "lanes": "3",
        "name": "Соборная улица",
        "oneway": "yes"
      },
      "geometry": {
        "type": "LineString",
        "coordinates": [
          [
            86.0975482,
            55.3374138
          ],
          [
            86.0975595,
            55.3362961
          ],
          [
            86.09756,
            55.3361456
          ]
        ]
      },
      "id": "way/1348196729"
    },
    {
      "type": "Feature",
      "properties": {
        "@id": "way/1348901823",
        "highway": "secondary"
      },
      "geometry": {
        "type": "LineString",
        "coordinates": [
          [
            86.0845208,
            55.3359212
          ],
          [
            86.0845209,
            55.3360089
          ]
        ]
      },
      "id": "way/1348901823"
    },
    {
      "type": "Feature",
      "properties": {
        "@id": "way/1363200840",
        "hgv": "no @ (07:00-20:00)",
        "highway": "primary",
        "lanes": "3",
        "maxspeed": "60",
        "name": "Логовое шоссе",
        "oneway": "yes",
        "surface": "asphalt"
      },
      "geometry": {
        "type": "LineString",
        "coordinates": [
          [
            86.0790523,
            55.3724867
          ],
          [
            86.0789386,
            55.3723741
          ],
          [
            86.0785855,
            55.3719376
          ]
        ]
      },
      "id": "way/1363200840"
    },
    {
      "type": "Feature",
      "properties": {
        "@id": "way/1364445037",
        "highway": "primary",
        "lanes": "2",
        "maxspeed": "60",
        "name": "улица Нахимова",
        "surface": "asphalt"
      },
      "geometry": {
        "type": "LineString",
        "coordinates": [
          [
            86.0973631,
            55.3933077
          ],
          [
            86.0971804,
            55.3931793
          ],
          [
            86.0965932,
            55.392766
          ],
          [
            86.0965103,
            55.3927089
          ]
        ]
      },
      "id": "way/1364445037"
    },
    {
      "type": "Feature",
      "properties": {
        "@id": "way/1364445038",
        "highway": "primary",
        "lanes": "2",
        "maxspeed": "60",
        "name": "улица Нахимова",
        "surface": "asphalt"
      },
      "geometry": {
        "type": "LineString",
        "coordinates": [
          [
            86.0941136,
            55.3909466
          ],
          [
            86.0940373,
            55.390878
          ],
          [
            86.0938784,
            55.3906862
          ],
          [
            86.0937858,
            55.3905494
          ],
          [
            86.0937514,
            55.390446
          ],
          [
            86.0935971,
            55.3899823
          ]
        ]
      },
      "id": "way/1364445038"
    },
    {
      "type": "Feature",
      "properties": {
        "@id": "way/1371994359",
        "highway": "primary",
        "lanes": "4",
        "lanes:psv": "1",
        "maxspeed": "RU:urban",
        "name": "проспект Ленина",
        "name:etymology:wikidata": "Q1394",
        "name:ru": "проспект Ленина",
        "oneway": "yes",
        "surface": "asphalt"
      },
      "geometry": {
        "type": "LineString",
        "coordinates": [
          [
            86.1480149,
            55.3450666
          ],
          [
            86.1476195,
            55.3450572
          ],
          [
            86.1470352,
            55.3450537
          ],
          [
            86.1459702,
            55.3450475
          ],
          [
            86.14396,
            55.3450336
          ],
          [
            86.1424258,
            55.3450167
          ],
          [
            86.1403882,
            55.3449957
          ]
        ]
      },
      "id": "way/1371994359"
    },
    {
      "type": "Feature",
      "properties": {
        "@id": "way/1371994360",
        "highway": "secondary",
        "maxspeed": "RU:urban",
        "name": "Волгоградская улица",
        "name:uk": "Волгоградська вулиця",
        "surface": "asphalt"
      },
      "geometry": {
        "type": "LineString",
        "coordinates": [
          [
            86.147954,
            55.3464975
          ],
          [
            86.1478751,
            55.3455914
          ],
          [
            86.1478808,
            55.3454335
          ],
          [
            86.1478847,
            55.3453321
          ],
          [
            86.1479066,
            55.3452476
          ],
          [
            86.1479499,
            55.3451561
          ],
          [
            86.1480149,
            55.3450666
          ]
        ]
      },
      "id": "way/1371994360"
    },
    {
      "type": "Feature",
      "properties": {
        "@id": "way/1372995626",
        "highway": "primary",
        "lanes": "3",
        "maxspeed": "RU:urban",
        "name": "Кузнецкий проспект",
        "name:ru": "Кузнецкий проспект",
        "oneway": "yes",
        "surface": "asphalt"
      },
      "geometry": {
        "type": "LineString",
        "coordinates": [
          [
            86.068776,
            55.3593088
          ],
          [
            86.0687628,
            55.3592725
          ],
          [
            86.0687423,
            55.359221
          ]
        ]
      },
      "id": "way/1372995626"
    },
    {
      "type": "Feature",
      "properties": {
        "@id": "way/1372995627",
        "highway": "primary",
        "lanes": "3",
        "maxspeed": "RU:urban",
        "name": "Кузнецкий проспект",
        "name:ru": "Кузнецкий проспект",
        "oneway": "yes",
        "surface": "asphalt"
      },
      "geometry": {
        "type": "LineString",
        "coordinates": [
          [
            86.0689818,
            55.3591436
          ],
          [
            86.0690712,
            55.3592408
          ]
        ]
      },
      "id": "way/1372995627"
    },
    {
      "type": "Feature",
      "properties": {
        "@id": "way/1372995628",
        "highway": "primary",
        "lanes": "3",
        "maxspeed": "RU:urban",
        "name": "Кузнецкий проспект",
        "name:ru": "Кузнецкий проспект",
        "oneway": "yes",
        "surface": "asphalt"
      },
      "geometry": {
        "type": "LineString",
        "coordinates": [
          [
            86.0679963,
            55.35787
          ],
          [
            86.0687638,
            55.358878
          ],
          [
            86.0688518,
            55.3589931
          ],
          [
            86.0689818,
            55.3591436
          ]
        ]
      },
      "id": "way/1372995628"
    },
    {
      "type": "Feature",
      "properties": {
        "@id": "way/1372995629",
        "highway": "primary",
        "lanes": "4",
        "maxspeed": "RU:urban",
        "name": "Советский проспект",
        "name:ru": "Советский проспект",
        "oneway": "yes",
        "surface": "asphalt"
      },
      "geometry": {
        "type": "LineString",
        "coordinates": [
          [
            86.0687423,
            55.359221
          ],
          [
            86.0689818,
            55.3591436
          ]
        ]
      },
      "id": "way/1372995629"
    },
    {
      "type": "Feature",
      "properties": {
        "@id": "way/1372995630",
        "highway": "secondary",
        "junction": "roundabout",
        "maxspeed": "60",
        "oneway": "yes"
      },
      "geometry": {
        "type": "LineString",
        "coordinates": [
          [
            86.0585447,
            55.3617854
          ],
          [
            86.0584323,
            55.3617313
          ]
        ]
      },
      "id": "way/1372995630"
    },
    {
      "type": "Feature",
      "properties": {
        "@id": "way/1372995631",
        "highway": "secondary",
        "junction": "roundabout",
        "maxspeed": "60",
        "oneway": "yes"
      },
      "geometry": {
        "type": "LineString",
        "coordinates": [
          [
            86.058828,
            55.3618391
          ],
          [
            86.0586791,
            55.3618245
          ],
          [
            86.0585447,
            55.3617854
          ]
        ]
      },
      "id": "way/1372995631"
    },
    {
      "type": "Feature",
      "properties": {
        "@id": "way/1372995632",
        "highway": "secondary",
        "junction": "roundabout",
        "maxspeed": "60",
        "oneway": "yes"
      },
      "geometry": {
        "type": "LineString",
        "coordinates": [
          [
            86.0592551,
            55.3613924
          ],
          [
            86.0593072,
            55.3614539
          ],
          [
            86.0593321,
            55.3615225
          ]
        ]
      },
      "id": "way/1372995632"
    },
    {
      "type": "Feature",
      "properties": {
        "@id": "way/1372995633",
        "highway": "secondary",
        "junction": "roundabout",
        "maxspeed": "60",
        "oneway": "yes"
      },
      "geometry": {
        "type": "LineString",
        "coordinates": [
          [
            86.0590451,
            55.3612947
          ],
          [
            86.0591368,
            55.3613255
          ],
          [
            86.0591711,
            55.3613413
          ],
          [
            86.0592027,
            55.3613588
          ],
          [
            86.0592551,
            55.3613924
          ]
        ]
      },
      "id": "way/1372995633"
    },
    {
      "type": "Feature",
      "properties": {
        "@id": "way/1372995634",
        "highway": "secondary",
        "junction": "roundabout",
        "maxspeed": "60",
        "oneway": "yes"
      },
      "geometry": {
        "type": "LineString",
        "coordinates": [
          [
            86.0584353,
            55.3613831
          ],
          [
            86.0584893,
            55.3613494
          ],
          [
            86.0585663,
            55.3613147
          ],
          [
            86.0586537,
            55.3612892
          ]
        ]
      },
      "id": "way/1372995634"
    },
    {
      "type": "Feature",
      "properties": {
        "@id": "way/1372995635",
        "highway": "secondary",
        "junction": "roundabout",
        "maxspeed": "60",
        "oneway": "yes"
      },
      "geometry": {
        "type": "LineString",
        "coordinates": [
          [
            86.0583389,
            55.3615843
          ],
          [
            86.0583365,
            55.3615508
          ],
          [
            86.0583459,
            55.3614993
          ],
          [
            86.0583974,
            55.3614181
          ],
          [
            86.0584353,
            55.3613831
          ]
        ]
      },
      "id": "way/1372995635"
    },
    {
      "type": "Feature",
      "properties": {
        "@id": "way/1372995636",
        "highway": "secondary",
        "junction": "roundabout",
        "maxspeed": "60",
        "oneway": "yes"
      },
      "geometry": {
        "type": "LineString",
        "coordinates": [
          [
            86.0584323,
            55.3617313
          ],
          [
            86.0583812,
            55.3616818
          ],
          [
            86.0583524,
            55.3616292
          ],
          [
            86.0583389,
            55.3615843
          ]
        ]
      },
      "id": "way/1372995636"
    },
    {
      "type": "Feature",
      "properties": {
        "@id": "way/1372995641",
        "highway": "secondary",
        "maxspeed": "60",
        "name": "Советский проспект",
        "oneway": "yes"
      },
      "geometry": {
        "type": "LineString",
        "coordinates": [
          [
            86.0435461,
            55.3641787
          ],
          [
            86.0442132,
            55.3640929
          ],
          [
            86.0462464,
            55.3638116
          ],
          [
            86.0483516,
            55.3635195
          ],
          [
            86.049218,
            55.363395
          ],
          [
            86.0493694,
            55.3633733
          ],
          [
            86.0497071,
            55.363324
          ],
          [
            86.0501331,
            55.363261
          ],
          [
            86.0506654,
            55.3631685
          ],
          [
            86.0526187,
            55.3627775
          ],
          [
            86.0547746,
            55.3623541
          ],
          [
            86.0559868,
            55.3621145
          ],
          [
            86.0570812,
            55.3618916
          ],
          [
            86.0572818,
            55.3618507
          ],
          [
            86.0573878,
            55.3618291
          ],
          [
            86.0577535,
            55.3617496
          ],
          [
            86.0580362,
            55.3616822
          ],
          [
            86.0582464,
            55.3616208
          ],
          [
            86.0583389,
            55.3615843
          ]
        ]
      },
      "id": "way/1372995641"
    },
    {
      "type": "Feature",
      "properties": {
        "@id": "way/1373002772",
        "highway": "primary",
        "name": "улица 9 Января",
        "surface": "asphalt"
      },
      "geometry": {
        "type": "LineString",
        "coordinates": [
          [
            86.1208229,
            55.3448181
          ],
          [
            86.1208261,
            55.3446787
          ]
        ]
      },
      "id": "way/1373002772"
    },
    {
      "type": "Feature",
      "properties": {
        "@id": "way/1373010993",
        "highway": "secondary",
        "maxspeed": "60",
        "name": "Советский проспект",
        "oneway": "yes"
      },
      "geometry": {
        "type": "LineString",
        "coordinates": [
          [
            86.0439507,
            55.3641936
          ],
          [
            86.0426043,
            55.3643667
          ],
          [
            86.0424032,
            55.3643904
          ],
          [
            86.041993,
            55.3644465
          ],
          [
            86.0417134,
            55.3644893
          ],
          [
            86.0415119,
            55.364535
          ],
          [
            86.0402889,
            55.3648461
          ],
          [
            86.0398257,
            55.3649877
          ],
          [
            86.0386426,
            55.3653935
          ],
          [
            86.0373403,
            55.3658464
          ],
          [
            86.0358333,
            55.3663619
          ],
          [
            86.0355859,
            55.3664137
          ]
        ]
      },
      "id": "way/1373010993"
    },
    {
      "type": "Feature",
      "properties": {
        "@id": "way/1373010994",
        "highway": "primary",
        "lanes": "4",
        "maxspeed": "RU:urban",
        "name": "улица Терешковой",
        "name:etymology:wikidata": "Q44371",
        "oneway": "yes",
        "surface": "asphalt"
      },
      "geometry": {
        "type": "LineString",
        "coordinates": [
          [
            86.1359244,
            55.3448181
          ],
          [
            86.1359326,
            55.3446665
          ]
        ]
      },
      "id": "way/1373010994"
    },
    {
      "type": "Feature",
      "properties": {
        "@id": "way/1373010995",
        "highway": "primary",
        "lanes": "4",
        "maxspeed": "RU:urban",
        "name": "улица Терешковой",
        "name:etymology:wikidata": "Q44371",
        "oneway": "yes",
        "surface": "asphalt"
      },
      "geometry": {
        "type": "LineString",
        "coordinates": [
          [
            86.1359136,
            55.3449537
          ],
          [
            86.1359244,
            55.3448181
          ]
        ]
      },
      "id": "way/1373010995"
    },
    {
      "type": "Feature",
      "properties": {
        "@id": "way/1373010996",
        "highway": "primary",
        "lanes": "4",
        "lanes:bus": "1",
        "maxspeed": "RU:urban",
        "name": "проспект Ленина",
        "name:etymology:wikidata": "Q1394",
        "name:ru": "проспект Ленина",
        "oneway": "yes",
        "surface": "asphalt"
      },
      "geometry": {
        "type": "LineString",
        "coordinates": [
          [
            86.1359136,
            55.3449537
          ],
          [
            86.1356417,
            55.3449519
          ],
          [
            86.1346685,
            55.3449434
          ],
          [
            86.1334545,
            55.3449348
          ]
        ]
      },
      "id": "way/1373010996"
    },
    {
      "type": "Feature",
      "properties": {
        "@id": "way/1373010997",
        "highway": "primary",
        "lanes": "4",
        "lanes:bus": "1",
        "maxspeed": "RU:urban",
        "name": "проспект Ленина",
        "name:etymology:wikidata": "Q1394",
        "name:ru": "проспект Ленина",
        "oneway": "yes",
        "surface": "asphalt"
      },
      "geometry": {
        "type": "LineString",
        "coordinates": [
          [
            86.1361497,
            55.3449552
          ],
          [
            86.1359136,
            55.3449537
          ]
        ]
      },
      "id": "way/1373010997"
    },
    {
      "type": "Feature",
      "properties": {
        "@id": "way/1373010998",
        "highway": "primary",
        "lanes": "4",
        "maxspeed": "RU:urban",
        "name": "улица Терешковой",
        "name:etymology:wikidata": "Q44371",
        "oneway": "yes",
        "surface": "asphalt"
      },
      "geometry": {
        "type": "LineString",
        "coordinates": [
          [
            86.1361483,
            55.3448197
          ],
          [
            86.1361497,
            55.3449552
          ]
        ]
      },
      "id": "way/1373010998"
    },
    {
      "type": "Feature",
      "properties": {
        "@id": "way/1373011000",
        "highway": "primary",
        "junction": "roundabout",
        "lanes": "3",
        "maxspeed": "RU:urban",
        "oneway": "yes",
        "sidewalk": "right",
        "surface": "asphalt"
      },
      "geometry": {
        "type": "LineString",
        "coordinates": [
          [
            86.1610971,
            55.3490647
          ],
          [
            86.1610996,
            55.3490112
          ],
          [
            86.1611102,
            55.3489581
          ],
          [
            86.1611427,
            55.3488842
          ]
        ]
      },
      "id": "way/1373011000"
    },
    {
      "type": "Feature",
      "properties": {
        "@id": "way/1373014278",
        "highway": "secondary",
        "name": "Заводская улица",
        "name:ru": "Заводская улица"
      },
      "geometry": {
        "type": "LineString",
        "coordinates": [
          [
            86.0483516,
            55.3635195
          ],
          [
            86.0483751,
            55.3635801
          ]
        ]
      },
      "id": "way/1373014278"
    },
    {
      "type": "Feature",
      "properties": {
        "@id": "way/1373017411",
        "highway": "primary",
        "lanes": "2",
        "maxspeed": "40",
        "name": "Советский проспект",
        "name:ru": "Советский проспект",
        "oneway": "yes",
        "surface": "asphalt"
      },
      "geometry": {
        "type": "LineString",
        "coordinates": [
          [
            86.08685,
            55.3548158
          ],
          [
            86.0869853,
            55.3546311
          ],
          [
            86.0870557,
            55.354587
          ],
          [
            86.0871509,
            55.3545387
          ],
          [
            86.0872541,
            55.3545003
          ],
          [
            86.0873839,
            55.3544654
          ],
          [
            86.0890115,
            55.3541018
          ]
        ]
      },
      "id": "way/1373017411"
    },
    {
      "type": "Feature",
      "properties": {
        "@id": "way/1373019588",
        "highway": "secondary",
        "lanes": "2",
        "maxspeed": "RU:urban",
        "name": "улица Мичурина",
        "name:ru": "улица Мичурина",
        "oneway": "yes"
      },
      "geometry": {
        "type": "LineString",
        "coordinates": [
          [
            86.0907232,
            55.347061
          ],
          [
            86.0908613,
            55.3471204
          ]
        ]
      },
      "id": "way/1373019588"
    },
    {
      "type": "Feature",
      "properties": {
        "@id": "way/1373019589",
        "highway": "secondary",
        "oneway": "yes"
      },
      "geometry": {
        "type": "LineString",
        "coordinates": [
          [
            86.0908613,
            55.3471204
          ],
          [
            86.0906782,
            55.3471698
          ]
        ]
      },
      "id": "way/1373019589"
    },
    {
      "type": "Feature",
      "properties": {
        "@id": "way/1373042830",
        "highway": "primary",
        "maxspeed": "RU:living_street"
      },
      "geometry": {
        "type": "LineString",
        "coordinates": [
          [
            86.1145983,
            55.3446383
          ],
          [
            86.1145623,
            55.3447688
          ]
        ]
      },
      "id": "way/1373042830"
    },
    {
      "type": "Feature",
      "properties": {
        "@id": "way/1373042831",
        "highway": "primary",
        "lanes": "4",
        "lanes:bus": "1",
        "maxspeed": "RU:urban",
        "name": "проспект Ленина",
        "name:etymology:wikidata": "Q1394",
        "name:ru": "проспект Ленина",
        "oneway": "yes",
        "surface": "asphalt"
      },
      "geometry": {
        "type": "LineString",
        "coordinates": [
          [
            86.1208261,
            55.3446787
          ],
          [
            86.1210216,
            55.3446811
          ],
          [
            86.121847,
            55.3446866
          ],
          [
            86.1222542,
            55.3446908
          ],
          [
            86.1237745,
            55.3447044
          ],
          [
            86.1247296,
            55.3447125
          ],
          [
            86.1250675,
            55.3447154
          ]
        ]
      },
      "id": "way/1373042831"
    },
    {
      "type": "Feature",
      "properties": {
        "@id": "way/1373062476",
        "highway": "primary",
        "lanes": "5",
        "lanes:bus": "1",
        "maxspeed": "RU:urban",
        "name": "проспект Ленина",
        "name:etymology:wikidata": "Q1394",
        "name:ru": "проспект Ленина",
        "oneway": "yes",
        "surface": "asphalt"
      },
      "geometry": {
        "type": "LineString",
        "coordinates": [
          [
            86.1189912,
            55.3446684
          ],
          [
            86.1204535,
            55.3446756
          ],
          [
            86.1208261,
            55.3446787
          ]
        ]
      },
      "id": "way/1373062476"
    },
    {
      "type": "Feature",
      "properties": {
        "@id": "way/1373062477",
        "highway": "primary",
        "lanes": "4",
        "lanes:bus": "1",
        "maxspeed": "RU:urban",
        "name": "проспект Ленина",
        "name:etymology:wikidata": "Q1394",
        "name:ru": "проспект Ленина",
        "oneway": "yes",
        "surface": "asphalt"
      },
      "geometry": {
        "type": "LineString",
        "coordinates": [
          [
            86.1250661,
            55.3448526
          ],
          [
            86.1230711,
            55.3448358
          ],
          [
            86.1223939,
            55.3448315
          ]
        ]
      },
      "id": "way/1373062477"
    },
    {
      "type": "Feature",
      "properties": {
        "@id": "way/1373062478",
        "highway": "primary",
        "lanes": "5",
        "lanes:bus": "1",
        "maxspeed": "RU:urban",
        "name": "проспект Ленина",
        "name:etymology:wikidata": "Q1394",
        "name:ru": "проспект Ленина",
        "oneway": "yes",
        "surface": "asphalt"
      },
      "geometry": {
        "type": "LineString",
        "coordinates": [
          [
            86.1223939,
            55.3448315
          ],
          [
            86.12102,
            55.3448204
          ],
          [
            86.1208229,
            55.3448181
          ]
        ]
      },
      "id": "way/1373062478"
    },
    {
      "type": "Feature",
      "properties": {
        "@id": "way/1373062480",
        "highway": "primary",
        "lanes": "4",
        "lanes:bus": "1",
        "maxspeed": "RU:urban",
        "name": "проспект Ленина",
        "name:etymology:wikidata": "Q1394",
        "name:ru": "проспект Ленина",
        "oneway": "yes",
        "surface": "asphalt"
      },
      "geometry": {
        "type": "LineString",
        "coordinates": [
          [
            86.1268681,
            55.3447324
          ],
          [
            86.1280818,
            55.3447452
          ],
          [
            86.1291049,
            55.3447553
          ]
        ]
      },
      "id": "way/1373062480"
    },
    {
      "type": "Feature",
      "properties": {
        "@id": "way/1373062486",
        "highway": "primary",
        "lanes": "5",
        "maxspeed": "RU:urban",
        "name": "улица Терешковой",
        "name:etymology:wikidata": "Q44371",
        "oneway": "yes",
        "surface": "asphalt"
      },
      "geometry": {
        "type": "LineString",
        "coordinates": [
          [
            86.1358865,
            55.3461735
          ],
          [
            86.1359053,
            55.3451881
          ],
          [
            86.1359072,
            55.345091
          ],
          [
            86.1359136,
            55.3449537
          ]
        ]
      },
      "id": "way/1373062486"
    },
    {
      "type": "Feature",
      "properties": {
        "@id": "way/1373062490",
        "highway": "primary",
        "lanes": "3",
        "maxspeed": "RU:urban",
        "name": "улица Терешковой",
        "name:etymology:wikidata": "Q44371",
        "oneway": "yes",
        "surface": "asphalt"
      },
      "geometry": {
        "type": "LineString",
        "coordinates": [
          [
            86.1361497,
            55.3449552
          ],
          [
            86.1361498,
            55.3450923
          ],
          [
            86.1361344,
            55.3455588
          ],
          [
            86.1361233,
            55.3461396
          ]
        ]
      },
      "id": "way/1373062490"
    },
    {
      "type": "Feature",
      "properties": {
        "@id": "way/1373062494",
        "highway": "primary",
        "lanes": "5",
        "lanes:bus": "1",
        "maxspeed": "RU:urban",
        "name": "проспект Ленина",
        "name:etymology:wikidata": "Q1394",
        "name:ru": "проспект Ленина",
        "oneway": "yes",
        "surface": "asphalt"
      },
      "geometry": {
        "type": "LineString",
        "coordinates": [
          [
            86.1377958,
            55.344971
          ],
          [
            86.1365653,
            55.3449571
          ],
          [
            86.1364121,
            55.3449566
          ],
          [
            86.1361497,
            55.3449552
          ]
        ]
      },
      "id": "way/1373062494"
    },
    {
      "type": "Feature",
      "properties": {
        "@id": "way/1373081233",
        "highway": "primary",
        "maxspeed": "RU:urban",
        "name": "Волгоградская улица",
        "name:uk": "Волгоградська вулиця",
        "surface": "asphalt"
      },
      "geometry": {
        "type": "LineString",
        "coordinates": [
          [
            86.1480149,
            55.3450666
          ],
          [
            86.1481183,
            55.3449291
          ]
        ]
      },
      "id": "way/1373081233"
    },
    {
      "type": "Feature",
      "properties": {
        "@id": "way/1373081238",
        "highway": "primary",
        "lanes": "2",
        "maxspeed": "RU:urban",
        "name": "улица Ворошилова",
        "name:etymology:wikidata": "Q186185"
      },
      "geometry": {
        "type": "LineString",
        "coordinates": [
          [
            86.1546909,
            55.3468143
          ],
          [
            86.1545839,
            55.3469351
          ]
        ]
      },
      "id": "way/1373081238"
    },
    {
      "type": "Feature",
      "properties": {
        "@id": "way/1373081244",
        "highway": "secondary",
        "lanes": "3",
        "maxspeed": "RU:urban",
        "name": "бульвар Строителей",
        "oneway": "yes",
        "surface": "asphalt"
      },
      "geometry": {
        "type": "LineString",
        "coordinates": [
          [
            86.1625369,
            55.3493744
          ],
          [
            86.1624775,
            55.3494674
          ],
          [
            86.1621108,
            55.3498644
          ]
        ]
      },
      "id": "way/1373081244"
    },
    {
      "type": "Feature",
      "properties": {
        "@id": "way/1373081245",
        "highway": "secondary",
        "lanes": "4",
        "maxspeed": "RU:urban",
        "name": "проспект Ленина",
        "name:etymology:wikidata": "Q1394",
        "oneway": "yes",
        "surface": "asphalt"
      },
      "geometry": {
        "type": "LineString",
        "coordinates": [
          [
            86.1625369,
            55.3493744
          ],
          [
            86.1624617,
            55.3493817
          ],
          [
            86.1623279,
            55.3494104
          ]
        ]
      },
      "id": "way/1373081245"
    },
    {
      "type": "Feature",
      "properties": {
        "@id": "way/1373081246",
        "highway": "primary",
        "junction": "roundabout",
        "lanes": "3",
        "maxspeed": "RU:urban",
        "oneway": "yes",
        "sidewalk": "right",
        "surface": "asphalt"
      },
      "geometry": {
        "type": "LineString",
        "coordinates": [
          [
            86.1623279,
            55.3494104
          ],
          [
            86.1622198,
            55.3494432
          ],
          [
            86.1620933,
            55.3494686
          ],
          [
            86.1619596,
            55.3494824
          ],
          [
            86.1618312,
            55.3494841
          ],
          [
            86.1616932,
            55.3494743
          ],
          [
            86.1615749,
            55.349454
          ],
          [
            86.1614655,
            55.349423
          ],
          [
            86.1613602,
            55.3493758
          ],
          [
            86.1612718,
            55.3493225
          ],
          [
            86.1612019,
            55.3492679
          ],
          [
            86.1611535,
            55.3492089
          ],
          [
            86.1611229,
            55.3491461
          ],
          [
            86.1610971,
            55.3490647
          ]
        ]
      },
      "id": "way/1373081246"
    },
    {
      "type": "Feature",
      "properties": {
        "@id": "way/1373081247",
        "highway": "primary",
        "junction": "roundabout",
        "lanes": "3",
        "maxspeed": "RU:urban",
        "oneway": "yes",
        "sidewalk": "right",
        "surface": "asphalt"
      },
      "geometry": {
        "type": "LineString",
        "coordinates": [
          [
            86.1625719,
            55.3492569
          ],
          [
            86.162504,
            55.3493138
          ],
          [
            86.1624211,
            55.3493657
          ],
          [
            86.1623279,
            55.3494104
          ]
        ]
      },
      "id": "way/1373081247"
    },
    {
      "type": "Feature",
      "properties": {
        "@id": "way/1373081248",
        "highway": "secondary",
        "lanes": "3",
        "maxspeed": "RU:urban",
        "name": "бульвар Строителей",
        "oneway": "yes",
        "surface": "asphalt"
      },
      "geometry": {
        "type": "LineString",
        "coordinates": [
          [
            86.1627264,
            55.3491511
          ],
          [
            86.1625977,
            55.3492273
          ]
        ]
      },
      "id": "way/1373081248"
    },
    {
      "type": "Feature",
      "properties": {
        "@id": "way/1373081249",
        "highway": "secondary",
        "lanes": "4",
        "maxspeed": "RU:urban",
        "name": "проспект Ленина",
        "name:etymology:wikidata": "Q1394",
        "oneway": "yes",
        "surface": "asphalt"
      },
      "geometry": {
        "type": "LineString",
        "coordinates": [
          [
            86.1627264,
            55.3491511
          ],
          [
            86.162771,
            55.3491959
          ],
          [
            86.1628406,
            55.3492374
          ],
          [
            86.1630012,
            55.3492922
          ],
          [
            86.1659005,
            55.3501434
          ],
          [
            86.1666416,
            55.3503577
          ]
        ]
      },
      "id": "way/1373081249"
    },
    {
      "type": "Feature",
      "properties": {
        "@id": "way/1373081250",
        "highway": "primary",
        "junction": "roundabout",
        "lanes": "3",
        "maxspeed": "RU:urban",
        "oneway": "yes",
        "sidewalk": "right",
        "surface": "asphalt"
      },
      "geometry": {
        "type": "LineString",
        "coordinates": [
          [
            86.1626755,
            55.3490373
          ],
          [
            86.1626631,
            55.3491096
          ],
          [
            86.1626369,
            55.3491657
          ],
          [
            86.1625977,
            55.3492273
          ]
        ]
      },
      "id": "way/1373081250"
    },
    {
      "type": "Feature",
      "properties": {
        "@id": "way/1373081251",
        "highway": "primary",
        "lanes": "4",
        "lanes:bus": "1",
        "maxspeed": "RU:urban",
        "name": "проспект Ленина",
        "name:etymology:wikidata": "Q1394",
        "name:ru": "проспект Ленина",
        "oneway": "yes",
        "surface": "asphalt"
      },
      "geometry": {
        "type": "LineString",
        "coordinates": [
          [
            86.1613078,
            55.3487022
          ],
          [
            86.1614404,
            55.3486624
          ]
        ]
      },
      "id": "way/1373081251"
    },
    {
      "type": "Feature",
      "properties": {
        "@id": "way/1373081253",
        "highway": "primary",
        "junction": "roundabout",
        "lanes": "3",
        "maxspeed": "RU:urban",
        "oneway": "yes",
        "sidewalk": "right",
        "surface": "asphalt"
      },
      "geometry": {
        "type": "LineString",
        "coordinates": [
          [
            86.1612613,
            55.3487673
          ],
          [
            86.1613386,
            55.348715
          ],
          [
            86.1614404,
            55.3486624
          ]
        ]
      },
      "id": "way/1373081253"
    },
    {
      "type": "Feature",
      "properties": {
        "@id": "way/1373081255",
        "highway": "primary",
        "lanes": "4",
        "lanes:psv": "1",
        "maxspeed": "RU:urban",
        "name": "проспект Ленина",
        "name:etymology:wikidata": "Q1394",
        "name:ru": "проспект Ленина",
        "oneway": "yes",
        "surface": "asphalt"
      },
      "geometry": {
        "type": "LineString",
        "coordinates": [
          [
            86.1610645,
            55.3489655
          ],
          [
            86.161043,
            55.3489273
          ],
          [
            86.160995,
            55.3488835
          ],
          [
            86.1609198,
            55.3488358
          ],
          [
            86.1608438,
            55.3488058
          ],
          [
            86.1603074,
            55.3486465
          ],
          [
            86.1592856,
            55.3483419
          ],
          [
            86.1563961,
            55.3474767
          ],
          [
            86.1553187,
            55.3471561
          ],
          [
            86.1550431,
            55.3470729
          ],
          [
            86.1548461,
            55.3470135
          ],
          [
            86.1545839,
            55.3469351
          ],
          [
            86.1543627,
            55.3468673
          ],
          [
            86.1539154,
            55.3467353
          ],
          [
            86.153329,
            55.34656
          ],
          [
            86.1509114,
            55.3458392
          ],
          [
            86.1488234,
            55.3452174
          ],
          [
            86.148629,
            55.3451559
          ],
          [
            86.1485055,
            55.345122
          ],
          [
            86.148355,
            55.3450968
          ],
          [
            86.1481948,
            55.3450779
          ],
          [
            86.1480149,
            55.3450666
          ]
        ]
      },
      "id": "way/1373081255"
    },
    {
      "type": "Feature",
      "properties": {
        "@id": "way/1373081256",
        "highway": "primary",
        "junction": "roundabout",
        "lanes": "3",
        "maxspeed": "RU:urban",
        "oneway": "yes",
        "sidewalk": "right",
        "surface": "asphalt"
      },
      "geometry": {
        "type": "LineString",
        "coordinates": [
          [
            86.1611427,
            55.3488842
          ],
          [
            86.1612075,
            55.3488085
          ],
          [
            86.1612613,
            55.3487673
          ]
        ]
      },
      "id": "way/1373081256"
    },
    {
      "type": "Feature",
      "properties": {
        "@id": "way/1374198171",
        "highway": "secondary",
        "lanes": "2",
        "name": "Комсомольский проспект",
        "oneway": "yes"
      },
      "geometry": {
        "type": "LineString",
        "coordinates": [
          [
            86.1939471,
            55.3365564
          ],
          [
            86.1939399,
            55.336133
          ]
        ]
      },
      "id": "way/1374198171"
    },
    {
      "type": "Feature",
      "properties": {
        "@id": "way/1374198172",
        "highway": "secondary",
        "lanes": "2",
        "maxspeed": "RU:urban",
        "name": "улица Марковцева",
        "oneway": "yes",
        "surface": "asphalt"
      },
      "geometry": {
        "type": "LineString",
        "coordinates": [
          [
            86.1939408,
            55.3357619
          ],
          [
            86.194081,
            55.3357974
          ]
        ]
      },
      "id": "way/1374198172"
    },
    {
      "type": "Feature",
      "properties": {
        "@id": "way/1374198173",
        "highway": "secondary"
      },
      "geometry": {
        "type": "LineString",
        "coordinates": [
          [
            86.194081,
            55.3357974
          ],
          [
            86.1939408,
            55.3358361
          ]
        ]
      },
      "id": "way/1374198173"
    },
    {
      "type": "Feature",
      "properties": {
        "@id": "way/1374200840",
        "highway": "secondary",
        "lanes": "3",
        "maxspeed": "RU:urban",
        "name": "бульвар Строителей",
        "oneway": "yes",
        "surface": "asphalt"
      },
      "geometry": {
        "type": "LineString",
        "coordinates": [
          [
            86.1771735,
            55.3335102
          ],
          [
            86.1771095,
            55.3335757
          ]
        ]
      },
      "id": "way/1374200840"
    },
    {
      "type": "Feature",
      "properties": {
        "@id": "way/1374200841",
        "highway": "secondary",
        "lanes": "2",
        "name": "улица Марковцева",
        "oneway": "yes"
      },
      "geometry": {
        "type": "LineString",
        "coordinates": [
          [
            86.1771095,
            55.3335757
          ],
          [
            86.1770165,
            55.3335485
          ]
        ]
      },
      "id": "way/1374200841"
    },
    {
      "type": "Feature",
      "properties": {
        "@id": "way/1374200842",
        "highway": "secondary",
        "lanes": "2",
        "maxspeed": "RU:urban",
        "name": "Ленинградский проспект",
        "surface": "asphalt"
      },
      "geometry": {
        "type": "LineString",
        "coordinates": [
          [
            86.1856598,
            55.3359201
          ],
          [
            86.1856999,
            55.3358902
          ]
        ]
      },
      "id": "way/1374200842"
    },
    {
      "type": "Feature",
      "properties": {
        "@id": "way/1374213124",
        "highway": "primary",
        "lanes": "2",
        "maxspeed": "RU:urban",
        "oneway": "yes",
        "surface": "asphalt"
      },
      "geometry": {
        "type": "LineString",
        "coordinates": [
          [
            86.0007364,
            55.3480289
          ],
          [
            86.0004296,
            55.3478588
          ]
        ]
      },
      "id": "way/1374213124"
    },
    {
      "type": "Feature",
      "properties": {
        "@id": "way/1374213125",
        "highway": "secondary",
        "lanes": "3",
        "maxspeed": "RU:urban",
        "name": "бульвар Строителей",
        "oneway": "yes",
        "surface": "asphalt"
      },
      "geometry": {
        "type": "LineString",
        "coordinates": [
          [
            86.1708566,
            55.3403891
          ],
          [
            86.1700006,
            55.3413237
          ],
          [
            86.1698787,
            55.3414568
          ],
          [
            86.1698089,
            55.341534
          ]
        ]
      },
      "id": "way/1374213125"
    },
    {
      "type": "Feature",
      "properties": {
        "@id": "way/1374213126",
        "highway": "secondary",
        "lanes": "3",
        "maxspeed": "RU:urban",
        "name": "проспект Химиков",
        "oneway": "yes",
        "surface": "asphalt"
      },
      "geometry": {
        "type": "LineString",
        "coordinates": [
          [
            86.1698089,
            55.341534
          ],
          [
            86.1696943,
            55.3415014
          ],
          [
            86.1682902,
            55.3410902
          ]
        ]
      },
      "id": "way/1374213126"
    },
    {
      "type": "Feature",
      "properties": {
        "@id": "way/1374213127",
        "highway": "secondary",
        "lanes": "4",
        "maxspeed": "RU:urban",
        "name": "Комсомольский проспект",
        "oneway": "yes",
        "surface": "asphalt"
      },
      "geometry": {
        "type": "LineString",
        "coordinates": [
          [
            86.1940715,
            55.33719
          ],
          [
            86.194087,
            55.33909
          ]
        ]
      },
      "id": "way/1374213127"
    },
    {
      "type": "Feature",
      "properties": {
        "@id": "way/1374213129",
        "highway": "secondary",
        "junction": "roundabout",
        "lanes": "3",
        "maxspeed": "RU:urban",
        "surface": "asphalt"
      },
      "geometry": {
        "type": "LineString",
        "coordinates": [
          [
            86.1882,
            55.346501
          ],
          [
            86.1883362,
            55.3465188
          ],
          [
            86.1884335,
            55.3465416
          ],
          [
            86.188526,
            55.3465687
          ],
          [
            86.1886015,
            55.3466016
          ]
        ]
      },
      "id": "way/1374213129"
    },
    {
      "type": "Feature",
      "properties": {
        "@id": "way/1374213130",
        "highway": "secondary",
        "junction": "roundabout",
        "lanes": "3",
        "maxspeed": "RU:urban",
        "surface": "asphalt"
      },
      "geometry": {
        "type": "LineString",
        "coordinates": [
          [
            86.1875336,
            55.3466316
          ],
          [
            86.1876608,
            55.3465725
          ],
          [
            86.1877587,
            55.3465401
          ],
          [
            86.1878642,
            55.3465166
          ],
          [
            86.1879747,
            55.3465024
          ],
          [
            86.1880878,
            55.346498
          ],
          [
            86.1882,
            55.346501
          ]
        ]
      },
      "id": "way/1374213130"
    },
    {
      "type": "Feature",
      "properties": {
        "@id": "way/1374213131",
        "highway": "secondary",
        "junction": "roundabout",
        "lanes": "3",
        "maxspeed": "RU:urban",
        "surface": "asphalt"
      },
      "geometry": {
        "type": "LineString",
        "coordinates": [
          [
            86.1873486,
            55.3468474
          ],
          [
            86.1873706,
            55.3467849
          ],
          [
            86.1874065,
            55.3467288
          ],
          [
            86.1874585,
            55.34668
          ],
          [
            86.1875336,
            55.3466316
          ]
        ]
      },
      "id": "way/1374213131"
    },
    {
      "type": "Feature",
      "properties": {
        "@id": "way/1374213132",
        "highway": "primary",
        "lanes": "2",
        "maxspeed": "RU:urban",
        "name": "Грузовая улица",
        "surface": "asphalt"
      },
      "geometry": {
        "type": "LineString",
        "coordinates": [
          [
            85.9997848,
            55.3474486
          ],
          [
            85.9997206,
            55.3474131
          ],
          [
            85.9993074,
            55.3471807
          ]
        ]
      },
      "id": "way/1374213132"
    },
    {
      "type": "Feature",
      "properties": {
        "@id": "way/1374229044",
        "highway": "secondary",
        "junction": "roundabout",
        "maxspeed": "60",
        "oneway": "yes"
      },
      "geometry": {
        "type": "LineString",
        "coordinates": [
          [
            86.0588073,
            55.3612711
          ],
          [
            86.0589371,
            55.3612759
          ],
          [
            86.0590451,
            55.3612947
          ]
        ]
      },
      "id": "way/1374229044"
    },
    {
      "type": "Feature",
      "properties": {
        "@id": "way/1374229045",
        "highway": "secondary",
        "junction": "roundabout",
        "maxspeed": "60",
        "oneway": "yes"
      },
      "geometry": {
        "type": "LineString",
        "coordinates": [
          [
            86.0586537,
            55.3612892
          ],
          [
            86.0588073,
            55.3612711
          ]
        ]
      },
      "id": "way/1374229045"
    },
    {
      "type": "Feature",
      "properties": {
        "@id": "way/1374229046",
        "highway": "primary",
        "lanes": "2",
        "maxspeed": "RU:urban",
        "name": "Красноармейская улица",
        "name:etymology:wikidata": "Q251395",
        "oneway": "yes",
        "surface": "asphalt"
      },
      "geometry": {
        "type": "LineString",
        "coordinates": [
          [
            86.0645211,
            55.3532335
          ],
          [
            86.0644292,
            55.3532546
          ],
          [
            86.0643728,
            55.3532675
          ],
          [
            86.0642593,
            55.3532935
          ],
          [
            86.0636835,
            55.3534254
          ],
          [
            86.0627708,
            55.3536345
          ]
        ]
      },
      "id": "way/1374229046"
    },
    {
      "type": "Feature",
      "properties": {
        "@id": "way/1374231930",
        "highway": "secondary",
        "lanes": "2",
        "maxspeed": "RU:urban",
        "name": "Соборная улица",
        "oneway": "yes",
        "surface": "asphalt"
      },
      "geometry": {
        "type": "LineString",
        "coordinates": [
          [
            86.0970644,
            55.345677
          ],
          [
            86.0969787,
            55.3456973
          ]
        ]
      },
      "id": "way/1374231930"
    },
    {
      "type": "Feature",
      "properties": {
        "@id": "way/1374231931",
        "highway": "secondary",
        "lanes": "3",
        "maxspeed": "RU:urban",
        "name": "Соборная улица",
        "name:ru": "Соборная улица",
        "oneway": "yes",
        "surface": "asphalt"
      },
      "geometry": {
        "type": "LineString",
        "coordinates": [
          [
            86.0969787,
            55.3456973
          ],
          [
            86.0969608,
            55.345633
          ]
        ]
      },
      "id": "way/1374231931"
    },
    {
      "type": "Feature",
      "properties": {
        "@id": "way/1374243040",
        "highway": "primary",
        "maxspeed": "60",
        "name": "улица Нахимова",
        "oneway": "no",
        "surface": "asphalt"
      },
      "geometry": {
        "type": "LineString",
        "coordinates": [
          [
            86.0894877,
            55.385715
          ],
          [
            86.0894795,
            55.385695
          ]
        ]
      },
      "id": "way/1374243040"
    },
    {
      "type": "Feature",
      "properties": {
        "@id": "way/1374247012",
        "highway": "secondary",
        "oneway": "yes"
      },
      "geometry": {
        "type": "LineString",
        "coordinates": [
          [
            86.0731877,
            55.3838439
          ],
          [
            86.0733164,
            55.3838248
          ],
          [
            86.0734318,
            55.383792
          ],
          [
            86.0735113,
            55.3837449
          ],
          [
            86.0735842,
            55.383658
          ]
        ]
      },
      "id": "way/1374247012"
    },
    {
      "type": "Feature",
      "properties": {
        "@id": "way/1377022603",
        "highway": "secondary"
      },
      "geometry": {
        "type": "LineString",
        "coordinates": [
          [
            86.1623903,
            55.3541342
          ],
          [
            86.1624529,
            55.354069
          ]
        ]
      },
      "id": "way/1377022603"
    },
    {
      "type": "Feature",
      "properties": {
        "@id": "way/1377022610",
        "highway": "secondary",
        "lanes": "3",
        "maxspeed": "RU:urban",
        "name": "бульвар Строителей",
        "oneway": "yes",
        "sidewalk": "both",
        "surface": "asphalt"
      },
      "geometry": {
        "type": "LineString",
        "coordinates": [
          [
            86.1575893,
            55.3527001
          ],
          [
            86.1576514,
            55.3526357
          ]
        ]
      },
      "id": "way/1377022610"
    },
    {
      "type": "Feature",
      "properties": {
        "@id": "way/1377024013",
        "highway": "primary",
        "lanes": "2",
        "maxspeed": "RU:urban",
        "name": "улица Гагарина",
        "name:etymology:wikidata": "Q7327",
        "surface": "asphalt"
      },
      "geometry": {
        "type": "LineString",
        "coordinates": [
          [
            86.1389876,
            55.3398293
          ],
          [
            86.1387733,
            55.3397883
          ]
        ]
      },
      "id": "way/1377024013"
    },
    {
      "type": "Feature",
      "properties": {
        "@id": "way/1377031088",
        "highway": "secondary",
        "oneway": "yes"
      },
      "geometry": {
        "type": "LineString",
        "coordinates": [
          [
            86.0057843,
            55.3561355
          ],
          [
            86.0058683,
            55.3561878
          ]
        ]
      },
      "id": "way/1377031088"
    },
    {
      "type": "Feature",
      "properties": {
        "@id": "way/1377031089",
        "highway": "secondary",
        "oneway": "yes"
      },
      "geometry": {
        "type": "LineString",
        "coordinates": [
          [
            86.0057843,
            55.3561355
          ],
          [
            86.0058788,
            55.3560832
          ],
          [
            86.0059835,
            55.3560408
          ],
          [
            86.0060918,
            55.3560085
          ]
        ]
      },
      "id": "way/1377031089"
    },
    {
      "type": "Feature",
      "properties": {
        "@id": "way/1377031090",
        "highway": "secondary",
        "lanes": "2",
        "name": "Шатурская улица",
        "oneway": "yes"
      },
      "geometry": {
        "type": "LineString",
        "coordinates": [
          [
            86.0058683,
            55.3561878
          ],
          [
            86.005823,
            55.3562581
          ],
          [
            86.0057841,
            55.3563405
          ],
          [
            86.0057323,
            55.3564845
          ],
          [
            86.0056694,
            55.3567543
          ],
          [
            86.0056031,
            55.3571347
          ],
          [
            86.0055258,
            55.3574544
          ],
          [
            86.0054425,
            55.3577007
          ],
          [
            86.0053105,
            55.3578336
          ]
        ]
      },
      "id": "way/1377031090"
    },
    {
      "type": "Feature",
      "properties": {
        "@id": "way/1382264086",
        "highway": "primary",
        "lanes": "3",
        "maxspeed": "RU:urban",
        "name": "Советский проспект",
        "name:ru": "Советский проспект",
        "oneway": "yes",
        "surface": "asphalt"
      },
      "geometry": {
        "type": "LineString",
        "coordinates": [
          [
            86.0865238,
            55.3552183
          ],
          [
            86.085143,
            55.3555311
          ],
          [
            86.0850727,
            55.3555474
          ],
          [
            86.08489,
            55.3555881
          ],
          [
            86.084557,
            55.3556646
          ],
          [
            86.0833556,
            55.3559412
          ],
          [
            86.082609,
            55.356112
          ],
          [
            86.0818424,
            55.3562916
          ],
          [
            86.0815838,
            55.3563511
          ],
          [
            86.0813158,
            55.3564129
          ],
          [
            86.0806624,
            55.3565648
          ],
          [
            86.0782891,
            55.3571126
          ],
          [
            86.0776736,
            55.3572584
          ]
        ]
      },
      "id": "way/1382264086"
    },
    {
      "type": "Feature",
      "properties": {
        "@id": "way/1384066099",
        "highway": "secondary",
        "junction": "roundabout",
        "maxspeed": "40",
        "oneway": "yes",
        "surface": "asphalt"
      },
      "geometry": {
        "type": "LineString",
        "coordinates": [
          [
            86.0805712,
            55.3723151
          ],
          [
            86.0805057,
            55.3723017
          ],
          [
            86.0804319,
            55.3722745
          ],
          [
            86.0803883,
            55.3722458
          ],
          [
            86.0803538,
            55.3722121
          ],
          [
            86.0803346,
            55.3721802
          ],
          [
            86.0803167,
            55.3721427
          ],
          [
            86.0803028,
            55.3720977
          ],
          [
            86.0803087,
            55.3720574
          ],
          [
            86.0803219,
            55.3720213
          ],
          [
            86.0803495,
            55.3719818
          ],
          [
            86.0804084,
            55.3719294
          ]
        ]
      },
      "id": "way/1384066099"
    },
    {
      "type": "Feature",
      "properties": {
        "@id": "way/1384066100",
        "highway": "secondary",
        "junction": "roundabout",
        "maxspeed": "40",
        "oneway": "yes",
        "surface": "asphalt"
      },
      "geometry": {
        "type": "LineString",
        "coordinates": [
          [
            86.0808914,
            55.3718765
          ],
          [
            86.0809525,
            55.3719055
          ],
          [
            86.0809989,
            55.3719427
          ],
          [
            86.0810353,
            55.371985
          ],
          [
            86.0810572,
            55.3720264
          ],
          [
            86.0810655,
            55.3720754
          ],
          [
            86.0810548,
            55.3721176
          ],
          [
            86.08103,
            55.3721668
          ],
          [
            86.080996,
            55.3722137
          ],
          [
            86.0809629,
            55.3722408
          ],
          [
            86.0809071,
            55.3722769
          ],
          [
            86.0808495,
            55.3722984
          ],
          [
            86.0807997,
            55.3723085
          ],
          [
            86.0807375,
            55.3723184
          ],
          [
            86.0806539,
            55.3723205
          ],
          [
            86.0805712,
            55.3723151
          ]
        ]
      },
      "id": "way/1384066100"
    },
    {
      "type": "Feature",
      "properties": {
        "@id": "way/1384066101",
        "highway": "secondary",
        "junction": "roundabout",
        "maxspeed": "40",
        "oneway": "yes",
        "surface": "asphalt"
      },
      "geometry": {
        "type": "LineString",
        "coordinates": [
          [
            86.0804084,
            55.3719294
          ],
          [
            86.0804775,
            55.3718928
          ],
          [
            86.0805462,
            55.3718747
          ],
          [
            86.080622,
            55.3718615
          ],
          [
            86.0806962,
            55.3718544
          ],
          [
            86.0807847,
            55.3718576
          ]
        ]
      },
      "id": "way/1384066101"
    },
    {
      "type": "Feature",
      "properties": {
        "@id": "way/1388122056",
        "highway": "primary",
        "lanes": "5",
        "lanes:bus": "1",
        "maxspeed": "RU:urban",
        "name": "проспект Ленина",
        "name:etymology:wikidata": "Q1394",
        "name:ru": "проспект Ленина",
        "oneway": "yes",
        "surface": "asphalt"
      },
      "geometry": {
        "type": "LineString",
        "coordinates": [
          [
            86.1043666,
            55.3446832
          ],
          [
            86.1042658,
            55.3446824
          ]
        ]
      },
      "id": "way/1388122056"
    },
    {
      "type": "Feature",
      "properties": {
        "@id": "way/1388122057",
        "highway": "primary",
        "lanes": "5",
        "lanes:bus": "1",
        "maxspeed": "RU:urban",
        "name": "проспект Ленина",
        "name:etymology:wikidata": "Q1394",
        "name:ru": "проспект Ленина",
        "oneway": "yes",
        "surface": "asphalt"
      },
      "geometry": {
        "type": "LineString",
        "coordinates": [
          [
            86.1042658,
            55.3446824
          ],
          [
            86.1039719,
            55.34468
          ],
          [
            86.1035052,
            55.3446741
          ],
          [
            86.1020889,
            55.3446575
          ],
          [
            86.0999463,
            55.3446415
          ],
          [
            86.0988637,
            55.34462
          ],
          [
            86.0980403,
            55.344615
          ],
          [
            86.0978768,
            55.344614
          ],
          [
            86.0974678,
            55.3446131
          ]
        ]
      },
      "id": "way/1388122057"
    },
    {
      "type": "Feature",
      "properties": {
        "@id": "way/1388122058",
        "highway": "primary",
        "lanes": "4",
        "lanes:bus": "1",
        "maxspeed": "RU:urban",
        "name": "проспект Ленина",
        "name:etymology:wikidata": "Q1394",
        "name:ru": "проспект Ленина",
        "oneway": "yes",
        "surface": "asphalt"
      },
      "geometry": {
        "type": "LineString",
        "coordinates": [
          [
            86.1042739,
            55.3445486
          ],
          [
            86.1052205,
            55.3445544
          ],
          [
            86.1077199,
            55.3445765
          ],
          [
            86.1081841,
            55.3445806
          ]
        ]
      },
      "id": "way/1388122058"
    },
    {
      "type": "Feature",
      "properties": {
        "@id": "way/1388178268",
        "highway": "secondary",
        "lanes": "3",
        "maxspeed": "RU:urban",
        "name": "Красноармейская улица",
        "name:etymology:wikidata": "Q251395",
        "oneway": "yes",
        "surface": "asphalt"
      },
      "geometry": {
        "type": "LineString",
        "coordinates": [
          [
            86.0824026,
            55.3489674
          ],
          [
            86.0825732,
            55.3489277
          ]
        ]
      },
      "id": "way/1388178268"
    },
    {
      "type": "Feature",
      "properties": {
        "@id": "way/1388196107",
        "highway": "secondary",
        "lanes": "2",
        "maxspeed": "RU:urban",
        "name": "Октябрьский проспект",
        "name:etymology:wikidata": "Q42976",
        "name:ru": "Октябрьский проспект",
        "oneway": "yes",
        "surface": "asphalt"
      },
      "geometry": {
        "type": "LineString",
        "coordinates": [
          [
            86.152591,
            55.3512068
          ],
          [
            86.1523422,
            55.3511325
          ],
          [
            86.1483257,
            55.3499309
          ],
          [
            86.1482655,
            55.3499129
          ],
          [
            86.1477755,
            55.3497667
          ]
        ]
      },
      "id": "way/1388196107"
    },
    {
      "type": "Feature",
      "properties": {
        "@id": "way/1388672364",
        "highway": "primary",
        "lanes": "3",
        "maxspeed": "RU:urban",
        "name": "Октябрьский проспект",
        "name:etymology:wikidata": "Q42976",
        "name:ru": "Октябрьский проспект",
        "oneway": "yes",
        "surface": "asphalt"
      },
      "geometry": {
        "type": "LineString",
        "coordinates": [
          [
            86.1317398,
            55.3487465
          ],
          [
            86.1315501,
            55.348746
          ]
        ]
      },
      "id": "way/1388672364"
    },
    {
      "type": "Feature",
      "properties": {
        "@id": "way/1388672365",
        "highway": "primary",
        "lanes": "2",
        "maxspeed": "RU:urban",
        "name": "Октябрьский проспект",
        "name:etymology:wikidata": "Q42976",
        "name:ru": "Октябрьский проспект",
        "oneway": "yes",
        "surface": "asphalt"
      },
      "geometry": {
        "type": "LineString",
        "coordinates": [
          [
            86.1309753,
            55.34874
          ],
          [
            86.1285485,
            55.3487053
          ],
          [
            86.1270855,
            55.3487073
          ],
          [
            86.1267736,
            55.3487058
          ]
        ]
      },
      "id": "way/1388672365"
    },
    {
      "type": "Feature",
      "properties": {
        "@id": "way/1388672366",
        "highway": "primary",
        "lanes": "2",
        "maxspeed": "RU:urban",
        "name": "Октябрьский проспект",
        "name:etymology:wikidata": "Q42976",
        "name:ru": "Октябрьский проспект",
        "oneway": "yes",
        "surface": "asphalt"
      },
      "geometry": {
        "type": "LineString",
        "coordinates": [
          [
            86.1312569,
            55.3487463
          ],
          [
            86.1310732,
            55.3487422
          ],
          [
            86.1309753,
            55.34874
          ]
        ]
      },
      "id": "way/1388672366"
    },
    {
      "type": "Feature",
      "properties": {
        "@id": "way/1388675566",
        "highway": "primary",
        "lanes": "3",
        "maxspeed": "RU:urban",
        "name": "улица Терешковой",
        "name:etymology:wikidata": "Q44371",
        "oneway": "yes",
        "surface": "asphalt"
      },
      "geometry": {
        "type": "LineString",
        "coordinates": [
          [
            86.1341266,
            55.3571298
          ],
          [
            86.1345398,
            55.356008
          ],
          [
            86.1347022,
            55.355499
          ]
        ]
      },
      "id": "way/1388675566"
    },
    {
      "type": "Feature",
      "properties": {
        "@id": "way/1420442773",
        "highway": "primary",
        "maxspeed": "RU:urban",
        "name": "2-я Камышинская улица"
      },
      "geometry": {
        "type": "LineString",
        "coordinates": [
          [
            86.0592502,
            55.3280902
          ],
          [
            86.0604902,
            55.3274299
          ],
          [
            86.0606161,
            55.3273615
          ],
          [
            86.0607091,
            55.3272979
          ],
          [
            86.0608135,
            55.3272235
          ],
          [
            86.0609091,
            55.3271458
          ],
          [
            86.0609826,
            55.3270601
          ],
          [
            86.0610419,
            55.3269639
          ],
          [
            86.0610683,
            55.3268619
          ],
          [
            86.0610819,
            55.3267672
          ],
          [
            86.0610774,
            55.3266735
          ],
          [
            86.0610497,
            55.3265005
          ],
          [
            86.0609802,
            55.3262879
          ]
        ]
      },
      "id": "way/1420442773"
    },
    {
      "type": "Feature",
      "properties": {
        "@id": "way/1420445472",
        "highway": "primary",
        "oneway": "yes"
      },
      "geometry": {
        "type": "LineString",
        "coordinates": [
          [
            86.061716,
            55.3301366
          ],
          [
            86.0616277,
            55.3301367
          ]
        ]
      },
      "id": "way/1420445472"
    },
    {
      "type": "Feature",
      "properties": {
        "@id": "way/1420445473",
        "highway": "primary",
        "lanes": "3",
        "maxspeed": "RU:urban",
        "name": "Кузнецкий проспект",
        "name:ru": "Кузнецкий проспект",
        "oneway": "yes"
      },
      "geometry": {
        "type": "LineString",
        "coordinates": [
          [
            86.06217,
            55.3304117
          ],
          [
            86.062229,
            55.3304472
          ],
          [
            86.0622884,
            55.3304834
          ],
          [
            86.0623872,
            55.3305897
          ],
          [
            86.0623524,
            55.3318141
          ],
          [
            86.0623356,
            55.3323585
          ],
          [
            86.0623238,
            55.3326565
          ],
          [
            86.0622993,
            55.3333595
          ],
          [
            86.0622934,
            55.3341274
          ]
        ]
      },
      "id": "way/1420445473"
    },
    {
      "type": "Feature",
      "properties": {
        "@id": "way/1420445474",
        "highway": "primary",
        "lanes": "2",
        "maxspeed": "RU:urban",
        "oneway": "yes"
      },
      "geometry": {
        "type": "LineString",
        "coordinates": [
          [
            86.06217,
            55.3304117
          ],
          [
            86.0621848,
            55.3303043
          ],
          [
            86.0622112,
            55.3301951
          ],
          [
            86.0622498,
            55.3301252
          ],
          [
            86.0623128,
            55.3300571
          ],
          [
            86.0624038,
            55.3299903
          ]
        ]
      },
      "id": "way/1420445474"
    },
    {
      "type": "Feature",
      "properties": {
        "@id": "way/1426995143",
        "highway": "secondary",
        "lanes": "3",
        "maxspeed": "RU:urban",
        "name": "проспект Химиков",
        "oneway": "yes",
        "surface": "asphalt"
      },
      "geometry": {
        "type": "LineString",
        "coordinates": [
          [
            86.1520748,
            55.3361343
          ],
          [
            86.152972,
            55.3364276
          ],
          [
            86.1550549,
            55.3370324
          ],
          [
            86.1553246,
            55.3371163
          ]
        ]
      },
      "id": "way/1426995143"
    },
    {
      "type": "Feature",
      "properties": {
        "@id": "way/1426995144",
        "highway": "secondary",
        "lanes": "3",
        "maxspeed": "RU:urban",
        "name": "проспект Химиков",
        "oneway": "yes",
        "surface": "asphalt"
      },
      "geometry": {
        "type": "LineString",
        "coordinates": [
          [
            86.1519921,
            55.3362144
          ],
          [
            86.1499353,
            55.3355931
          ],
          [
            86.1493105,
            55.3354044
          ],
          [
            86.1480943,
            55.3350358
          ],
          [
            86.1477783,
            55.334941
          ],
          [
            86.1474979,
            55.3348568
          ],
          [
            86.1446927,
            55.3340094
          ],
          [
            86.144515,
            55.3339557
          ]
        ]
      },
      "id": "way/1426995144"
    },
    {
      "type": "Feature",
      "properties": {
        "@id": "way/1434981296",
        "highway": "primary",
        "lanes": "2",
        "maxspeed": "RU:urban",
        "name": "улица Терешковой",
        "name:etymology:wikidata": "Q44371",
        "oneway": "yes",
        "surface": "asphalt"
      },
      "geometry": {
        "type": "LineString",
        "coordinates": [
          [
            86.1182226,
            55.3853488
          ],
          [
            86.1173334,
            55.385843
          ],
          [
            86.11604,
            55.3864045
          ]
        ]
      },
      "id": "way/1434981296"
    },
    {
      "type": "Feature",
      "properties": {
        "@id": "way/1436090415",
        "highway": "secondary",
        "lanes": "3",
        "maxspeed": "RU:urban",
        "name": "улица Сибиряков-Гвардейцев",
        "oneway": "yes",
        "surface": "asphalt"
      },
      "geometry": {
        "type": "LineString",
        "coordinates": [
          [
            86.0782091,
            55.3358643
          ],
          [
            86.0786912,
            55.3358691
          ],
          [
            86.0790934,
            55.3358731
          ],
          [
            86.0799949,
            55.3358858
          ],
          [
            86.0808845,
            55.335894
          ],
          [
            86.0818396,
            55.3358966
          ]
        ]
      },
      "id": "way/1436090415"
    },
    {
      "type": "Feature",
      "properties": {
        "@id": "way/1436608065",
        "highway": "secondary",
        "oneway": "yes"
      },
      "geometry": {
        "type": "LineString",
        "coordinates": [
          [
            86.1063582,
            55.3545398
          ],
          [
            86.1072799,
            55.3545464
          ]
        ]
      },
      "id": "way/1436608065"
    },
    {
      "type": "Feature",
      "properties": {
        "@id": "way/1436608066",
        "highway": "secondary",
        "lanes": "2",
        "maxspeed": "RU:urban",
        "name": "Притомский проспект",
        "name:ru": "Притомский проспект",
        "oneway": "yes",
        "sidewalk": "no",
        "surface": "asphalt"
      },
      "geometry": {
        "type": "LineString",
        "coordinates": [
          [
            86.1075247,
            55.3543936
          ],
          [
            86.107446,
            55.3543185
          ],
          [
            86.1073769,
            55.3542262
          ],
          [
            86.107357,
            55.3541184
          ],
          [
            86.1073602,
            55.3538322
          ],
          [
            86.1073681,
            55.3535728
          ],
          [
            86.1073617,
            55.3532815
          ],
          [
            86.1073506,
            55.353044
          ],
          [
            86.1073428,
            55.3528414
          ],
          [
            86.1072768,
            55.3524463
          ],
          [
            86.1072171,
            55.3522747
          ],
          [
            86.107174,
            55.3521706
          ]
        ]
      },
      "id": "way/1436608066"
    },
    {
      "type": "Feature",
      "properties": {
        "@id": "way/1436608067",
        "highway": "secondary",
        "maxspeed": "RU:urban",
        "oneway": "yes",
        "surface": "asphalt"
      },
      "geometry": {
        "type": "LineString",
        "coordinates": [
          [
            86.1075247,
            55.3543936
          ],
          [
            86.1075032,
            55.3544159
          ],
          [
            86.1074361,
            55.3544677
          ],
          [
            86.1073583,
            55.3545104
          ],
          [
            86.1072799,
            55.3545464
          ]
        ]
      },
      "id": "way/1436608067"
    },
    {
      "type": "Feature",
      "properties": {
        "@id": "way/1436608068",
        "highway": "secondary",
        "maxspeed": "RU:urban",
        "oneway": "yes",
        "surface": "asphalt"
      },
      "geometry": {
        "type": "LineString",
        "coordinates": [
          [
            86.1070794,
            55.3545867
          ],
          [
            86.1058617,
            55.3545806
          ],
          [
            86.105698,
            55.3545729
          ],
          [
            86.1055586,
            55.3545592
          ],
          [
            86.1052528,
            55.354518
          ],
          [
            86.1049899,
            55.3544662
          ],
          [
            86.1043538,
            55.3542091
          ]
        ]
      },
      "id": "way/1436608068"
    },
    {
      "type": "Feature",
      "properties": {
        "@id": "way/1436608069",
        "highway": "secondary",
        "oneway": "yes"
      },
      "geometry": {
        "type": "LineString",
        "coordinates": [
          [
            86.1072799,
            55.3545464
          ],
          [
            86.1078575,
            55.3545502
          ]
        ]
      },
      "id": "way/1436608069"
    },
    {
      "type": "Feature",
      "properties": {
        "@id": "way/1436608070",
        "highway": "secondary",
        "maxspeed": "RU:urban",
        "oneway": "yes",
        "surface": "asphalt"
      },
      "geometry": {
        "type": "LineString",
        "coordinates": [
          [
            86.1072799,
            55.3545464
          ],
          [
            86.1071786,
            55.3545684
          ],
          [
            86.1070794,
            55.3545867
          ]
        ]
      },
      "id": "way/1436608070"
    },
    {
      "type": "Feature",
      "properties": {
        "@id": "way/1436608071",
        "highway": "secondary",
        "lanes": "2",
        "maxspeed": "RU:urban",
        "name": "Притомский проспект",
        "name:ru": "Притомский проспект",
        "oneway": "yes",
        "sidewalk": "no",
        "surface": "asphalt"
      },
      "geometry": {
        "type": "LineString",
        "coordinates": [
          [
            86.1075798,
            55.3543235
          ],
          [
            86.1076502,
            55.3543788
          ],
          [
            86.107735,
            55.3544236
          ],
          [
            86.10785,
            55.3544728
          ],
          [
            86.1079767,
            55.3545042
          ],
          [
            86.1080857,
            55.3545244
          ],
          [
            86.1082024,
            55.3545356
          ],
          [
            86.1082771,
            55.3545418
          ]
        ]
      },
      "id": "way/1436608071"
    },
    {
      "type": "Feature",
      "properties": {
        "@id": "way/1436608072",
        "highway": "secondary",
        "lanes": "2",
        "maxspeed": "RU:urban",
        "name": "Притомский проспект",
        "name:ru": "Притомский проспект",
        "oneway": "yes",
        "sidewalk": "no",
        "surface": "asphalt"
      },
      "geometry": {
        "type": "LineString",
        "coordinates": [
          [
            86.1078575,
            55.3545502
          ],
          [
            86.1077257,
            55.3545133
          ],
          [
            86.1076631,
            55.3544847
          ],
          [
            86.1075857,
            55.3544329
          ],
          [
            86.1075247,
            55.3543936
          ]
        ]
      },
      "id": "way/1436608072"
    },
    {
      "type": "Feature",
      "properties": {
        "@id": "way/1436608073",
        "highway": "secondary",
        "oneway": "yes"
      },
      "geometry": {
        "type": "LineString",
        "coordinates": [
          [
            86.1078575,
            55.3545502
          ],
          [
            86.1082771,
            55.3545418
          ]
        ]
      },
      "id": "way/1436608073"
    },
    {
      "type": "Feature",
      "properties": {
        "@id": "way/1436608074",
        "highway": "secondary",
        "lanes": "2",
        "maxspeed": "RU:urban",
        "name": "Притомский проспект",
        "name:ru": "Притомский проспект",
        "oneway": "yes",
        "sidewalk": "no",
        "surface": "asphalt"
      },
      "geometry": {
        "type": "LineString",
        "coordinates": [
          [
            86.1082771,
            55.3545418
          ],
          [
            86.1085499,
            55.3545397
          ],
          [
            86.1087959,
            55.3545407
          ]
        ]
      },
      "id": "way/1436608074"
    },
    {
      "type": "Feature",
      "properties": {
        "@id": "way/1436608075",
        "highway": "secondary",
        "lanes": "2",
        "maxspeed": "RU:urban",
        "name": "Притомский проспект",
        "name:ru": "Притомский проспект",
        "oneway": "yes",
        "sidewalk": "no",
        "surface": "asphalt"
      },
      "geometry": {
        "type": "LineString",
        "coordinates": [
          [
            86.1082806,
            55.3546105
          ],
          [
            86.1080053,
            55.3545742
          ],
          [
            86.1078575,
            55.3545502
          ]
        ]
      },
      "id": "way/1436608075"
    },
    {
      "type": "Feature",
      "properties": {
        "@id": "way/1436609926",
        "highway": "secondary",
        "lanes": "3",
        "maxspeed": "RU:urban",
        "surface": "asphalt"
      },
      "geometry": {
        "type": "LineString",
        "coordinates": [
          [
            86.097651,
            55.3519425
          ],
          [
            86.0978267,
            55.3520822
          ],
          [
            86.0978901,
            55.3521681
          ],
          [
            86.0979419,
            55.3522846
          ],
          [
            86.0979453,
            55.3523966
          ]
        ]
      },
      "id": "way/1436609926"
    },
    {
      "type": "Feature",
      "properties": {
        "@id": "way/1436895485",
        "highway": "primary",
        "lanes": "4",
        "maxspeed": "RU:urban",
        "name": "Советский проспект",
        "name:ru": "Советский проспект",
        "oneway": "yes",
        "surface": "asphalt"
      },
      "geometry": {
        "type": "LineString",
        "coordinates": [
          [
            86.0720149,
            55.3585537
          ],
          [
            86.0703767,
            55.358935
          ],
          [
            86.069567,
            55.3591207
          ],
          [
            86.0693929,
            55.3591615
          ],
          [
            86.0690712,
            55.3592408
          ]
        ]
      },
      "id": "way/1436895485"
    },
    {
      "type": "Feature",
      "properties": {
        "@id": "way/1447073439",
        "highway": "secondary",
        "name": "Комсомольский проспект",
        "oneway": "yes",
        "opening_date": "2025-08-31"
      },
      "geometry": {
        "type": "LineString",
        "coordinates": [
          [
            86.191195,
            55.3298747
          ],
          [
            86.1926701,
            55.3302725
          ],
          [
            86.1933241,
            55.3307541
          ],
          [
            86.1937597,
            55.3312984
          ],
          [
            86.1941149,
            55.3328579
          ],
          [
            86.1941236,
            55.3343407
          ]
        ]
      },
      "id": "way/1447073439"
    },
    {
      "type": "Feature",
      "properties": {
        "@id": "way/1447073440",
        "highway": "secondary",
        "name": "Комсомольский проспект",
        "oneway": "yes",
        "opening_date": "2025-08-31"
      },
      "geometry": {
        "type": "LineString",
        "coordinates": [
          [
            86.1939888,
            55.3343438
          ],
          [
            86.1939899,
            55.3328637
          ],
          [
            86.1936673,
            55.3313134
          ],
          [
            86.1932231,
            55.3307817
          ],
          [
            86.1926164,
            55.3303392
          ],
          [
            86.191144,
            55.3299359
          ]
        ]
      },
      "id": "way/1447073440"
    },
    {
      "type": "Feature",
      "properties": {
        "@id": "way/1449280554",
        "highway": "secondary",
        "lanes": "2",
        "maxspeed": "RU:urban",
        "name": "бульвар Строителей",
        "oneway": "no",
        "surface": "asphalt"
      },
      "geometry": {
        "type": "LineString",
        "coordinates": [
          [
            86.1756505,
            55.3331212
          ],
          [
            86.1756828,
            55.3330861
          ]
        ]
      },
      "id": "way/1449280554"
    },
    {
      "type": "Feature",
      "properties": {
        "@id": "way/1454363805",
        "highway": "primary",
        "lanes": "3",
        "lanes:forward": "1",
        "maxspeed": "RU:urban",
        "name": "Кузнецкий проспект",
        "name:ru": "Кузнецкий проспект"
      },
      "geometry": {
        "type": "LineString",
        "coordinates": [
          [
            86.0587689,
            55.3283512
          ],
          [
            86.0590702,
            55.328539
          ]
        ]
      },
      "id": "way/1454363805"
    },
    {
      "type": "Feature",
      "properties": {
        "@id": "way/1458006085",
        "highway": "primary",
        "lanes": "3",
        "maxspeed": "RU:urban",
        "name": "Кузнецкий проспект",
        "name:ru": "Кузнецкий проспект",
        "oneway": "yes"
      },
      "geometry": {
        "type": "LineString",
        "coordinates": [
          [
            86.0622934,
            55.3341274
          ],
          [
            86.0622883,
            55.3342839
          ],
          [
            86.0622602,
            55.3353039
          ],
          [
            86.0622694,
            55.3363341
          ],
          [
            86.0622714,
            55.3387152
          ],
          [
            86.0622603,
            55.3388674
          ],
          [
            86.0622543,
            55.3389654
          ]
        ]
      },
      "id": "way/1458006085"
    },
    {
      "type": "Feature",
      "properties": {
        "@id": "way/1458006087",
        "highway": "primary",
        "lanes": "3",
        "maxspeed": "RU:urban",
        "name": "Кузнецкий проспект",
        "name:ru": "Кузнецкий проспект",
        "oneway": "yes"
      },
      "geometry": {
        "type": "LineString",
        "coordinates": [
          [
            86.0620392,
            55.3341382
          ],
          [
            86.0620794,
            55.3326026
          ],
          [
            86.0621048,
            55.3316012
          ],
          [
            86.0621223,
            55.3308567
          ],
          [
            86.0620542,
            55.3306178
          ],
          [
            86.0620106,
            55.3305111
          ],
          [
            86.0619382,
            55.3304036
          ],
          [
            86.061776,
            55.3302513
          ],
          [
            86.0616277,
            55.3301367
          ],
          [
            86.061474,
            55.3300179
          ]
        ]
      },
      "id": "way/1458006087"
    },
    {
      "type": "Feature",
      "properties": {
        "@id": "way/1458615436",
        "highway": "primary",
        "lanes": "2",
        "maxspeed": "RU:urban",
        "name": "улица Тухачевского",
        "oneway": "yes",
        "surface": "asphalt"
      },
      "geometry": {
        "type": "LineString",
        "coordinates": [
          [
            86.1317374,
            55.336179
          ],
          [
            86.1317343,
            55.3355167
          ]
        ]
      },
      "id": "way/1458615436"
    }
  ]
}