{
  "type": "FeatureCollection",
  "generator": "overpass-turbo",
  "copyright": "The data included in this document is from www.openstreetmap.org. The data is made available under ODbL.",
  "timestamp": "2025-12-25T06:18:37Z",
  "features": [
    {
      "type": "Feature",
      "properties": {
        "@id": "way/25727531",
        "highway": "primary",
        "maxspeed": "RU:rural",
        "name": "Обход г. Новокузнецка",
        "ref": "32К-178",
        "surface": "asphalt"
      },
      "geometry": {
        "type": "LineString",
        "coordinates": [
          [
            86.9946026,
            53.6969881
          ],
          [
            86.9965909,
            53.6962142
          ],
          [
            86.9973233,
            53.6958965
          ],
          [
            86.9980256,
            53.6955454
          ],
          [
            86.9987514,
            53.6951574
          ],
          [
            86.9991614,
            53.6948989
          ]
        ]
      },
      "id": "way/25727531"
    },
    {
      "type": "Feature",
      "properties": {
        "@id": "way/26359853",
        "highway": "secondary"
      },
      "geometry": {
        "type": "LineString",
        "coordinates": [
          [
            86.9998528,
            53.6947958
          ],
          [
            87.0000154,
            53.6948612
          ],
          [
            87.0003333,
            53.6948786
          ],
          [
            87.0008294,
            53.6948681
          ],
          [
            87.001193,
            53.6948322
          ],
          [
            87.0015812,
            53.6947519
          ],
          [
            87.0021492,
            53.6945792
          ],
          [
            87.0023994,
            53.6944957
          ],
          [
            87.0027221,
            53.6943741
          ],
          [
            87.00341,
            53.6941188
          ],
          [
            87.0040179,
            53.6938849
          ],
          [
            87.0042652,
            53.693777
          ]
        ]
      },
      "id": "way/26359853"
    },
    {
      "type": "Feature",
      "properties": {
        "@id": "way/26359854",
        "highway": "secondary",
        "oneway": "yes"
      },
      "geometry": {
        "type": "LineString",
        "coordinates": [
          [
            86.9997924,
            53.6944539
          ],
          [
            86.9997378,
            53.6945163
          ],
          [
            86.999724,
            53.6945925
          ],
          [
            86.9997498,
            53.6947043
          ],
          [
            86.9998528,
            53.6947958
          ]
        ]
      },
      "id": "way/26359854"
    },
    {
      "type": "Feature",
      "properties": {
        "@id": "way/26359919",
        "highway": "secondary"
      },
      "geometry": {
        "type": "LineString",
        "coordinates": [
          [
            87.0205678,
            53.7453141
          ],
          [
            87.0204553,
            53.7451252
          ],
          [
            87.0204543,
            53.7450525
          ],
          [
            87.0205116,
            53.7449933
          ],
          [
            87.0206681,
            53.7449451
          ],
          [
            87.0208663,
            53.7448841
          ],
          [
            87.021725,
            53.7446951
          ],
          [
            87.0219616,
            53.7446515
          ],
          [
            87.0236209,
            53.7444089
          ],
          [
            87.0241626,
            53.7443572
          ],
          [
            87.0249373,
            53.7443212
          ],
          [
            87.0259052,
            53.7443067
          ],
          [
            87.0264399,
            53.7443094
          ],
          [
            87.0270116,
            53.7443363
          ],
          [
            87.028366,
            53.7444091
          ],
          [
            87.0287881,
            53.7444078
          ],
          [
            87.0290507,
            53.7443848
          ],
          [
            87.0309279,
            53.7440912
          ],
          [
            87.0312764,
            53.7440164
          ],
          [
            87.0315573,
            53.7439181
          ],
          [
            87.0319487,
            53.7437191
          ],
          [
            87.0322796,
            53.7435438
          ],
          [
            87.034117,
            53.7425078
          ]
        ]
      },
      "id": "way/26359919"
    },
    {
      "type": "Feature",
      "properties": {
        "@id": "way/26365001",
        "highway": "primary",
        "maxspeed": "60",
        "name": "Рудокопровая улица",
        "surface": "asphalt"
      },
      "geometry": {
        "type": "LineString",
        "coordinates": [
          [
            87.0915534,
            53.764855
          ],
          [
            87.0915747,
            53.7646853
          ],
          [
            87.0916236,
            53.7644244
          ],
          [
            87.0916329,
            53.7643708
          ],
          [
            87.0916936,
            53.7640778
          ],
          [
            87.091797,
            53.7635777
          ],
          [
            87.0924734,
            53.7622734
          ],
          [
            87.0927462,
            53.7617474
          ],
          [
            87.0927744,
            53.7615868
          ],
          [
            87.0927635,
            53.7614703
          ],
          [
            87.092732,
            53.7613274
          ],
          [
            87.0926395,
            53.7612046
          ],
          [
            87.0925006,
            53.7610591
          ],
          [
            87.0922247,
            53.7607967
          ],
          [
            87.0918145,
            53.7604065
          ],
          [
            87.0915354,
            53.7601403
          ],
          [
            87.0913978,
            53.7600076
          ],
          [
            87.0911988,
            53.7598171
          ],
          [
            87.0908579,
            53.7594908
          ],
          [
            87.0906241,
            53.759267
          ],
          [
            87.0905812,
            53.759226
          ],
          [
            87.0902379,
            53.7588811
          ],
          [
            87.0901089,
            53.7587516
          ],
          [
            87.0898331,
            53.7584746
          ],
          [
            87.0896137,
            53.7582542
          ],
          [
            87.0894644,
            53.7581043
          ],
          [
            87.0892299,
            53.7578565
          ],
          [
            87.0891758,
            53.7577993
          ],
          [
            87.0887813,
            53.757339
          ],
          [
            87.0887206,
            53.7571479
          ]
        ]
      },
      "id": "way/26365001"
    },
    {
      "type": "Feature",
      "properties": {
        "@id": "way/26365004",
        "highway": "secondary",
        "lanes": "4",
        "maxspeed": "RU:urban",
        "name": "Заводское шоссе",
        "surface": "asphalt"
      },
      "geometry": {
        "type": "LineString",
        "coordinates": [
          [
            87.1429482,
            53.7825572
          ],
          [
            87.1442735,
            53.7827003
          ],
          [
            87.1449226,
            53.7828022
          ],
          [
            87.1452737,
            53.7828391
          ]
        ]
      },
      "id": "way/26365004"
    },
    {
      "type": "Feature",
      "properties": {
        "@id": "way/26367957",
        "bridge": "yes",
        "highway": "secondary",
        "lanes": "4",
        "layer": "1",
        "maxspeed": "RU:urban",
        "name": "Запсибовский мост",
        "surface": "asphalt"
      },
      "geometry": {
        "type": "LineString",
        "coordinates": [
          [
            87.1429482,
            53.7825572
          ],
          [
            87.1369444,
            53.781829
          ]
        ]
      },
      "id": "way/26367957"
    },
    {
      "type": "Feature",
      "properties": {
        "@id": "way/26367960",
        "highway": "secondary",
        "lanes": "4",
        "maxspeed": "RU:urban",
        "surface": "asphalt"
      },
      "geometry": {
        "type": "LineString",
        "coordinates": [
          [
            87.1369444,
            53.781829
          ],
          [
            87.1343473,
            53.7814872
          ]
        ]
      },
      "id": "way/26367960"
    },
    {
      "type": "Feature",
      "properties": {
        "@id": "way/28031491",
        "highway": "secondary",
        "name": "улица Орджоникидзе",
        "oneway": "yes"
      },
      "geometry": {
        "type": "LineString",
        "coordinates": [
          [
            87.0968708,
            53.7667743
          ],
          [
            87.0968217,
            53.7669032
          ],
          [
            87.096509,
            53.7676853
          ]
        ]
      },
      "id": "way/28031491"
    },
    {
      "type": "Feature",
      "properties": {
        "@id": "way/31945401",
        "highway": "primary",
        "name": "Транспортная улица",
        "oneway": "yes",
        "surface": "asphalt"
      },
      "geometry": {
        "type": "LineString",
        "coordinates": [
          [
            87.1577738,
            53.7446504
          ],
          [
            87.1578777,
            53.7447728
          ],
          [
            87.1579984,
            53.7448713
          ],
          [
            87.1581859,
            53.7449684
          ]
        ]
      },
      "id": "way/31945401"
    },
    {
      "type": "Feature",
      "properties": {
        "@id": "way/31946288",
        "highway": "primary",
        "name": "Мурманская улица",
        "old_ref": "32К-2",
        "surface": "asphalt"
      },
      "geometry": {
        "type": "LineString",
        "coordinates": [
          [
            87.311146,
            53.7775774
          ],
          [
            87.3103923,
            53.7787789
          ],
          [
            87.3095955,
            53.779969
          ]
        ]
      },
      "id": "way/31946288"
    },
    {
      "type": "Feature",
      "properties": {
        "@id": "way/31946291",
        "bridge": "yes",
        "highway": "primary",
        "layer": "1",
        "maxspeed": "60",
        "maxweight": "15",
        "name": "Байдаевский мост",
        "old_ref": "32К-2",
        "surface": "asphalt"
      },
      "geometry": {
        "type": "LineString",
        "coordinates": [
          [
            87.3128459,
            53.7748736
          ],
          [
            87.311146,
            53.7775774
          ]
        ]
      },
      "id": "way/31946291"
    },
    {
      "type": "Feature",
      "properties": {
        "@id": "way/31946293",
        "bridge": "yes",
        "highway": "primary",
        "layer": "1",
        "maxspeed": "60",
        "name": "Кузнецкий мост",
        "old_ref": "32К-2",
        "oneway": "yes",
        "surface": "asphalt"
      },
      "geometry": {
        "type": "LineString",
        "coordinates": [
          [
            87.1751057,
            53.7643812
          ],
          [
            87.1718191,
            53.7605999
          ]
        ]
      },
      "id": "way/31946293"
    },
    {
      "type": "Feature",
      "properties": {
        "@id": "way/31946295",
        "highway": "primary",
        "maxspeed": "60",
        "old_ref": "32К-2",
        "oneway": "yes",
        "surface": "asphalt"
      },
      "geometry": {
        "type": "LineString",
        "coordinates": [
          [
            87.1718191,
            53.7605999
          ],
          [
            87.171387,
            53.7600836
          ],
          [
            87.1705101,
            53.7591267
          ]
        ]
      },
      "id": "way/31946295"
    },
    {
      "type": "Feature",
      "properties": {
        "@id": "way/33279104",
        "highway": "primary",
        "junction": "roundabout",
        "lanes": "3",
        "old_ref": "32К-2",
        "oneway": "yes",
        "surface": "asphalt",
        "width": "20"
      },
      "geometry": {
        "type": "LineString",
        "coordinates": [
          [
            87.1364449,
            53.7579562
          ],
          [
            87.1362687,
            53.7579977
          ],
          [
            87.1361301,
            53.7580103
          ],
          [
            87.1360769,
            53.7580079
          ],
          [
            87.1359328,
            53.7580014
          ],
          [
            87.1357915,
            53.7579744
          ]
        ]
      },
      "id": "way/33279104"
    },
    {
      "type": "Feature",
      "properties": {
        "@id": "way/33282489",
        "highway": "primary",
        "junction": "roundabout",
        "lanes": "2",
        "name": "Кольцо на Хлебозаводе",
        "oneway": "yes",
        "surface": "asphalt",
        "trolley_wire": "yes",
        "width": "6"
      },
      "geometry": {
        "type": "LineString",
        "coordinates": [
          [
            87.1577213,
            53.7444978
          ],
          [
            87.1577599,
            53.7445726
          ],
          [
            87.1577738,
            53.7446504
          ],
          [
            87.1577526,
            53.7447552
          ],
          [
            87.1576868,
            53.7448533
          ],
          [
            87.1575808,
            53.7449383
          ],
          [
            87.1574178,
            53.7450127
          ],
          [
            87.1572249,
            53.7450555
          ],
          [
            87.1570193,
            53.7450629
          ],
          [
            87.1568191,
            53.7450342
          ],
          [
            87.1566644,
            53.7449825
          ],
          [
            87.156537,
            53.7449091
          ],
          [
            87.1564453,
            53.744819
          ],
          [
            87.1563889,
            53.7446842
          ],
          [
            87.1564118,
            53.7445459
          ],
          [
            87.1565114,
            53.7444201
          ],
          [
            87.1566677,
            53.7443249
          ],
          [
            87.1568671,
            53.7442642
          ],
          [
            87.1570889,
            53.7442444
          ],
          [
            87.1572817,
            53.744262
          ],
          [
            87.1574658,
            53.7443135
          ],
          [
            87.1576167,
            53.7443944
          ],
          [
            87.1577213,
            53.7444978
          ]
        ]
      },
      "id": "way/33282489"
    },
    {
      "type": "Feature",
      "properties": {
        "@id": "way/33282493",
        "highway": "secondary",
        "lanes": "4",
        "maxspeed": "60",
        "name": "проспект Курако",
        "name:en": "Kurako avenue",
        "name:ru": "проспект Курако",
        "oneway": "yes",
        "surface": "asphalt"
      },
      "geometry": {
        "type": "LineString",
        "coordinates": [
          [
            87.1173233,
            53.7479499
          ],
          [
            87.117206,
            53.7479764
          ],
          [
            87.1171055,
            53.7480073
          ],
          [
            87.1170156,
            53.7480528
          ],
          [
            87.1159666,
            53.7488723
          ],
          [
            87.1132427,
            53.7510226
          ]
        ]
      },
      "id": "way/33282493"
    },
    {
      "type": "Feature",
      "properties": {
        "@id": "way/33457504",
        "highway": "secondary",
        "oneway": "yes"
      },
      "geometry": {
        "type": "LineString",
        "coordinates": [
          [
            87.1849293,
            53.7681743
          ],
          [
            87.1850774,
            53.7683238
          ],
          [
            87.1851343,
            53.7683835
          ],
          [
            87.1852015,
            53.7684656
          ]
        ]
      },
      "id": "way/33457504"
    },
    {
      "type": "Feature",
      "properties": {
        "@id": "way/33502303",
        "highway": "primary",
        "maxheight": "3.6",
        "old_ref": "Р366",
        "oneway": "yes",
        "surface": "asphalt"
      },
      "geometry": {
        "type": "LineString",
        "coordinates": [
          [
            87.1261225,
            53.743174
          ],
          [
            87.1259701,
            53.7430792
          ],
          [
            87.1258788,
            53.7430213
          ],
          [
            87.1253598,
            53.742613
          ],
          [
            87.1252375,
            53.7424616
          ]
        ]
      },
      "id": "way/33502303"
    },
    {
      "type": "Feature",
      "properties": {
        "@id": "way/33510093",
        "highway": "secondary",
        "oneway": "yes"
      },
      "geometry": {
        "type": "LineString",
        "coordinates": [
          [
            87.2802634,
            53.7810293
          ],
          [
            87.2770264,
            53.7810883
          ],
          [
            87.274805,
            53.7811221
          ],
          [
            87.2744235,
            53.7811181
          ],
          [
            87.2740722,
            53.7811106
          ],
          [
            87.2737039,
            53.7810917
          ],
          [
            87.2733549,
            53.7810639
          ],
          [
            87.2730184,
            53.781008
          ],
          [
            87.2726616,
            53.7809258
          ],
          [
            87.2723799,
            53.7808551
          ],
          [
            87.2721907,
            53.7807934
          ],
          [
            87.2719958,
            53.7807181
          ],
          [
            87.2717831,
            53.7806325
          ],
          [
            87.2715819,
            53.7805374
          ],
          [
            87.2713861,
            53.780436
          ],
          [
            87.2711999,
            53.7803261
          ],
          [
            87.2705478,
            53.7798772
          ],
          [
            87.2695899,
            53.7791942
          ],
          [
            87.2693074,
            53.7789842
          ],
          [
            87.2690016,
            53.7787639
          ],
          [
            87.2687088,
            53.7785673
          ],
          [
            87.2684736,
            53.7784309
          ],
          [
            87.2682412,
            53.7782963
          ],
          [
            87.2678876,
            53.778104
          ],
          [
            87.2675145,
            53.7779046
          ],
          [
            87.2671175,
            53.7777014
          ],
          [
            87.267,
            53.7776536
          ],
          [
            87.2668936,
            53.7776208
          ],
          [
            87.2667843,
            53.7775959
          ],
          [
            87.2666748,
            53.7775924
          ],
          [
            87.2665948,
            53.7776062
          ],
          [
            87.2665136,
            53.7776259
          ]
        ]
      },
      "id": "way/33510093"
    },
    {
      "type": "Feature",
      "properties": {
        "@id": "way/33556055",
        "highway": "primary",
        "name": "улица Кирова",
        "name:en": "Kirov street",
        "name:etymology:wikidata": "Q207682",
        "name:ru": "улица Кирова",
        "old_ref": "32К-2",
        "oneway": "yes",
        "surface": "asphalt"
      },
      "geometry": {
        "type": "LineString",
        "coordinates": [
          [
            87.1354689,
            53.7578115
          ],
          [
            87.1350076,
            53.7575883
          ]
        ]
      },
      "id": "way/33556055"
    },
    {
      "type": "Feature",
      "properties": {
        "@id": "way/33560283",
        "highway": "secondary",
        "oneway": "yes"
      },
      "geometry": {
        "type": "LineString",
        "coordinates": [
          [
            87.1263819,
            53.7434806
          ],
          [
            87.1258779,
            53.7435382
          ],
          [
            87.1255985,
            53.7435893
          ]
        ]
      },
      "id": "way/33560283"
    },
    {
      "type": "Feature",
      "properties": {
        "@id": "way/33562616",
        "highway": "primary",
        "lanes": "3",
        "maxspeed": "RU:urban",
        "oneway": "yes",
        "surface": "asphalt"
      },
      "geometry": {
        "type": "LineString",
        "coordinates": [
          [
            87.1270108,
            53.7769765
          ],
          [
            87.127374,
            53.7769125
          ],
          [
            87.1276216,
            53.7767834
          ]
        ]
      },
      "id": "way/33562616"
    },
    {
      "type": "Feature",
      "properties": {
        "@id": "way/33562617",
        "highway": "secondary",
        "maxspeed": "60",
        "oneway": "yes"
      },
      "geometry": {
        "type": "LineString",
        "coordinates": [
          [
            87.1289002,
            53.788651
          ],
          [
            87.1290513,
            53.7887918
          ],
          [
            87.1291317,
            53.788998
          ]
        ]
      },
      "id": "way/33562617"
    },
    {
      "type": "Feature",
      "properties": {
        "@id": "way/33562621",
        "highway": "primary",
        "junction": "roundabout",
        "lanes": "3",
        "maxspeed": "RU:urban",
        "surface": "asphalt"
      },
      "geometry": {
        "type": "LineString",
        "coordinates": [
          [
            87.1276216,
            53.7767834
          ],
          [
            87.1276293,
            53.7766427
          ],
          [
            87.1277068,
            53.7765187
          ],
          [
            87.1278449,
            53.7764145
          ],
          [
            87.1280302,
            53.7763403
          ],
          [
            87.128245,
            53.7763032
          ],
          [
            87.12839,
            53.7763008
          ],
          [
            87.1286131,
            53.7763318
          ],
          [
            87.1288085,
            53.7764025
          ],
          [
            87.1289566,
            53.7765058
          ],
          [
            87.1290426,
            53.7766313
          ],
          [
            87.129058,
            53.7767654
          ],
          [
            87.129002,
            53.7768957
          ],
          [
            87.1289049,
            53.7769919
          ],
          [
            87.1287688,
            53.7770699
          ],
          [
            87.1286031,
            53.7771242
          ],
          [
            87.1284191,
            53.7771513
          ],
          [
            87.1282071,
            53.7771469
          ],
          [
            87.1280063,
            53.7771063
          ],
          [
            87.1278209,
            53.7770253
          ],
          [
            87.1276882,
            53.7769139
          ],
          [
            87.1276216,
            53.7767834
          ]
        ]
      },
      "id": "way/33562621"
    },
    {
      "type": "Feature",
      "properties": {
        "@id": "way/33562622",
        "highway": "secondary",
        "junction": "roundabout",
        "lanes": "2",
        "maxspeed": "RU:urban",
        "oneway": "yes",
        "surface": "asphalt"
      },
      "geometry": {
        "type": "LineString",
        "coordinates": [
          [
            87.1188422,
            53.7685661
          ],
          [
            87.1189916,
            53.7686091
          ],
          [
            87.1191559,
            53.7686874
          ],
          [
            87.1192843,
            53.7688069
          ],
          [
            87.1193363,
            53.7689452
          ],
          [
            87.1193057,
            53.7690856
          ],
          [
            87.119196,
            53.7692115
          ],
          [
            87.1190205,
            53.7693079
          ],
          [
            87.1189201,
            53.7693397
          ],
          [
            87.118732,
            53.7693704
          ],
          [
            87.1185369,
            53.769369
          ],
          [
            87.1183502,
            53.7693354
          ],
          [
            87.1181979,
            53.7692782
          ],
          [
            87.1180757,
            53.7691997
          ],
          [
            87.1179919,
            53.7691052
          ],
          [
            87.1179496,
            53.7689736
          ],
          [
            87.1179812,
            53.7688409
          ],
          [
            87.1180984,
            53.7687104
          ],
          [
            87.1181729,
            53.7686622
          ],
          [
            87.1182799,
            53.7686143
          ],
          [
            87.1184006,
            53.7685795
          ],
          [
            87.1185958,
            53.7685546
          ],
          [
            87.1188422,
            53.7685661
          ]
        ]
      },
      "id": "way/33562622"
    },
    {
      "type": "Feature",
      "properties": {
        "@id": "way/33562624",
        "foot": "yes",
        "highway": "secondary",
        "junction": "roundabout",
        "lanes": "2",
        "lit": "yes",
        "maxspeed": "60",
        "oneway": "yes",
        "shoulder": "no",
        "sidewalk": "no",
        "smoothness": "good",
        "surface": "asphalt"
      },
      "geometry": {
        "type": "LineString",
        "coordinates": [
          [
            87.1326225,
            53.8855675
          ],
          [
            87.1325319,
            53.8855153
          ],
          [
            87.1324371,
            53.8853919
          ],
          [
            87.1324315,
            53.8853663
          ],
          [
            87.1324468,
            53.8852721
          ],
          [
            87.1325039,
            53.8851971
          ],
          [
            87.132613,
            53.8851277
          ],
          [
            87.1327497,
            53.8850856
          ],
          [
            87.1329705,
            53.8850798
          ],
          [
            87.1331916,
            53.8851256
          ],
          [
            87.1333144,
            53.8852143
          ],
          [
            87.1333644,
            53.8852726
          ],
          [
            87.1333562,
            53.8854086
          ],
          [
            87.1332809,
            53.8855182
          ],
          [
            87.1331637,
            53.8855756
          ],
          [
            87.13307,
            53.8855962
          ],
          [
            87.1329134,
            53.8856168
          ],
          [
            87.1327542,
            53.8856047
          ],
          [
            87.1326225,
            53.8855675
          ]
        ]
      },
      "id": "way/33562624"
    },
    {
      "type": "Feature",
      "properties": {
        "@id": "way/33562626",
        "highway": "secondary",
        "junction": "roundabout",
        "oneway": "yes"
      },
      "geometry": {
        "type": "LineString",
        "coordinates": [
          [
            87.1079612,
            53.7505433
          ],
          [
            87.1078838,
            53.7505669
          ],
          [
            87.1077982,
            53.7505763
          ],
          [
            87.1077116,
            53.7505709
          ],
          [
            87.1076328,
            53.7505514
          ],
          [
            87.1075664,
            53.7505197
          ],
          [
            87.1075179,
            53.7504782
          ],
          [
            87.107491,
            53.7504302
          ],
          [
            87.107489,
            53.7503756
          ],
          [
            87.1075152,
            53.7503231
          ],
          [
            87.1075613,
            53.7502817
          ],
          [
            87.1076249,
            53.7502495
          ],
          [
            87.1077012,
            53.7502289
          ],
          [
            87.1077841,
            53.7502216
          ],
          [
            87.1078738,
            53.7502292
          ],
          [
            87.1079555,
            53.7502524
          ],
          [
            87.1080276,
            53.7502934
          ],
          [
            87.1080729,
            53.7503461
          ],
          [
            87.1080864,
            53.7504047
          ],
          [
            87.1080666,
            53.7504627
          ],
          [
            87.1080239,
            53.7505076
          ],
          [
            87.1079612,
            53.7505433
          ]
        ]
      },
      "id": "way/33562626"
    },
    {
      "type": "Feature",
      "properties": {
        "@id": "way/33562627",
        "highway": "secondary",
        "surface": "asphalt"
      },
      "geometry": {
        "type": "LineString",
        "coordinates": [
          [
            87.1119398,
            53.7514753
          ],
          [
            87.1118657,
            53.7514023
          ],
          [
            87.1117598,
            53.7512643
          ],
          [
            87.1116242,
            53.7510634
          ],
          [
            87.1115487,
            53.7509514
          ],
          [
            87.1110277,
            53.7501534
          ],
          [
            87.11098,
            53.750081
          ],
          [
            87.1108854,
            53.7499375
          ],
          [
            87.1107939,
            53.7498237
          ],
          [
            87.1106778,
            53.7497313
          ],
          [
            87.1105294,
            53.7496411
          ],
          [
            87.1103877,
            53.7495996
          ],
          [
            87.1102745,
            53.7495822
          ],
          [
            87.1101528,
            53.7495663
          ],
          [
            87.1099824,
            53.7495744
          ],
          [
            87.1098431,
            53.7495962
          ],
          [
            87.1096594,
            53.7496549
          ],
          [
            87.1093623,
            53.7497578
          ],
          [
            87.1092251,
            53.7498109
          ],
          [
            87.1086518,
            53.7500364
          ]
        ]
      },
      "id": "way/33562627"
    },
    {
      "type": "Feature",
      "properties": {
        "@id": "way/33562628",
        "highway": "primary",
        "junction": "roundabout",
        "lanes": "2",
        "maxspeed": "60",
        "oneway": "yes",
        "surface": "asphalt"
      },
      "geometry": {
        "type": "LineString",
        "coordinates": [
          [
            87.136216,
            53.7708235
          ],
          [
            87.1363659,
            53.7708052
          ]
        ]
      },
      "id": "way/33562628"
    },
    {
      "type": "Feature",
      "properties": {
        "@id": "way/33562629",
        "highway": "secondary",
        "junction": "roundabout",
        "oneway": "yes"
      },
      "geometry": {
        "type": "LineString",
        "coordinates": [
          [
            87.1263188,
            53.7662798
          ],
          [
            87.1261306,
            53.7662412
          ],
          [
            87.1260005,
            53.7661908
          ],
          [
            87.1258941,
            53.7660987
          ],
          [
            87.1258418,
            53.7660214
          ],
          [
            87.1258313,
            53.7659383
          ],
          [
            87.1258696,
            53.7658332
          ],
          [
            87.1265473,
            53.7654803
          ],
          [
            87.1267978,
            53.7654444
          ],
          [
            87.1269384,
            53.7654559
          ],
          [
            87.1270726,
            53.7654915
          ],
          [
            87.1271661,
            53.7655362
          ],
          [
            87.1272814,
            53.765627
          ],
          [
            87.1273362,
            53.765803
          ],
          [
            87.1272985,
            53.7658727
          ],
          [
            87.1266411,
            53.7662599
          ],
          [
            87.1263188,
            53.7662798
          ]
        ]
      },
      "id": "way/33562629"
    },
    {
      "type": "Feature",
      "properties": {
        "@id": "way/33562630",
        "highway": "primary",
        "junction": "roundabout",
        "oneway": "yes",
        "surface": "asphalt"
      },
      "geometry": {
        "type": "LineString",
        "coordinates": [
          [
            87.1264759,
            53.7434904
          ],
          [
            87.1263819,
            53.7434806
          ],
          [
            87.126265,
            53.7434465
          ],
          [
            87.126173,
            53.743392
          ],
          [
            87.1261155,
            53.7433228
          ],
          [
            87.1260988,
            53.7432463
          ],
          [
            87.1261225,
            53.743174
          ],
          [
            87.1261663,
            53.7431231
          ],
          [
            87.1262295,
            53.7430798
          ],
          [
            87.1263085,
            53.7430468
          ],
          [
            87.1264166,
            53.7430235
          ],
          [
            87.1265314,
            53.7430194
          ],
          [
            87.1266452,
            53.7430352
          ],
          [
            87.1267465,
            53.7430699
          ],
          [
            87.1268263,
            53.7431204
          ],
          [
            87.126878,
            53.7431825
          ],
          [
            87.1268878,
            53.7432041
          ],
          [
            87.1268957,
            53.7432346
          ],
          [
            87.1268872,
            53.7433069
          ],
          [
            87.1268422,
            53.7433742
          ],
          [
            87.1267648,
            53.7434303
          ],
          [
            87.1266622,
            53.7434699
          ],
          [
            87.1265712,
            53.7434868
          ],
          [
            87.1264759,
            53.7434904
          ]
        ]
      },
      "id": "way/33562630"
    },
    {
      "type": "Feature",
      "properties": {
        "@id": "way/33768953",
        "highway": "primary",
        "lanes": "2",
        "maxspeed": "RU:urban",
        "oneway": "yes",
        "surface": "asphalt"
      },
      "geometry": {
        "type": "LineString",
        "coordinates": [
          [
            87.12839,
            53.7763008
          ],
          [
            87.1287139,
            53.7762269
          ],
          [
            87.1291188,
            53.7761602
          ]
        ]
      },
      "id": "way/33768953"
    },
    {
      "type": "Feature",
      "properties": {
        "@id": "way/33768954",
        "highway": "secondary",
        "lanes": "3",
        "maxspeed": "RU:urban",
        "name": "проспект Строителей",
        "oneway": "yes",
        "surface": "asphalt"
      },
      "geometry": {
        "type": "LineString",
        "coordinates": [
          [
            87.1307874,
            53.7789335
          ],
          [
            87.1310301,
            53.7790476
          ],
          [
            87.1315826,
            53.7795793
          ],
          [
            87.1319072,
            53.7798996
          ],
          [
            87.1320257,
            53.7800152
          ]
        ]
      },
      "id": "way/33768954"
    },
    {
      "type": "Feature",
      "properties": {
        "@id": "way/33768955",
        "highway": "secondary",
        "maxspeed": "60",
        "name": "Пойменное шоссе",
        "oneway": "yes"
      },
      "geometry": {
        "type": "LineString",
        "coordinates": [
          [
            87.1597307,
            53.7993522
          ],
          [
            87.1595131,
            53.7995974
          ]
        ]
      },
      "id": "way/33768955"
    },
    {
      "type": "Feature",
      "properties": {
        "@id": "way/34407480",
        "highway": "secondary",
        "name": "Вокзальная улица"
      },
      "geometry": {
        "type": "LineString",
        "coordinates": [
          [
            87.1073242,
            53.7495077
          ],
          [
            87.1073858,
            53.7493822
          ]
        ]
      },
      "id": "way/34407480"
    },
    {
      "type": "Feature",
      "properties": {
        "@id": "way/34411300",
        "highway": "primary",
        "maxspeed": "60",
        "oneway": "yes",
        "surface": "asphalt"
      },
      "geometry": {
        "type": "LineString",
        "coordinates": [
          [
            87.0989159,
            53.7695069
          ],
          [
            87.0991577,
            53.7696396
          ],
          [
            87.0993463,
            53.7697222
          ],
          [
            87.0996303,
            53.7698139
          ],
          [
            87.0998507,
            53.7698506
          ],
          [
            87.1000252,
            53.7698623
          ],
          [
            87.1001708,
            53.7698692
          ]
        ]
      },
      "id": "way/34411300"
    },
    {
      "type": "Feature",
      "properties": {
        "@id": "way/34411301",
        "highway": "primary",
        "junction": "roundabout",
        "maxspeed": "60",
        "oneway": "yes",
        "surface": "asphalt"
      },
      "geometry": {
        "type": "LineString",
        "coordinates": [
          [
            87.0999973,
            53.7699286
          ],
          [
            87.1001708,
            53.7698692
          ],
          [
            87.1003399,
            53.7698501
          ],
          [
            87.1004505,
            53.769858
          ],
          [
            87.1005108,
            53.7698623
          ],
          [
            87.1006672,
            53.7699049
          ],
          [
            87.1007942,
            53.7699736
          ],
          [
            87.1008796,
            53.7700619
          ],
          [
            87.1009109,
            53.7701342
          ],
          [
            87.100911,
            53.7702236
          ],
          [
            87.1008704,
            53.7703098
          ],
          [
            87.1007868,
            53.7703902
          ],
          [
            87.100668,
            53.7704532
          ],
          [
            87.1005174,
            53.7704949
          ],
          [
            87.1003527,
            53.7705085
          ],
          [
            87.1001886,
            53.7704928
          ],
          [
            87.1000396,
            53.7704491
          ],
          [
            87.099896,
            53.7703626
          ],
          [
            87.0998152,
            53.7702513
          ],
          [
            87.0998072,
            53.7701329
          ],
          [
            87.0998707,
            53.7700205
          ],
          [
            87.0999973,
            53.7699286
          ]
        ]
      },
      "id": "way/34411301"
    },
    {
      "type": "Feature",
      "properties": {
        "@id": "way/34411306",
        "highway": "secondary",
        "name": "Кузнецкстроевский проспект",
        "oneway": "yes"
      },
      "geometry": {
        "type": "LineString",
        "coordinates": [
          [
            87.1191559,
            53.7686874
          ],
          [
            87.1194405,
            53.7686862
          ],
          [
            87.1201094,
            53.7686326
          ],
          [
            87.1203347,
            53.7686135
          ]
        ]
      },
      "id": "way/34411306"
    },
    {
      "type": "Feature",
      "properties": {
        "@id": "way/34411308",
        "highway": "primary",
        "lanes": "2",
        "maxspeed": "60",
        "name": "Ноградская улица",
        "oneway": "yes",
        "surface": "asphalt"
      },
      "geometry": {
        "type": "LineString",
        "coordinates": [
          [
            87.1347913,
            53.7727757
          ],
          [
            87.1352016,
            53.7715803
          ],
          [
            87.1353322,
            53.771377
          ]
        ]
      },
      "id": "way/34411308"
    },
    {
      "type": "Feature",
      "properties": {
        "@id": "way/34411309",
        "highway": "primary",
        "lanes": "2",
        "maxspeed": "60",
        "name": "Запорожская улица",
        "oneway": "yes",
        "surface": "asphalt"
      },
      "geometry": {
        "type": "LineString",
        "coordinates": [
          [
            87.1363659,
            53.7708052
          ],
          [
            87.1367742,
            53.7707089
          ]
        ]
      },
      "id": "way/34411309"
    },
    {
      "type": "Feature",
      "properties": {
        "@id": "way/34411310",
        "highway": "primary",
        "maxspeed": "60",
        "oneway": "yes",
        "surface": "asphalt"
      },
      "geometry": {
        "type": "LineString",
        "coordinates": [
          [
            87.171387,
            53.7600836
          ],
          [
            87.1711305,
            53.7599532
          ],
          [
            87.1708447,
            53.7598608
          ],
          [
            87.1696874,
            53.7595631
          ],
          [
            87.1693832,
            53.7595121
          ],
          [
            87.1692482,
            53.7595045
          ],
          [
            87.1691061,
            53.7595031
          ],
          [
            87.1688429,
            53.7595193
          ],
          [
            87.1685434,
            53.7595651
          ]
        ]
      },
      "id": "way/34411310"
    },
    {
      "type": "Feature",
      "properties": {
        "@id": "way/34411312",
        "highway": "primary",
        "oneway": "yes",
        "surface": "asphalt"
      },
      "geometry": {
        "type": "LineString",
        "coordinates": [
          [
            87.1707347,
            53.7585619
          ],
          [
            87.1709228,
            53.7584074
          ]
        ]
      },
      "id": "way/34411312"
    },
    {
      "type": "Feature",
      "properties": {
        "@id": "way/34411313",
        "highway": "primary",
        "oneway": "yes",
        "surface": "asphalt"
      },
      "geometry": {
        "type": "LineString",
        "coordinates": [
          [
            87.1706263,
            53.7590081
          ],
          [
            87.1708229,
            53.7590679
          ],
          [
            87.1709003,
            53.7590878
          ],
          [
            87.1709589,
            53.7590919
          ],
          [
            87.171034,
            53.7590946
          ],
          [
            87.1711634,
            53.7590794
          ],
          [
            87.1712761,
            53.7590425
          ],
          [
            87.1713449,
            53.7590017
          ],
          [
            87.1714311,
            53.7589118
          ],
          [
            87.1714581,
            53.7588219
          ],
          [
            87.1714488,
            53.7587624
          ],
          [
            87.171416,
            53.7587061
          ],
          [
            87.171373,
            53.7586583
          ],
          [
            87.1713,
            53.75861
          ],
          [
            87.1711879,
            53.7585683
          ],
          [
            87.1710475,
            53.7585403
          ],
          [
            87.170943,
            53.7585386
          ],
          [
            87.1707347,
            53.7585619
          ]
        ]
      },
      "id": "way/34411313"
    },
    {
      "type": "Feature",
      "properties": {
        "@id": "way/34411314",
        "highway": "primary",
        "oneway": "yes",
        "surface": "asphalt"
      },
      "geometry": {
        "type": "LineString",
        "coordinates": [
          [
            87.1699537,
            53.7585201
          ],
          [
            87.1698173,
            53.7584747
          ],
          [
            87.1696565,
            53.7584469
          ],
          [
            87.1695245,
            53.7584518
          ],
          [
            87.1693409,
            53.7585042
          ],
          [
            87.1692277,
            53.7585672
          ],
          [
            87.1691517,
            53.7586491
          ],
          [
            87.1691415,
            53.758752
          ],
          [
            87.169152,
            53.7588103
          ],
          [
            87.1691858,
            53.7588687
          ],
          [
            87.1692593,
            53.7589199
          ],
          [
            87.1693515,
            53.7589669
          ],
          [
            87.1695092,
            53.7589985
          ],
          [
            87.1696421,
            53.7590029
          ],
          [
            87.1697867,
            53.7589934
          ]
        ]
      },
      "id": "way/34411314"
    },
    {
      "type": "Feature",
      "properties": {
        "@id": "way/34411315",
        "highway": "primary",
        "maxspeed": "60",
        "name": "улица Кирова",
        "name:etymology:wikidata": "Q207682",
        "old_ref": "32К-2",
        "oneway": "yes",
        "surface": "asphalt"
      },
      "geometry": {
        "type": "LineString",
        "coordinates": [
          [
            87.1700776,
            53.7586491
          ],
          [
            87.1699537,
            53.7585201
          ],
          [
            87.1694055,
            53.7580871
          ],
          [
            87.1692152,
            53.7579645
          ],
          [
            87.1687459,
            53.7577389
          ],
          [
            87.1680845,
            53.7575049
          ],
          [
            87.1674457,
            53.7572852
          ],
          [
            87.167205,
            53.757253
          ]
        ]
      },
      "id": "way/34411315"
    },
    {
      "type": "Feature",
      "properties": {
        "@id": "way/34411316",
        "highway": "primary",
        "oneway": "yes",
        "surface": "asphalt"
      },
      "geometry": {
        "type": "LineString",
        "coordinates": [
          [
            87.1697867,
            53.7589934
          ],
          [
            87.1696951,
            53.7590752
          ],
          [
            87.1696552,
            53.7591335
          ]
        ]
      },
      "id": "way/34411316"
    },
    {
      "type": "Feature",
      "properties": {
        "@id": "way/34411317",
        "highway": "primary",
        "oneway": "yes",
        "surface": "asphalt"
      },
      "geometry": {
        "type": "LineString",
        "coordinates": [
          [
            87.1775851,
            53.7539269
          ],
          [
            87.1774174,
            53.7545048
          ]
        ]
      },
      "id": "way/34411317"
    },
    {
      "type": "Feature",
      "properties": {
        "@id": "way/34411318",
        "highway": "primary",
        "junction": "roundabout",
        "maxspeed": "60",
        "surface": "asphalt"
      },
      "geometry": {
        "type": "LineString",
        "coordinates": [
          [
            87.1772332,
            53.753537
          ],
          [
            87.1773089,
            53.7535504
          ],
          [
            87.1773786,
            53.753576
          ],
          [
            87.1774597,
            53.7536335
          ],
          [
            87.1774977,
            53.7536812
          ],
          [
            87.1775289,
            53.7537246
          ],
          [
            87.1775919,
            53.7538209
          ],
          [
            87.1775851,
            53.7539269
          ],
          [
            87.1774717,
            53.7540239
          ],
          [
            87.1773637,
            53.7540828
          ],
          [
            87.1772495,
            53.7541156
          ],
          [
            87.177077,
            53.7541197
          ],
          [
            87.1769241,
            53.75409
          ],
          [
            87.1768355,
            53.7540444
          ],
          [
            87.1767604,
            53.7539659
          ],
          [
            87.1767106,
            53.7538502
          ],
          [
            87.176719,
            53.7537338
          ],
          [
            87.1768017,
            53.7536339
          ],
          [
            87.1768683,
            53.7536035
          ],
          [
            87.1769259,
            53.7535762
          ],
          [
            87.1769949,
            53.7535526
          ],
          [
            87.1770552,
            53.7535413
          ],
          [
            87.1771091,
            53.7535386
          ],
          [
            87.1772332,
            53.753537
          ]
        ]
      },
      "id": "way/34411318"
    },
    {
      "type": "Feature",
      "properties": {
        "@id": "way/34411322",
        "highway": "secondary",
        "junction": "roundabout",
        "maxspeed": "60",
        "oneway": "yes"
      },
      "geometry": {
        "type": "LineString",
        "coordinates": [
          [
            87.1288596,
            53.7897085
          ],
          [
            87.128806,
            53.7896832
          ],
          [
            87.1287597,
            53.7896532
          ],
          [
            87.1287217,
            53.7896194
          ],
          [
            87.128693,
            53.7895826
          ],
          [
            87.1286744,
            53.7895435
          ],
          [
            87.1286662,
            53.7895032
          ],
          [
            87.1286686,
            53.7894627
          ],
          [
            87.1286816,
            53.7894228
          ],
          [
            87.1287048,
            53.7893847
          ],
          [
            87.128768,
            53.7893248
          ],
          [
            87.1288663,
            53.7892731
          ],
          [
            87.1289378,
            53.7892506
          ],
          [
            87.1290151,
            53.7892363
          ],
          [
            87.1290954,
            53.7892305
          ],
          [
            87.1291763,
            53.7892334
          ],
          [
            87.1292549,
            53.789245
          ],
          [
            87.1293286,
            53.7892648
          ],
          [
            87.1293949,
            53.7892922
          ],
          [
            87.1294544,
            53.7893283
          ],
          [
            87.129501,
            53.7893703
          ],
          [
            87.1295356,
            53.7894217
          ],
          [
            87.1295511,
            53.7894762
          ],
          [
            87.1295475,
            53.7895291
          ],
          [
            87.1295259,
            53.7895805
          ],
          [
            87.1294873,
            53.7896283
          ],
          [
            87.1294331,
            53.7896705
          ],
          [
            87.1293657,
            53.7897054
          ],
          [
            87.1292878,
            53.7897316
          ],
          [
            87.1292026,
            53.7897479
          ],
          [
            87.1291135,
            53.7897538
          ],
          [
            87.1290243,
            53.789749
          ],
          [
            87.1289384,
            53.7897337
          ],
          [
            87.1288596,
            53.7897085
          ]
        ]
      },
      "id": "way/34411322"
    },
    {
      "type": "Feature",
      "properties": {
        "@id": "way/34411324",
        "bridge": "yes",
        "highway": "primary",
        "layer": "1",
        "old_ref": "32К-2",
        "oneway": "yes",
        "surface": "asphalt"
      },
      "geometry": {
        "type": "LineString",
        "coordinates": [
          [
            87.17045,
            53.7590575
          ],
          [
            87.1700776,
            53.7586491
          ]
        ]
      },
      "id": "way/34411324"
    },
    {
      "type": "Feature",
      "properties": {
        "@id": "way/34411327",
        "bridge": "viaduct",
        "highway": "secondary",
        "lanes": "6",
        "layer": "1",
        "maxspeed:backward": "50",
        "maxspeed:forward": "RU:urban",
        "name": "улица ДОЗ",
        "surface": "asphalt"
      },
      "geometry": {
        "type": "LineString",
        "coordinates": [
          [
            87.1298432,
            53.780997
          ],
          [
            87.1300192,
            53.7808594
          ],
          [
            87.1305728,
            53.7804265
          ]
        ]
      },
      "id": "way/34411327"
    },
    {
      "type": "Feature",
      "properties": {
        "@id": "way/34411328",
        "highway": "secondary",
        "lanes": "6",
        "maxspeed:backward": "50",
        "maxspeed:forward": "RU:urban",
        "name": "улица ДОЗ",
        "surface": "asphalt",
        "turn:lanes:forward": "through|through|right"
      },
      "geometry": {
        "type": "LineString",
        "coordinates": [
          [
            87.1305728,
            53.7804265
          ],
          [
            87.1310019,
            53.7800302
          ],
          [
            87.1310422,
            53.7798908
          ]
        ]
      },
      "id": "way/34411328"
    },
    {
      "type": "Feature",
      "properties": {
        "@id": "way/34557805",
        "highway": "secondary",
        "name": "улица Павловского",
        "oneway": "yes"
      },
      "geometry": {
        "type": "LineString",
        "coordinates": [
          [
            87.1272985,
            53.7658727
          ],
          [
            87.127305,
            53.7660848
          ],
          [
            87.1273461,
            53.7661889
          ]
        ]
      },
      "id": "way/34557805"
    },
    {
      "type": "Feature",
      "properties": {
        "@id": "way/34557806",
        "highway": "secondary",
        "name": "улица Павловского",
        "oneway": "yes"
      },
      "geometry": {
        "type": "LineString",
        "coordinates": [
          [
            87.1274377,
            53.7663239
          ],
          [
            87.1272341,
            53.7662742
          ],
          [
            87.1270473,
            53.7662503
          ],
          [
            87.1266411,
            53.7662599
          ]
        ]
      },
      "id": "way/34557806"
    },
    {
      "type": "Feature",
      "properties": {
        "@id": "way/34557808",
        "highway": "secondary",
        "name": "Кузнецкстроевский проспект",
        "oneway": "yes"
      },
      "geometry": {
        "type": "LineString",
        "coordinates": [
          [
            87.1263188,
            53.7662798
          ],
          [
            87.1259538,
            53.7663229
          ],
          [
            87.1256503,
            53.7663819
          ],
          [
            87.125393,
            53.7664443
          ],
          [
            87.1250346,
            53.7665475
          ],
          [
            87.1246917,
            53.7666671
          ],
          [
            87.124584,
            53.7667127
          ],
          [
            87.1241583,
            53.7669448
          ]
        ]
      },
      "id": "way/34557808"
    },
    {
      "type": "Feature",
      "properties": {
        "@id": "way/34557809",
        "highway": "secondary",
        "name": "Кузнецкстроевский проспект",
        "oneway": "yes"
      },
      "geometry": {
        "type": "LineString",
        "coordinates": [
          [
            87.1265473,
            53.7654803
          ],
          [
            87.1273643,
            53.7650117
          ],
          [
            87.1275495,
            53.764907
          ],
          [
            87.1280663,
            53.7646149
          ],
          [
            87.1283074,
            53.7644787
          ],
          [
            87.1284675,
            53.7643877
          ],
          [
            87.1300614,
            53.7634854
          ],
          [
            87.1304275,
            53.763282
          ],
          [
            87.1305107,
            53.7632355
          ],
          [
            87.1305687,
            53.7632038
          ],
          [
            87.1306709,
            53.7631497
          ],
          [
            87.1319752,
            53.762428
          ],
          [
            87.1324976,
            53.7621486
          ]
        ]
      },
      "id": "way/34557809"
    },
    {
      "type": "Feature",
      "properties": {
        "@id": "way/34557810",
        "highway": "secondary",
        "name": "Пионерский проспект",
        "surface": "asphalt"
      },
      "geometry": {
        "type": "LineString",
        "coordinates": [
          [
            87.1361746,
            53.7601364
          ],
          [
            87.1364225,
            53.7602257
          ]
        ]
      },
      "id": "way/34557810"
    },
    {
      "type": "Feature",
      "properties": {
        "@id": "way/34561755",
        "highway": "secondary",
        "oneway": "yes"
      },
      "geometry": {
        "type": "LineString",
        "coordinates": [
          [
            87.1300614,
            53.7634854
          ],
          [
            87.1301431,
            53.7634143
          ],
          [
            87.1301549,
            53.7633887
          ],
          [
            87.1301599,
            53.7633621
          ],
          [
            87.1301441,
            53.7633319
          ],
          [
            87.1301249,
            53.7633098
          ],
          [
            87.1300898,
            53.7632872
          ],
          [
            87.1300205,
            53.7632678
          ]
        ]
      },
      "id": "way/34561755"
    },
    {
      "type": "Feature",
      "properties": {
        "@id": "way/34562931",
        "highway": "secondary",
        "name": "Кузнецкстроевский проспект",
        "oneway": "yes",
        "surface": "asphalt"
      },
      "geometry": {
        "type": "LineString",
        "coordinates": [
          [
            87.1364449,
            53.7579562
          ],
          [
            87.1362985,
            53.7580994
          ],
          [
            87.1362404,
            53.7582231
          ],
          [
            87.1362484,
            53.7584972
          ],
          [
            87.1362561,
            53.7591711
          ],
          [
            87.1362593,
            53.7599468
          ],
          [
            87.1362191,
            53.7600368
          ],
          [
            87.1361746,
            53.7601364
          ]
        ]
      },
      "id": "way/34562931"
    },
    {
      "type": "Feature",
      "properties": {
        "@id": "way/34947685",
        "highway": "secondary",
        "maxspeed": "60",
        "oneway": "yes"
      },
      "geometry": {
        "type": "LineString",
        "coordinates": [
          [
            87.1295511,
            53.7894762
          ],
          [
            87.1296182,
            53.7896155
          ],
          [
            87.1297185,
            53.7898855
          ],
          [
            87.1297556,
            53.7899537
          ],
          [
            87.1297955,
            53.7900135
          ],
          [
            87.1298392,
            53.7900629
          ],
          [
            87.1299586,
            53.7902063
          ],
          [
            87.1300109,
            53.7902594
          ],
          [
            87.1300295,
            53.7902855
          ],
          [
            87.1300416,
            53.7903094
          ]
        ]
      },
      "id": "way/34947685"
    },
    {
      "type": "Feature",
      "properties": {
        "@id": "way/34947686",
        "highway": "secondary",
        "maxspeed": "60",
        "oneway": "yes"
      },
      "geometry": {
        "type": "LineString",
        "coordinates": [
          [
            87.128768,
            53.7893248
          ],
          [
            87.1287614,
            53.7892359
          ],
          [
            87.128775,
            53.789166
          ],
          [
            87.1288058,
            53.7889778
          ],
          [
            87.1288163,
            53.7887935
          ],
          [
            87.1289002,
            53.788651
          ]
        ]
      },
      "id": "way/34947686"
    },
    {
      "type": "Feature",
      "properties": {
        "@id": "way/35573195",
        "bridge": "yes",
        "highway": "primary",
        "layer": "1",
        "maxspeed": "60",
        "old_ref": "32К-2",
        "oneway": "yes",
        "surface": "asphalt"
      },
      "geometry": {
        "type": "LineString",
        "coordinates": [
          [
            87.1719402,
            53.7605625
          ],
          [
            87.1752188,
            53.7643392
          ]
        ]
      },
      "id": "way/35573195"
    },
    {
      "type": "Feature",
      "properties": {
        "@id": "way/35573196",
        "highway": "primary",
        "maxspeed": "60",
        "old_ref": "32К-2",
        "oneway": "yes",
        "surface": "asphalt"
      },
      "geometry": {
        "type": "LineString",
        "coordinates": [
          [
            87.1834408,
            53.7680877
          ],
          [
            87.183289,
            53.7679201
          ],
          [
            87.1830916,
            53.767805
          ],
          [
            87.1827947,
            53.7676917
          ],
          [
            87.1771794,
            53.7658822
          ],
          [
            87.1767878,
            53.7657263
          ],
          [
            87.1764482,
            53.7655648
          ],
          [
            87.1761387,
            53.7653754
          ],
          [
            87.1758457,
            53.7651615
          ],
          [
            87.1755592,
            53.7648901
          ],
          [
            87.1751057,
            53.7643812
          ]
        ]
      },
      "id": "way/35573196"
    },
    {
      "type": "Feature",
      "properties": {
        "@id": "way/35573197",
        "highway": "primary",
        "junction": "roundabout",
        "old_ref": "32К-2",
        "oneway": "yes",
        "surface": "asphalt"
      },
      "geometry": {
        "type": "LineString",
        "coordinates": [
          [
            87.183748,
            53.7676921
          ],
          [
            87.1839249,
            53.7676348
          ],
          [
            87.1841212,
            53.7676071
          ],
          [
            87.1843228,
            53.7676109
          ],
          [
            87.1845648,
            53.7676607
          ],
          [
            87.184765,
            53.7677551
          ],
          [
            87.1849007,
            53.7678836
          ],
          [
            87.184956,
            53.7680275
          ],
          [
            87.1849293,
            53.7681743
          ],
          [
            87.1848693,
            53.7682572
          ],
          [
            87.1848445,
            53.7682899
          ],
          [
            87.1848054,
            53.7683377
          ],
          [
            87.184662,
            53.7684089
          ],
          [
            87.1845311,
            53.768457
          ],
          [
            87.1843864,
            53.7684884
          ],
          [
            87.184234,
            53.768502
          ],
          [
            87.1841309,
            53.7685007
          ],
          [
            87.1840291,
            53.7684912
          ],
          [
            87.1839304,
            53.7684737
          ],
          [
            87.1838366,
            53.7684484
          ],
          [
            87.1836828,
            53.7683834
          ],
          [
            87.1835609,
            53.7682979
          ],
          [
            87.1834785,
            53.7681973
          ],
          [
            87.1834408,
            53.7680877
          ],
          [
            87.1834601,
            53.7679475
          ],
          [
            87.183506,
            53.7678657
          ],
          [
            87.1835407,
            53.7678309
          ],
          [
            87.183748,
            53.7676921
          ]
        ]
      },
      "id": "way/35573197"
    },
    {
      "type": "Feature",
      "properties": {
        "@id": "way/35573198",
        "highway": "primary",
        "old_ref": "32К-2",
        "oneway": "yes",
        "surface": "asphalt"
      },
      "geometry": {
        "type": "LineString",
        "coordinates": [
          [
            87.1843228,
            53.7676109
          ],
          [
            87.1847927,
            53.767583
          ],
          [
            87.1851035,
            53.767588
          ],
          [
            87.185382,
            53.7676082
          ]
        ]
      },
      "id": "way/35573198"
    },
    {
      "type": "Feature",
      "properties": {
        "@id": "way/35573199",
        "highway": "primary",
        "old_ref": "32К-2",
        "oneway": "yes",
        "surface": "asphalt"
      },
      "geometry": {
        "type": "LineString",
        "coordinates": [
          [
            87.185382,
            53.7676082
          ],
          [
            87.1851218,
            53.7677424
          ],
          [
            87.1849007,
            53.7678836
          ]
        ]
      },
      "id": "way/35573199"
    },
    {
      "type": "Feature",
      "properties": {
        "@id": "way/35573200",
        "highway": "primary",
        "maxspeed": "60",
        "old_ref": "32К-2",
        "oneway": "yes",
        "surface": "asphalt"
      },
      "geometry": {
        "type": "LineString",
        "coordinates": [
          [
            87.1752188,
            53.7643392
          ],
          [
            87.1756907,
            53.764805
          ],
          [
            87.1758822,
            53.7649435
          ],
          [
            87.1761246,
            53.7650813
          ],
          [
            87.1766855,
            53.765388
          ],
          [
            87.1773917,
            53.7656999
          ],
          [
            87.1787274,
            53.7662169
          ],
          [
            87.1814288,
            53.7670954
          ],
          [
            87.1828736,
            53.7675563
          ],
          [
            87.1832483,
            53.7676692
          ],
          [
            87.1834893,
            53.7676813
          ],
          [
            87.183608,
            53.7676966
          ],
          [
            87.183748,
            53.7676921
          ]
        ]
      },
      "id": "way/35573200"
    },
    {
      "type": "Feature",
      "properties": {
        "@id": "way/35582015",
        "highway": "secondary",
        "lanes": "2",
        "maxspeed": "60",
        "name": "улица Кутузова",
        "name:en": "Kutuzov street",
        "name:ru": "улица Кутузова",
        "surface": "asphalt"
      },
      "geometry": {
        "type": "LineString",
        "coordinates": [
          [
            87.1435285,
            53.7434654
          ],
          [
            87.1434076,
            53.7434195
          ],
          [
            87.1431896,
            53.7433993
          ],
          [
            87.142961,
            53.7433942
          ],
          [
            87.1388038,
            53.7434337
          ],
          [
            87.1374093,
            53.7434491
          ],
          [
            87.1365959,
            53.7434562
          ],
          [
            87.1365332,
            53.7434589
          ],
          [
            87.136473,
            53.7434729
          ],
          [
            87.1364153,
            53.7434985
          ],
          [
            87.1357146,
            53.7439234
          ],
          [
            87.1349021,
            53.7444103
          ],
          [
            87.1347229,
            53.7445176
          ],
          [
            87.1344096,
            53.7447066
          ],
          [
            87.1343023,
            53.7447715
          ],
          [
            87.1342458,
            53.7448056
          ],
          [
            87.1332392,
            53.7454428
          ],
          [
            87.1326573,
            53.7458067
          ],
          [
            87.1322425,
            53.7460625
          ]
        ]
      },
      "id": "way/35582015"
    },
    {
      "type": "Feature",
      "properties": {
        "@id": "way/35582048",
        "highway": "secondary",
        "name": "улица Кутузова",
        "name:en": "Kutuzov street",
        "name:ru": "улица Кутузова",
        "oneway": "yes",
        "surface": "asphalt"
      },
      "geometry": {
        "type": "LineString",
        "coordinates": [
          [
            87.1244756,
            53.750883
          ],
          [
            87.1242531,
            53.7510209
          ],
          [
            87.1227557,
            53.7519526
          ],
          [
            87.122675,
            53.7519938
          ],
          [
            87.122602,
            53.7520216
          ],
          [
            87.1224582,
            53.7520508
          ],
          [
            87.122343,
            53.7520578
          ],
          [
            87.1194669,
            53.7520865
          ]
        ]
      },
      "id": "way/35582048"
    },
    {
      "type": "Feature",
      "properties": {
        "@id": "way/35582050",
        "highway": "secondary",
        "oneway": "yes",
        "surface": "asphalt"
      },
      "geometry": {
        "type": "LineString",
        "coordinates": [
          [
            87.1188349,
            53.7476136
          ],
          [
            87.1189085,
            53.7476168
          ],
          [
            87.1189621,
            53.7476338
          ],
          [
            87.1189819,
            53.7476944
          ]
        ]
      },
      "id": "way/35582050"
    },
    {
      "type": "Feature",
      "properties": {
        "@id": "way/35582051",
        "highway": "secondary",
        "oneway": "yes"
      },
      "geometry": {
        "type": "LineString",
        "coordinates": [
          [
            87.1119398,
            53.7514753
          ],
          [
            87.1120766,
            53.7515276
          ],
          [
            87.1122287,
            53.7516097
          ],
          [
            87.1124068,
            53.7516912
          ]
        ]
      },
      "id": "way/35582051"
    },
    {
      "type": "Feature",
      "properties": {
        "@id": "way/35582054",
        "highway": "primary",
        "lanes": "4",
        "name": "Ноградская улица",
        "surface": "asphalt"
      },
      "geometry": {
        "type": "LineString",
        "coordinates": [
          [
            87.1345179,
            53.7729314
          ],
          [
            87.1347292,
            53.7728123
          ]
        ]
      },
      "id": "way/35582054"
    },
    {
      "type": "Feature",
      "properties": {
        "@id": "way/35582055",
        "bridge": "yes",
        "highway": "primary",
        "lanes": "4",
        "layer": "1",
        "maxspeed": "60",
        "name": "Ноградская улица",
        "surface": "asphalt"
      },
      "geometry": {
        "type": "LineString",
        "coordinates": [
          [
            87.1338036,
            53.77336
          ],
          [
            87.1345179,
            53.7729314
          ]
        ]
      },
      "id": "way/35582055"
    },
    {
      "type": "Feature",
      "properties": {
        "@id": "way/35582056",
        "highway": "secondary",
        "lanes": "3",
        "maxspeed": "50",
        "oneway": "yes",
        "surface": "asphalt"
      },
      "geometry": {
        "type": "LineString",
        "coordinates": [
          [
            87.1343473,
            53.7814872
          ],
          [
            87.1332563,
            53.7813109
          ],
          [
            87.1330342,
            53.7812794
          ],
          [
            87.1316207,
            53.7810873
          ],
          [
            87.1312112,
            53.7810065
          ],
          [
            87.1308311,
            53.7808879
          ],
          [
            87.1296072,
            53.7803662
          ],
          [
            87.1292907,
            53.7801792
          ],
          [
            87.1291566,
            53.7800398
          ],
          [
            87.1291244,
            53.7798496
          ],
          [
            87.1292156,
            53.7795548
          ],
          [
            87.1296005,
            53.778765
          ]
        ]
      },
      "id": "way/35582056"
    },
    {
      "type": "Feature",
      "properties": {
        "@id": "way/35582057",
        "highway": "secondary",
        "lanes": "6",
        "maxspeed": "RU:urban",
        "surface": "asphalt"
      },
      "geometry": {
        "type": "LineString",
        "coordinates": [
          [
            87.1297108,
            53.7779291
          ],
          [
            87.1294166,
            53.7776535
          ],
          [
            87.1291272,
            53.7773754
          ]
        ]
      },
      "id": "way/35582057"
    },
    {
      "type": "Feature",
      "properties": {
        "@id": "way/35602776",
        "highway": "secondary",
        "lanes": "6",
        "maxspeed": "RU:urban",
        "name": "улица ДОЗ",
        "surface": "asphalt"
      },
      "geometry": {
        "type": "LineString",
        "coordinates": [
          [
            87.1289002,
            53.788651
          ],
          [
            87.1287935,
            53.7880251
          ]
        ]
      },
      "id": "way/35602776"
    },
    {
      "type": "Feature",
      "properties": {
        "@id": "way/35602777",
        "highway": "secondary",
        "maxspeed": "60",
        "oneway": "yes"
      },
      "geometry": {
        "type": "LineString",
        "coordinates": [
          [
            87.1300416,
            53.7903094
          ],
          [
            87.1297516,
            53.7901522
          ],
          [
            87.1294686,
            53.7900092
          ],
          [
            87.129074,
            53.7898178
          ],
          [
            87.1289507,
            53.7897569
          ],
          [
            87.1288596,
            53.7897085
          ]
        ]
      },
      "id": "way/35602777"
    },
    {
      "type": "Feature",
      "properties": {
        "@id": "way/35709883",
        "highway": "secondary",
        "lanes": "4",
        "maxspeed": "60",
        "name": "проспект Бардина",
        "name:en": "Bardin street",
        "name:ru": "проспект Бардина",
        "old_name": "проспект Бардина",
        "old_name:en": "Bardin avenue"
      },
      "geometry": {
        "type": "LineString",
        "coordinates": [
          [
            87.1189819,
            53.7476944
          ],
          [
            87.1191666,
            53.7478044
          ],
          [
            87.1196422,
            53.748084
          ]
        ]
      },
      "id": "way/35709883"
    },
    {
      "type": "Feature",
      "properties": {
        "@id": "way/35709887",
        "highway": "secondary",
        "name": "Транспортная улица",
        "oneway": "yes",
        "surface": "asphalt"
      },
      "geometry": {
        "type": "LineString",
        "coordinates": [
          [
            87.1188349,
            53.7476136
          ],
          [
            87.1190738,
            53.7474558
          ],
          [
            87.1192045,
            53.7473761
          ],
          [
            87.1202306,
            53.7467538
          ],
          [
            87.1203056,
            53.746681
          ]
        ]
      },
      "id": "way/35709887"
    },
    {
      "type": "Feature",
      "properties": {
        "@id": "way/35709959",
        "bridge": "yes",
        "highway": "primary",
        "layer": "1",
        "old_ref": "32К-2",
        "oneway": "yes",
        "surface": "asphalt"
      },
      "geometry": {
        "type": "LineString",
        "coordinates": [
          [
            87.1702493,
            53.7586005
          ],
          [
            87.1706263,
            53.7590081
          ]
        ]
      },
      "id": "way/35709959"
    },
    {
      "type": "Feature",
      "properties": {
        "@id": "way/35709960",
        "highway": "primary",
        "maxspeed": "60",
        "name": "улица Кирова",
        "name:etymology:wikidata": "Q207682",
        "old_ref": "32К-2",
        "oneway": "yes",
        "surface": "asphalt"
      },
      "geometry": {
        "type": "LineString",
        "coordinates": [
          [
            87.1673453,
            53.7570731
          ],
          [
            87.1682181,
            53.757386
          ],
          [
            87.1688921,
            53.7576304
          ],
          [
            87.1694187,
            53.7578623
          ],
          [
            87.1695973,
            53.7579925
          ],
          [
            87.1701233,
            53.758452
          ],
          [
            87.1702493,
            53.7586005
          ]
        ]
      },
      "id": "way/35709960"
    },
    {
      "type": "Feature",
      "properties": {
        "@id": "way/35709961",
        "highway": "primary",
        "junction": "roundabout",
        "maxspeed": "60",
        "old_ref": "32К-2",
        "surface": "asphalt"
      },
      "geometry": {
        "type": "LineString",
        "coordinates": [
          [
            87.167205,
            53.757253
          ],
          [
            87.1670784,
            53.7572775
          ],
          [
            87.166901,
            53.7572845
          ],
          [
            87.1666985,
            53.7572678
          ],
          [
            87.166656,
            53.7572326
          ],
          [
            87.1666324,
            53.7571816
          ],
          [
            87.1666261,
            53.7571331
          ],
          [
            87.1666645,
            53.7570847
          ],
          [
            87.1667608,
            53.7570458
          ],
          [
            87.1669381,
            53.7570088
          ],
          [
            87.1669819,
            53.7569964
          ],
          [
            87.1671595,
            53.7570075
          ],
          [
            87.1672412,
            53.7570322
          ],
          [
            87.1673453,
            53.7570731
          ],
          [
            87.1673486,
            53.7571545
          ],
          [
            87.1673272,
            53.7571793
          ],
          [
            87.1672811,
            53.7572164
          ],
          [
            87.167205,
            53.757253
          ]
        ]
      },
      "id": "way/35709961"
    },
    {
      "type": "Feature",
      "properties": {
        "@id": "way/35709962",
        "highway": "primary",
        "lanes": "6",
        "maxspeed": "60",
        "name": "улица Кирова",
        "name:etymology:wikidata": "Q207682",
        "old_ref": "32К-2",
        "surface": "asphalt"
      },
      "geometry": {
        "type": "LineString",
        "coordinates": [
          [
            87.1661933,
            53.7572725
          ],
          [
            87.1661065,
            53.7572756
          ],
          [
            87.1654388,
            53.7572843
          ]
        ]
      },
      "id": "way/35709962"
    },
    {
      "type": "Feature",
      "properties": {
        "@id": "way/35709963",
        "highway": "primary",
        "maxspeed": "60",
        "oneway": "yes",
        "surface": "asphalt"
      },
      "geometry": {
        "type": "LineString",
        "coordinates": [
          [
            87.1718807,
            53.7580467
          ],
          [
            87.1717202,
            53.7583285
          ],
          [
            87.1714372,
            53.7597244
          ],
          [
            87.1714315,
            53.7598266
          ],
          [
            87.1714626,
            53.7599673
          ]
        ]
      },
      "id": "way/35709963"
    },
    {
      "type": "Feature",
      "properties": {
        "@id": "way/35710577",
        "highway": "secondary"
      },
      "geometry": {
        "type": "LineString",
        "coordinates": [
          [
            87.1073242,
            53.7495077
          ],
          [
            87.1073215,
            53.74964
          ],
          [
            87.1073559,
            53.7497661
          ]
        ]
      },
      "id": "way/35710577"
    },
    {
      "type": "Feature",
      "properties": {
        "@id": "way/36191425",
        "highway": "primary",
        "name": "улица Гончарова",
        "old_ref": "32К-2",
        "surface": "asphalt"
      },
      "geometry": {
        "type": "LineString",
        "coordinates": [
          [
            87.0234375,
            53.7453724
          ],
          [
            87.0229991,
            53.745146
          ],
          [
            87.0225839,
            53.7450064
          ],
          [
            87.0222385,
            53.7449771
          ],
          [
            87.0218384,
            53.7449811
          ],
          [
            87.0213425,
            53.7450912
          ],
          [
            87.0210191,
            53.7451687
          ],
          [
            87.0205678,
            53.7453141
          ],
          [
            87.0198641,
            53.7455586
          ],
          [
            87.0192065,
            53.745782
          ],
          [
            87.0185039,
            53.7460207
          ],
          [
            87.0178553,
            53.7462401
          ],
          [
            87.0173192,
            53.7464422
          ],
          [
            87.0155764,
            53.7472209
          ],
          [
            87.0136404,
            53.748215
          ],
          [
            87.0125185,
            53.748826
          ],
          [
            87.0124899,
            53.7488416
          ],
          [
            87.0117194,
            53.7492613
          ],
          [
            87.0112874,
            53.7494966
          ],
          [
            87.0110709,
            53.7496143
          ],
          [
            87.0075738,
            53.7515237
          ],
          [
            87.0072096,
            53.7517185
          ],
          [
            87.006593,
            53.7520623
          ],
          [
            87.0057178,
            53.7525456
          ],
          [
            87.0053485,
            53.7527614
          ],
          [
            87.005032,
            53.752965
          ],
          [
            87.0048523,
            53.7531009
          ],
          [
            87.0048318,
            53.7531189
          ],
          [
            87.00445,
            53.7534428
          ],
          [
            87.0038257,
            53.7541446
          ]
        ]
      },
      "id": "way/36191425"
    },
    {
      "type": "Feature",
      "properties": {
        "@id": "way/36191428",
        "highway": "secondary"
      },
      "geometry": {
        "type": "LineString",
        "coordinates": [
          [
            87.036502,
            53.740863
          ],
          [
            87.0365601,
            53.7408412
          ],
          [
            87.0366256,
            53.7408197
          ],
          [
            87.0367771,
            53.740762
          ],
          [
            87.0369853,
            53.7406964
          ]
        ]
      },
      "id": "way/36191428"
    },
    {
      "type": "Feature",
      "properties": {
        "@id": "way/36191429",
        "bridge": "yes",
        "highway": "secondary",
        "layer": "1"
      },
      "geometry": {
        "type": "LineString",
        "coordinates": [
          [
            87.034117,
            53.7425078
          ],
          [
            87.034559,
            53.7422626
          ]
        ]
      },
      "id": "way/36191429"
    },
    {
      "type": "Feature",
      "properties": {
        "@id": "way/36347161",
        "highway": "primary",
        "lanes": "5",
        "lanes:backward": "2",
        "lanes:forward": "3",
        "maxspeed": "RU:urban",
        "name": "Хлебозаводская улица",
        "surface": "asphalt"
      },
      "geometry": {
        "type": "LineString",
        "coordinates": [
          [
            87.1270108,
            53.7769765
          ],
          [
            87.1264496,
            53.7768259
          ]
        ]
      },
      "id": "way/36347161"
    },
    {
      "type": "Feature",
      "properties": {
        "@id": "way/36347163",
        "highway": "primary",
        "lanes": "3",
        "maxspeed": "RU:urban",
        "oneway": "yes",
        "surface": "asphalt"
      },
      "geometry": {
        "type": "LineString",
        "coordinates": [
          [
            87.1280063,
            53.7771063
          ],
          [
            87.12731,
            53.7770512
          ]
        ]
      },
      "id": "way/36347163"
    },
    {
      "type": "Feature",
      "properties": {
        "@id": "way/36347175",
        "highway": "secondary",
        "lanes": "2",
        "maxspeed": "RU:urban",
        "oneway": "yes",
        "surface": "asphalt"
      },
      "geometry": {
        "type": "LineString",
        "coordinates": [
          [
            87.1310422,
            53.7798908
          ],
          [
            87.130762,
            53.7795753
          ],
          [
            87.1304815,
            53.7794475
          ],
          [
            87.1301706,
            53.7794045
          ],
          [
            87.1298327,
            53.7794534
          ],
          [
            87.1295759,
            53.7795832
          ],
          [
            87.129441,
            53.7797311
          ],
          [
            87.1294221,
            53.7798448
          ],
          [
            87.1294308,
            53.7799633
          ],
          [
            87.1295421,
            53.7800984
          ],
          [
            87.1296967,
            53.7802088
          ],
          [
            87.1302078,
            53.7804399
          ],
          [
            87.1308755,
            53.7807319
          ],
          [
            87.1314847,
            53.7809146
          ]
        ]
      },
      "id": "way/36347175"
    },
    {
      "type": "Feature",
      "properties": {
        "@id": "way/36347178",
        "highway": "secondary",
        "lanes": "3",
        "maxspeed": "RU:urban",
        "oneway": "yes",
        "surface": "asphalt"
      },
      "geometry": {
        "type": "LineString",
        "coordinates": [
          [
            87.1189201,
            53.7693397
          ],
          [
            87.1187334,
            53.7696362
          ],
          [
            87.1187197,
            53.7697865
          ],
          [
            87.1187957,
            53.7699596
          ]
        ]
      },
      "id": "way/36347178"
    },
    {
      "type": "Feature",
      "properties": {
        "@id": "way/36347181",
        "highway": "secondary",
        "lanes": "3",
        "maxspeed": "RU:urban",
        "oneway": "yes",
        "surface": "asphalt"
      },
      "geometry": {
        "type": "LineString",
        "coordinates": [
          [
            87.1187957,
            53.7699596
          ],
          [
            87.1186513,
            53.7698842
          ]
        ]
      },
      "id": "way/36347181"
    },
    {
      "type": "Feature",
      "properties": {
        "@id": "way/36348290",
        "highway": "secondary",
        "lanes": "4",
        "maxspeed": "60",
        "name": "улица Павловского"
      },
      "geometry": {
        "type": "LineString",
        "coordinates": [
          [
            87.1344722,
            53.7703431
          ],
          [
            87.134303,
            53.7702414
          ]
        ]
      },
      "id": "way/36348290"
    },
    {
      "type": "Feature",
      "properties": {
        "@id": "way/36348291",
        "highway": "secondary",
        "lanes": "2",
        "maxspeed": "60",
        "name": "улица Павловского",
        "oneway": "yes"
      },
      "geometry": {
        "type": "LineString",
        "coordinates": [
          [
            87.1349744,
            53.7706394
          ],
          [
            87.1352672,
            53.7707345
          ],
          [
            87.1355606,
            53.7708115
          ],
          [
            87.1358205,
            53.770848
          ],
          [
            87.136216,
            53.7708235
          ]
        ]
      },
      "id": "way/36348291"
    },
    {
      "type": "Feature",
      "properties": {
        "@id": "way/36897787",
        "highway": "secondary",
        "name": "Пролетарская улица",
        "oneway": "yes"
      },
      "geometry": {
        "type": "LineString",
        "coordinates": [
          [
            87.1162627,
            53.7431226
          ],
          [
            87.1164538,
            53.7429648
          ],
          [
            87.1165556,
            53.7428546
          ],
          [
            87.1166565,
            53.7427056
          ]
        ]
      },
      "id": "way/36897787"
    },
    {
      "type": "Feature",
      "properties": {
        "@id": "way/36897789",
        "highway": "secondary",
        "name": "улица Щорса",
        "name:etymology:wikidata": "Q1990730"
      },
      "geometry": {
        "type": "LineString",
        "coordinates": [
          [
            87.0930649,
            53.7486297
          ],
          [
            87.093707,
            53.7489789
          ],
          [
            87.0941635,
            53.7492133
          ],
          [
            87.0943179,
            53.7492979
          ],
          [
            87.0947775,
            53.7494806
          ],
          [
            87.0949405,
            53.749537
          ],
          [
            87.0956346,
            53.749795
          ],
          [
            87.0960914,
            53.7499658
          ],
          [
            87.0964981,
            53.7500856
          ],
          [
            87.0969561,
            53.750181
          ],
          [
            87.0975507,
            53.7502495
          ],
          [
            87.0986774,
            53.7503503
          ],
          [
            87.099112,
            53.7503883
          ],
          [
            87.0997825,
            53.7504401
          ],
          [
            87.100189,
            53.7504706
          ],
          [
            87.1006008,
            53.7504821
          ],
          [
            87.1009194,
            53.7504557
          ],
          [
            87.1012644,
            53.7504021
          ],
          [
            87.1022431,
            53.750232
          ],
          [
            87.1037203,
            53.7499912
          ],
          [
            87.1040848,
            53.7499298
          ],
          [
            87.1057917,
            53.7496425
          ],
          [
            87.1061596,
            53.749588
          ],
          [
            87.1063,
            53.7495686
          ],
          [
            87.106579,
            53.7495303
          ]
        ]
      },
      "id": "way/36897789"
    },
    {
      "type": "Feature",
      "properties": {
        "@id": "way/36897790",
        "highway": "secondary",
        "lanes": "2",
        "maxspeed": "60",
        "name": "проспект Дружбы"
      },
      "geometry": {
        "type": "LineString",
        "coordinates": [
          [
            87.1435285,
            53.7434654
          ],
          [
            87.1437639,
            53.7435653
          ],
          [
            87.1457629,
            53.7446997
          ],
          [
            87.1466112,
            53.7451883
          ],
          [
            87.1484297,
            53.7462358
          ],
          [
            87.1485284,
            53.7462919
          ],
          [
            87.1495492,
            53.7468728
          ],
          [
            87.1507433,
            53.7475688
          ],
          [
            87.1515346,
            53.7480324
          ]
        ]
      },
      "id": "way/36897790"
    },
    {
      "type": "Feature",
      "properties": {
        "@id": "way/36897801",
        "highway": "primary",
        "lanes": "2",
        "name": "Запорожская улица",
        "surface": "asphalt"
      },
      "geometry": {
        "type": "LineString",
        "coordinates": [
          [
            87.1707347,
            53.7585619
          ],
          [
            87.1703372,
            53.7587335
          ]
        ]
      },
      "id": "way/36897801"
    },
    {
      "type": "Feature",
      "properties": {
        "@id": "way/36897802",
        "highway": "primary",
        "lanes": "2",
        "maxspeed": "60",
        "name": "Запорожская улица",
        "oneway": "yes",
        "surface": "asphalt"
      },
      "geometry": {
        "type": "LineString",
        "coordinates": [
          [
            87.138644,
            53.7705681
          ],
          [
            87.1383295,
            53.7706436
          ],
          [
            87.1381493,
            53.7707085
          ],
          [
            87.1379365,
            53.7708
          ],
          [
            87.1369245,
            53.7714393
          ]
        ]
      },
      "id": "way/36897802"
    },
    {
      "type": "Feature",
      "properties": {
        "@id": "way/36897803",
        "highway": "primary",
        "oneway": "yes",
        "surface": "asphalt"
      },
      "geometry": {
        "type": "LineString",
        "coordinates": [
          [
            87.1677777,
            53.7599236
          ],
          [
            87.1681204,
            53.759638
          ],
          [
            87.1684152,
            53.759297
          ],
          [
            87.1687719,
            53.7588942
          ]
        ]
      },
      "id": "way/36897803"
    },
    {
      "type": "Feature",
      "properties": {
        "@id": "way/36897804",
        "highway": "primary",
        "oneway": "yes",
        "surface": "asphalt"
      },
      "geometry": {
        "type": "LineString",
        "coordinates": [
          [
            87.1694187,
            53.7578623
          ],
          [
            87.1695911,
            53.7579251
          ],
          [
            87.1696808,
            53.7579479
          ],
          [
            87.1697896,
            53.7579614
          ],
          [
            87.1699096,
            53.7579649
          ],
          [
            87.17014,
            53.7579454
          ],
          [
            87.1703214,
            53.7579259
          ],
          [
            87.1705085,
            53.7579208
          ],
          [
            87.1706776,
            53.7579322
          ],
          [
            87.170819,
            53.7579583
          ],
          [
            87.1710911,
            53.7580269
          ]
        ]
      },
      "id": "way/36897804"
    },
    {
      "type": "Feature",
      "properties": {
        "@id": "way/36898119",
        "highway": "secondary",
        "name": "улица Тольятти",
        "surface": "asphalt"
      },
      "geometry": {
        "type": "LineString",
        "coordinates": [
          [
            87.1535263,
            53.7560241
          ],
          [
            87.1535727,
            53.756167
          ],
          [
            87.1536148,
            53.7571128
          ],
          [
            87.1535794,
            53.757253
          ],
          [
            87.15349,
            53.7574168
          ]
        ]
      },
      "id": "way/36898119"
    },
    {
      "type": "Feature",
      "properties": {
        "@id": "way/36898120",
        "highway": "secondary",
        "lanes": "4",
        "lanes:backward": "2",
        "lanes:forward": "2",
        "maxspeed": "60",
        "name": "улица Тольятти",
        "surface": "asphalt"
      },
      "geometry": {
        "type": "LineString",
        "coordinates": [
          [
            87.15349,
            53.7574168
          ],
          [
            87.1530367,
            53.7576881
          ],
          [
            87.152908,
            53.757771
          ]
        ]
      },
      "id": "way/36898120"
    },
    {
      "type": "Feature",
      "properties": {
        "@id": "way/36903211",
        "highway": "secondary",
        "name": "Театральный проезд",
        "oneway": "yes"
      },
      "geometry": {
        "type": "LineString",
        "coordinates": [
          [
            87.0969965,
            53.7657724
          ],
          [
            87.0971722,
            53.7658873
          ],
          [
            87.097262,
            53.7659479
          ],
          [
            87.0973514,
            53.7660068
          ],
          [
            87.0973869,
            53.7660471
          ],
          [
            87.0974002,
            53.7660918
          ],
          [
            87.0974174,
            53.7662913
          ],
          [
            87.0974348,
            53.7663298
          ],
          [
            87.0974411,
            53.7663436
          ],
          [
            87.0974966,
            53.7663728
          ],
          [
            87.0975786,
            53.7663864
          ],
          [
            87.0976923,
            53.7663814
          ]
        ]
      },
      "id": "way/36903211"
    },
    {
      "type": "Feature",
      "properties": {
        "@id": "way/36903212",
        "highway": "secondary",
        "name": "улица Орджоникидзе",
        "oneway": "yes"
      },
      "geometry": {
        "type": "LineString",
        "coordinates": [
          [
            87.0979345,
            53.7668307
          ],
          [
            87.0978367,
            53.7668086
          ],
          [
            87.097756,
            53.7667822
          ],
          [
            87.0976967,
            53.7667541
          ],
          [
            87.0976607,
            53.7667246
          ],
          [
            87.0975879,
            53.7665345
          ],
          [
            87.0975812,
            53.7664847
          ],
          [
            87.0976026,
            53.7664483
          ],
          [
            87.0976404,
            53.7664129
          ],
          [
            87.0976923,
            53.7663814
          ],
          [
            87.0991096,
            53.7660485
          ],
          [
            87.1000947,
            53.7658181
          ],
          [
            87.1002195,
            53.7657902
          ],
          [
            87.1019095,
            53.7653886
          ]
        ]
      },
      "id": "way/36903212"
    },
    {
      "type": "Feature",
      "properties": {
        "@id": "way/36903213",
        "highway": "secondary",
        "oneway": "yes"
      },
      "geometry": {
        "type": "LineString",
        "coordinates": [
          [
            87.0969965,
            53.7657724
          ],
          [
            87.0969965,
            53.7661979
          ],
          [
            87.0969642,
            53.7664434
          ],
          [
            87.0969597,
            53.7664773
          ],
          [
            87.096924,
            53.7666139
          ],
          [
            87.0969094,
            53.7666521
          ],
          [
            87.0968708,
            53.7667743
          ]
        ]
      },
      "id": "way/36903213"
    },
    {
      "type": "Feature",
      "properties": {
        "@id": "way/36991119",
        "highway": "secondary",
        "junction": "roundabout",
        "lanes": "2",
        "oneway": "yes",
        "surface": "asphalt"
      },
      "geometry": {
        "type": "LineString",
        "coordinates": [
          [
            87.28109,
            53.7811659
          ],
          [
            87.2810477,
            53.7809679
          ],
          [
            87.2811259,
            53.7807738
          ],
          [
            87.2813541,
            53.7806294
          ],
          [
            87.281613,
            53.7805142
          ],
          [
            87.2819442,
            53.7804613
          ],
          [
            87.2822123,
            53.7804803
          ],
          [
            87.2824467,
            53.7805298
          ],
          [
            87.2827145,
            53.780639
          ],
          [
            87.2828024,
            53.7808106
          ],
          [
            87.2828196,
            53.7809403
          ],
          [
            87.2828053,
            53.7810824
          ],
          [
            87.2827653,
            53.7812664
          ],
          [
            87.2827528,
            53.7812984
          ],
          [
            87.282736,
            53.7813414
          ],
          [
            87.2826422,
            53.7814661
          ],
          [
            87.2824525,
            53.7815344
          ],
          [
            87.2822143,
            53.7815497
          ],
          [
            87.2819325,
            53.7815358
          ],
          [
            87.2816727,
            53.7815043
          ],
          [
            87.2815324,
            53.7814802
          ],
          [
            87.2813383,
            53.7814084
          ],
          [
            87.2812182,
            53.7813191
          ],
          [
            87.2811898,
            53.7812851
          ],
          [
            87.28109,
            53.7811659
          ]
        ]
      },
      "id": "way/36991119"
    },
    {
      "type": "Feature",
      "properties": {
        "@id": "way/36991121",
        "highway": "secondary",
        "lanes": "4",
        "maxspeed": "60",
        "name": "проспект Шахтёров",
        "surface": "asphalt"
      },
      "geometry": {
        "type": "LineString",
        "coordinates": [
          [
            87.282736,
            53.7813414
          ],
          [
            87.28326,
            53.7813483
          ],
          [
            87.2841596,
            53.7813328
          ],
          [
            87.28585,
            53.7813036
          ],
          [
            87.2861568,
            53.7812983
          ],
          [
            87.2872916,
            53.7812787
          ],
          [
            87.2876779,
            53.781272
          ],
          [
            87.2880881,
            53.7812649
          ],
          [
            87.289161,
            53.7812464
          ],
          [
            87.2896836,
            53.7812374
          ],
          [
            87.2898331,
            53.7812348
          ],
          [
            87.2900337,
            53.7812313
          ],
          [
            87.2908198,
            53.7812177
          ],
          [
            87.2912174,
            53.7812109
          ],
          [
            87.2923113,
            53.781192
          ],
          [
            87.2926231,
            53.7811866
          ],
          [
            87.2928489,
            53.7811846
          ],
          [
            87.2939537,
            53.7811747
          ],
          [
            87.294184,
            53.7811726
          ],
          [
            87.2952224,
            53.7811616
          ],
          [
            87.2954374,
            53.7811585
          ],
          [
            87.2969115,
            53.7811381
          ],
          [
            87.2987749,
            53.7810894
          ]
        ]
      },
      "id": "way/36991121"
    },
    {
      "type": "Feature",
      "properties": {
        "@id": "way/36991124",
        "highway": "primary",
        "name": "Притомское шоссе",
        "old_ref": "32К-2",
        "surface": "asphalt"
      },
      "geometry": {
        "type": "LineString",
        "coordinates": [
          [
            87.375775,
            53.7687095
          ],
          [
            87.3743159,
            53.7693674
          ],
          [
            87.3728071,
            53.7700001
          ],
          [
            87.3720002,
            53.7702196
          ],
          [
            87.3717056,
            53.7702909
          ],
          [
            87.3710629,
            53.7704009
          ],
          [
            87.3704036,
            53.7704813
          ],
          [
            87.3697095,
            53.7705317
          ],
          [
            87.3682805,
            53.7705543
          ],
          [
            87.3654399,
            53.7704419
          ],
          [
            87.3518299,
            53.7692856
          ],
          [
            87.3447489,
            53.768684
          ],
          [
            87.3438719,
            53.7686569
          ],
          [
            87.3429939,
            53.768768
          ],
          [
            87.3334062,
            53.7706115
          ],
          [
            87.331946,
            53.7708922
          ],
          [
            87.3310057,
            53.7710762
          ],
          [
            87.3303222,
            53.7712078
          ],
          [
            87.3301348,
            53.7712483
          ],
          [
            87.3147735,
            53.7738677
          ],
          [
            87.3144137,
            53.773929
          ],
          [
            87.3137807,
            53.77407
          ],
          [
            87.3133988,
            53.774227
          ],
          [
            87.3131096,
            53.774486
          ]
        ]
      },
      "id": "way/36991124"
    },
    {
      "type": "Feature",
      "properties": {
        "@id": "way/36991133",
        "highway": "primary",
        "name": "улица Обнорского",
        "old_ref": "32К-2",
        "oneway": "yes",
        "surface": "asphalt"
      },
      "geometry": {
        "type": "LineString",
        "coordinates": [
          [
            87.2219495,
            53.7759657
          ],
          [
            87.2221402,
            53.775905
          ],
          [
            87.2223136,
            53.7758331
          ],
          [
            87.2228797,
            53.7757697
          ],
          [
            87.2232995,
            53.7757064
          ],
          [
            87.2250552,
            53.7753752
          ]
        ]
      },
      "id": "way/36991133"
    },
    {
      "type": "Feature",
      "properties": {
        "@id": "way/36991134",
        "highway": "primary"
      },
      "geometry": {
        "type": "LineString",
        "coordinates": [
          [
            87.2371549,
            53.7755925
          ],
          [
            87.2370685,
            53.7756725
          ],
          [
            87.2370425,
            53.7756951
          ],
          [
            87.236962,
            53.7757575
          ]
        ]
      },
      "id": "way/36991134"
    },
    {
      "type": "Feature",
      "properties": {
        "@id": "way/36991135",
        "highway": "primary",
        "name": "Народная улица",
        "old_ref": "32К-2",
        "surface": "asphalt"
      },
      "geometry": {
        "type": "LineString",
        "coordinates": [
          [
            87.21856,
            53.7759386
          ],
          [
            87.2183105,
            53.7758102
          ],
          [
            87.2182247,
            53.7757445
          ],
          [
            87.2181751,
            53.7756676
          ],
          [
            87.2181147,
            53.7752262
          ],
          [
            87.2180564,
            53.7750734
          ],
          [
            87.2179685,
            53.7748973
          ],
          [
            87.2178214,
            53.7747411
          ],
          [
            87.2175568,
            53.7745272
          ],
          [
            87.2170485,
            53.7742965
          ],
          [
            87.2167897,
            53.7742371
          ],
          [
            87.216285,
            53.7741842
          ],
          [
            87.2155511,
            53.7741334
          ],
          [
            87.2141375,
            53.7740349
          ],
          [
            87.2126991,
            53.7739622
          ],
          [
            87.2119805,
            53.77392
          ],
          [
            87.2116625,
            53.7739054
          ],
          [
            87.2112553,
            53.7738677
          ],
          [
            87.2105963,
            53.7737219
          ],
          [
            87.2099104,
            53.7734668
          ],
          [
            87.2092741,
            53.7731825
          ],
          [
            87.2088682,
            53.7729958
          ],
          [
            87.207699,
            53.7724459
          ],
          [
            87.2056181,
            53.7715028
          ],
          [
            87.2047747,
            53.7712566
          ],
          [
            87.2040787,
            53.7710858
          ],
          [
            87.2035164,
            53.7709729
          ],
          [
            87.2025121,
            53.7707853
          ],
          [
            87.2020413,
            53.7706973
          ],
          [
            87.1999163,
            53.770318
          ],
          [
            87.1979161,
            53.7699705
          ],
          [
            87.1950665,
            53.7694641
          ],
          [
            87.1937147,
            53.7692215
          ],
          [
            87.1932753,
            53.7691354
          ],
          [
            87.1928376,
            53.7690234
          ],
          [
            87.1924478,
            53.7689251
          ],
          [
            87.1920838,
            53.768819
          ],
          [
            87.1915515,
            53.7686691
          ],
          [
            87.190971,
            53.7685139
          ],
          [
            87.1905416,
            53.7684003
          ],
          [
            87.1903565,
            53.7683575
          ],
          [
            87.1894566,
            53.7681597
          ],
          [
            87.1885213,
            53.7679762
          ],
          [
            87.1873338,
            53.7677947
          ],
          [
            87.1865959,
            53.7677061
          ],
          [
            87.1857949,
            53.767635
          ],
          [
            87.1856047,
            53.7676194
          ],
          [
            87.185382,
            53.7676082
          ]
        ]
      },
      "id": "way/36991135"
    },
    {
      "type": "Feature",
      "properties": {
        "@id": "way/36991136",
        "highway": "primary",
        "name": "улица Обнорского",
        "old_ref": "32К-2",
        "surface": "asphalt"
      },
      "geometry": {
        "type": "LineString",
        "coordinates": [
          [
            87.2219495,
            53.7759657
          ],
          [
            87.2217955,
            53.7759792
          ],
          [
            87.2216398,
            53.7759928
          ],
          [
            87.2207004,
            53.7759981
          ],
          [
            87.2195898,
            53.7759672
          ],
          [
            87.21856,
            53.7759386
          ]
        ]
      },
      "id": "way/36991136"
    },
    {
      "type": "Feature",
      "properties": {
        "@id": "way/36991138",
        "highway": "secondary",
        "lanes": "4",
        "maxspeed": "60",
        "name": "Байдаевское шоссе",
        "shoulder": "both",
        "surface": "asphalt"
      },
      "geometry": {
        "type": "LineString",
        "coordinates": [
          [
            87.2819442,
            53.7804613
          ],
          [
            87.2818804,
            53.7798298
          ],
          [
            87.2818719,
            53.7797813
          ],
          [
            87.2818384,
            53.7788524
          ],
          [
            87.2816846,
            53.7756496
          ],
          [
            87.2816482,
            53.7748474
          ],
          [
            87.2815978,
            53.7741296
          ]
        ]
      },
      "id": "way/36991138"
    },
    {
      "type": "Feature",
      "properties": {
        "@id": "way/36991143",
        "highway": "secondary",
        "maxspeed": "40",
        "name": "улица Разведчиков"
      },
      "geometry": {
        "type": "LineString",
        "coordinates": [
          [
            87.2987749,
            53.7810894
          ],
          [
            87.2997344,
            53.7810712
          ],
          [
            87.3015743,
            53.7810531
          ],
          [
            87.3020617,
            53.7810591
          ],
          [
            87.3023586,
            53.7810707
          ],
          [
            87.3026972,
            53.78109
          ],
          [
            87.3030853,
            53.7811345
          ],
          [
            87.3034978,
            53.781194
          ]
        ]
      },
      "id": "way/36991143"
    },
    {
      "type": "Feature",
      "properties": {
        "@id": "way/36991148",
        "highway": "secondary",
        "lanes": "3",
        "lanes:forward": "2",
        "lanes:psv:backward": "1",
        "name": "улица Разведчиков",
        "oneway": "yes",
        "oneway:psv": "no"
      },
      "geometry": {
        "type": "LineString",
        "coordinates": [
          [
            87.3370963,
            53.7879562
          ],
          [
            87.3369553,
            53.7878543
          ],
          [
            87.3367978,
            53.7877164
          ],
          [
            87.3366202,
            53.7875214
          ],
          [
            87.3360331,
            53.7867187
          ],
          [
            87.3352799,
            53.7857539
          ],
          [
            87.3351932,
            53.7856538
          ],
          [
            87.3351516,
            53.7856101
          ],
          [
            87.3349631,
            53.7854139
          ],
          [
            87.3348092,
            53.785299
          ],
          [
            87.3347549,
            53.785263
          ],
          [
            87.3346873,
            53.7852306
          ],
          [
            87.3346184,
            53.7852019
          ],
          [
            87.3343636,
            53.7851209
          ],
          [
            87.3341197,
            53.7850622
          ],
          [
            87.3337132,
            53.7849872
          ],
          [
            87.3332434,
            53.7849294
          ],
          [
            87.3318148,
            53.7847406
          ],
          [
            87.3310503,
            53.7846453
          ],
          [
            87.3301094,
            53.7845649
          ],
          [
            87.3297817,
            53.7845353
          ],
          [
            87.3285298,
            53.7844511
          ],
          [
            87.3273579,
            53.7843716
          ],
          [
            87.3272023,
            53.7843608
          ],
          [
            87.3260757,
            53.7842845
          ],
          [
            87.324721,
            53.7841859
          ],
          [
            87.3233711,
            53.7840931
          ],
          [
            87.3217259,
            53.7839746
          ],
          [
            87.3215972,
            53.7839715
          ],
          [
            87.3214574,
            53.7839779
          ],
          [
            87.3212424,
            53.7839985
          ],
          [
            87.3211224,
            53.7839994
          ],
          [
            87.3209755,
            53.7839915
          ]
        ]
      },
      "id": "way/36991148"
    },
    {
      "type": "Feature",
      "properties": {
        "@id": "way/36991152",
        "highway": "secondary",
        "lanes": "3",
        "name": "Зыряновская улица",
        "oneway": "yes",
        "oneway:psv": "no"
      },
      "geometry": {
        "type": "LineString",
        "coordinates": [
          [
            87.3696921,
            53.8001107
          ],
          [
            87.3684405,
            53.7998579
          ],
          [
            87.3679945,
            53.7997668
          ]
        ]
      },
      "id": "way/36991152"
    },
    {
      "type": "Feature",
      "properties": {
        "@id": "way/37030506",
        "highway": "primary",
        "name": "улица Обнорского",
        "old_ref": "32К-2",
        "oneway": "yes",
        "surface": "asphalt"
      },
      "geometry": {
        "type": "LineString",
        "coordinates": [
          [
            87.259121,
            53.7811585
          ],
          [
            87.2590086,
            53.7811683
          ],
          [
            87.2589059,
            53.7811772
          ],
          [
            87.2587596,
            53.7811844
          ],
          [
            87.258588,
            53.7811736
          ],
          [
            87.2564833,
            53.7806529
          ],
          [
            87.255728,
            53.7804625
          ],
          [
            87.2515498,
            53.7794256
          ],
          [
            87.2487286,
            53.7787196
          ],
          [
            87.2458505,
            53.7779968
          ],
          [
            87.2401267,
            53.7765728
          ],
          [
            87.2395403,
            53.7764276
          ],
          [
            87.236962,
            53.7757575
          ],
          [
            87.234751,
            53.7751535
          ],
          [
            87.2336852,
            53.7748623
          ],
          [
            87.2330041,
            53.7746879
          ],
          [
            87.232276,
            53.7745728
          ],
          [
            87.2317387,
            53.7745467
          ],
          [
            87.2313171,
            53.7745264
          ],
          [
            87.2306767,
            53.7745391
          ],
          [
            87.2299535,
            53.7745937
          ],
          [
            87.2254409,
            53.7754371
          ]
        ]
      },
      "id": "way/37030506"
    },
    {
      "type": "Feature",
      "properties": {
        "@id": "way/39241294",
        "highway": "secondary",
        "maxspeed": "60",
        "name": "Листвянское шоссе"
      },
      "geometry": {
        "type": "LineString",
        "coordinates": [
          [
            87.0277976,
            53.7323218
          ],
          [
            87.0258608,
            53.7302774
          ],
          [
            87.0252561,
            53.7296348
          ],
          [
            87.0249383,
            53.7292922
          ],
          [
            87.0247387,
            53.7289969
          ],
          [
            87.0245558,
            53.7287082
          ],
          [
            87.0243846,
            53.7283357
          ],
          [
            87.0231848,
            53.7238052
          ],
          [
            87.023001,
            53.7230282
          ],
          [
            87.0227571,
            53.721977
          ],
          [
            87.0226904,
            53.7213912
          ],
          [
            87.0227202,
            53.7208963
          ],
          [
            87.0229187,
            53.7196561
          ],
          [
            87.0229566,
            53.7183568
          ],
          [
            87.0229953,
            53.7170081
          ],
          [
            87.023067,
            53.7159983
          ],
          [
            87.0232104,
            53.7149147
          ],
          [
            87.0232023,
            53.7145338
          ],
          [
            87.0231199,
            53.714103
          ],
          [
            87.0222188,
            53.7119906
          ],
          [
            87.0216935,
            53.710998
          ],
          [
            87.0215887,
            53.7108375
          ],
          [
            87.0214751,
            53.7106718
          ],
          [
            87.0201644,
            53.7091404
          ],
          [
            87.0197486,
            53.7087003
          ],
          [
            87.0196082,
            53.7085321
          ],
          [
            87.0192179,
            53.7080105
          ],
          [
            87.018838,
            53.707718
          ],
          [
            87.018318,
            53.7072983
          ],
          [
            87.0175877,
            53.7068166
          ],
          [
            87.0167645,
            53.7063833
          ],
          [
            87.015211,
            53.7056867
          ],
          [
            87.0137011,
            53.7051276
          ],
          [
            87.0132851,
            53.7049367
          ],
          [
            87.0128982,
            53.7047257
          ],
          [
            87.0126694,
            53.7045212
          ],
          [
            87.0125372,
            53.7043328
          ],
          [
            87.012494,
            53.7041042
          ],
          [
            87.0125746,
            53.7037711
          ],
          [
            87.0126372,
            53.7034808
          ],
          [
            87.0126059,
            53.7031473
          ],
          [
            87.0124129,
            53.7028262
          ],
          [
            87.0114247,
            53.7019046
          ],
          [
            87.0109338,
            53.701544
          ],
          [
            87.0102194,
            53.70119
          ],
          [
            87.007524,
            53.7000009
          ],
          [
            87.0070971,
            53.699788
          ],
          [
            87.0067654,
            53.6995687
          ],
          [
            87.0065029,
            53.6993196
          ],
          [
            87.0063913,
            53.6991303
          ],
          [
            87.0063586,
            53.6989268
          ],
          [
            87.006433,
            53.6986707
          ],
          [
            87.0066031,
            53.6977424
          ],
          [
            87.0066691,
            53.6974464
          ],
          [
            87.0066919,
            53.6971249
          ],
          [
            87.0066826,
            53.6966568
          ],
          [
            87.0065456,
            53.6962943
          ],
          [
            87.0063716,
            53.6959281
          ],
          [
            87.0060799,
            53.6955288
          ],
          [
            87.0055232,
            53.6949398
          ],
          [
            87.0042652,
            53.693777
          ],
          [
            86.9991505,
            53.6888974
          ],
          [
            86.9980843,
            53.6878767
          ],
          [
            86.9958225,
            53.6857159
          ],
          [
            86.9949359,
            53.6849946
          ],
          [
            86.9938371,
            53.6842697
          ],
          [
            86.9922503,
            53.6834259
          ],
          [
            86.9866374,
            53.6806881
          ],
          [
            86.9865407,
            53.6806405
          ],
          [
            86.9833567,
            53.6790725
          ],
          [
            86.9767671,
            53.6758438
          ],
          [
            86.9752467,
            53.675088
          ],
          [
            86.9739565,
            53.6745197
          ],
          [
            86.9718648,
            53.6736889
          ],
          [
            86.971294,
            53.6734576
          ],
          [
            86.9709193,
            53.6733356
          ],
          [
            86.9705263,
            53.6732645
          ],
          [
            86.9700839,
            53.6732632
          ],
          [
            86.9694896,
            53.6733375
          ],
          [
            86.9683619,
            53.6735749
          ]
        ]
      },
      "id": "way/39241294"
    },
    {
      "type": "Feature",
      "properties": {
        "@id": "way/40001242",
        "highway": "secondary",
        "name": "Слесарная улица"
      },
      "geometry": {
        "type": "LineString",
        "coordinates": [
          [
            87.3136826,
            53.7893735
          ],
          [
            87.3134148,
            53.789369
          ],
          [
            87.3114736,
            53.7893706
          ],
          [
            87.3092946,
            53.7893737
          ],
          [
            87.3071071,
            53.7893952
          ],
          [
            87.306846,
            53.7893955
          ],
          [
            87.3067516,
            53.7893956
          ],
          [
            87.30556,
            53.7893969
          ],
          [
            87.30415,
            53.7893985
          ],
          [
            87.3038499,
            53.7893988
          ],
          [
            87.3028541,
            53.7893999
          ],
          [
            87.3019401,
            53.7894009
          ],
          [
            87.3017172,
            53.7894011
          ],
          [
            87.301236,
            53.7894017
          ],
          [
            87.3009398,
            53.789402
          ],
          [
            87.3004559,
            53.7893751
          ],
          [
            87.3002088,
            53.7893816
          ],
          [
            87.2998964,
            53.7894041
          ],
          [
            87.2996436,
            53.7894743
          ],
          [
            87.2993627,
            53.7896303
          ],
          [
            87.2990034,
            53.7900234
          ],
          [
            87.2988641,
            53.7902154
          ],
          [
            87.2984971,
            53.7906665
          ],
          [
            87.2979882,
            53.7914291
          ],
          [
            87.2978175,
            53.7916776
          ],
          [
            87.2976961,
            53.7918622
          ],
          [
            87.2976832,
            53.7918818
          ],
          [
            87.297508,
            53.7921481
          ],
          [
            87.2972584,
            53.7924561
          ],
          [
            87.2969998,
            53.792766
          ],
          [
            87.2966942,
            53.7930631
          ],
          [
            87.2965882,
            53.7931601
          ],
          [
            87.2963998,
            53.7932596
          ],
          [
            87.2961715,
            53.7933806
          ],
          [
            87.2955146,
            53.7936367
          ]
        ]
      },
      "id": "way/40001242"
    },
    {
      "type": "Feature",
      "properties": {
        "@id": "way/40001243",
        "highway": "secondary",
        "name": "улица Герцена",
        "name:etymology:wikidata": "Q201221"
      },
      "geometry": {
        "type": "LineString",
        "coordinates": [
          [
            87.3136826,
            53.7893735
          ],
          [
            87.3140741,
            53.7893657
          ],
          [
            87.3148933,
            53.7889272
          ],
          [
            87.3154378,
            53.7886375
          ]
        ]
      },
      "id": "way/40001243"
    },
    {
      "type": "Feature",
      "properties": {
        "@id": "way/40838693",
        "highway": "secondary"
      },
      "geometry": {
        "type": "LineString",
        "coordinates": [
          [
            86.9998528,
            53.6947958
          ],
          [
            86.9994686,
            53.6948413
          ]
        ]
      },
      "id": "way/40838693"
    },
    {
      "type": "Feature",
      "properties": {
        "@id": "way/40883674",
        "highway": "primary",
        "lanes": "6",
        "maxspeed": "60",
        "name": "улица Кирова",
        "name:etymology:wikidata": "Q207682",
        "old_ref": "32К-2",
        "surface": "asphalt"
      },
      "geometry": {
        "type": "LineString",
        "coordinates": [
          [
            87.1476055,
            53.7574718
          ],
          [
            87.1462317,
            53.7574902
          ]
        ]
      },
      "id": "way/40883674"
    },
    {
      "type": "Feature",
      "properties": {
        "@id": "way/40883676",
        "highway": "primary",
        "lanes": "6",
        "name": "улица Кирова",
        "name:etymology:wikidata": "Q207682",
        "old_ref": "32К-2",
        "surface": "asphalt"
      },
      "geometry": {
        "type": "LineString",
        "coordinates": [
          [
            87.1487055,
            53.7574605
          ],
          [
            87.1484287,
            53.7574647
          ]
        ]
      },
      "id": "way/40883676"
    },
    {
      "type": "Feature",
      "properties": {
        "@id": "way/40883677",
        "highway": "primary",
        "lanes": "6",
        "maxspeed": "60",
        "name": "улица Кирова",
        "name:etymology:wikidata": "Q207682",
        "old_ref": "32К-2",
        "surface": "asphalt"
      },
      "geometry": {
        "type": "LineString",
        "coordinates": [
          [
            87.1507759,
            53.7574436
          ],
          [
            87.1503349,
            53.7574472
          ]
        ]
      },
      "id": "way/40883677"
    },
    {
      "type": "Feature",
      "properties": {
        "@id": "way/40883679",
        "highway": "primary",
        "name": "улица Кирова",
        "name:etymology:wikidata": "Q207682",
        "old_ref": "32К-2",
        "surface": "asphalt"
      },
      "geometry": {
        "type": "LineString",
        "coordinates": [
          [
            87.1380825,
            53.757564
          ],
          [
            87.1372023,
            53.7575769
          ]
        ]
      },
      "id": "way/40883679"
    },
    {
      "type": "Feature",
      "properties": {
        "@id": "way/40883684",
        "highway": "primary",
        "lanes": "6",
        "maxspeed": "60",
        "name": "улица Кирова",
        "name:etymology:wikidata": "Q207682",
        "old_ref": "32К-2",
        "surface": "asphalt"
      },
      "geometry": {
        "type": "LineString",
        "coordinates": [
          [
            87.1394723,
            53.7575488
          ],
          [
            87.1380825,
            53.757564
          ]
        ]
      },
      "id": "way/40883684"
    },
    {
      "type": "Feature",
      "properties": {
        "@id": "way/40883686",
        "highway": "primary",
        "lanes": "2",
        "maxspeed": "60",
        "name": "Ноградская улица",
        "oneway": "yes",
        "surface": "asphalt"
      },
      "geometry": {
        "type": "LineString",
        "coordinates": [
          [
            87.1363777,
            53.7717969
          ],
          [
            87.1347913,
            53.7727757
          ]
        ]
      },
      "id": "way/40883686"
    },
    {
      "type": "Feature",
      "properties": {
        "@id": "way/40883689",
        "highway": "secondary",
        "oneway": "yes"
      },
      "geometry": {
        "type": "LineString",
        "coordinates": [
          [
            87.1207343,
            53.7688161
          ],
          [
            87.1206176,
            53.7688762
          ],
          [
            87.1199844,
            53.7692107
          ],
          [
            87.1197727,
            53.7692983
          ],
          [
            87.1196636,
            53.7693271
          ],
          [
            87.1195409,
            53.7693397
          ],
          [
            87.1193238,
            53.7693408
          ],
          [
            87.1190205,
            53.7693079
          ]
        ]
      },
      "id": "way/40883689"
    },
    {
      "type": "Feature",
      "properties": {
        "@id": "way/40883693",
        "highway": "secondary",
        "lanes": "6",
        "maxspeed": "RU:urban",
        "name": "проспект Строителей",
        "surface": "asphalt"
      },
      "geometry": {
        "type": "LineString",
        "coordinates": [
          [
            87.1307874,
            53.7789335
          ],
          [
            87.1306533,
            53.7787988
          ]
        ]
      },
      "id": "way/40883693"
    },
    {
      "type": "Feature",
      "properties": {
        "@id": "way/40883694",
        "highway": "secondary",
        "lanes": "3",
        "name": "проспект Строителей",
        "oneway": "yes",
        "surface": "asphalt",
        "turn": "slight_right"
      },
      "geometry": {
        "type": "LineString",
        "coordinates": [
          [
            87.1320257,
            53.7800152
          ],
          [
            87.1329909,
            53.7808912
          ],
          [
            87.1330382,
            53.7809246
          ],
          [
            87.1331974,
            53.7810238
          ]
        ]
      },
      "id": "way/40883694"
    },
    {
      "type": "Feature",
      "properties": {
        "@id": "way/40883696",
        "highway": "secondary",
        "lanes": "3",
        "oneway": "yes",
        "surface": "asphalt",
        "turn": "slight_right"
      },
      "geometry": {
        "type": "LineString",
        "coordinates": [
          [
            87.1331974,
            53.7810238
          ],
          [
            87.1334649,
            53.781172
          ],
          [
            87.1343473,
            53.7814872
          ]
        ]
      },
      "id": "way/40883696"
    },
    {
      "type": "Feature",
      "properties": {
        "@id": "way/40883703",
        "highway": "secondary",
        "name": "Кузнецкстроевский проспект",
        "oneway": "yes"
      },
      "geometry": {
        "type": "LineString",
        "coordinates": [
          [
            87.1203347,
            53.7686135
          ],
          [
            87.1207012,
            53.7685774
          ],
          [
            87.1208299,
            53.7685514
          ],
          [
            87.1209584,
            53.7685059
          ],
          [
            87.1211045,
            53.7684265
          ],
          [
            87.1211379,
            53.7684083
          ],
          [
            87.1215243,
            53.7681973
          ],
          [
            87.1230882,
            53.7673232
          ],
          [
            87.1231403,
            53.767294
          ]
        ]
      },
      "id": "way/40883703"
    },
    {
      "type": "Feature",
      "properties": {
        "@id": "way/40883710",
        "highway": "primary",
        "lanes": "2",
        "maxspeed": "60",
        "name": "Запорожская улица",
        "surface": "asphalt"
      },
      "geometry": {
        "type": "LineString",
        "coordinates": [
          [
            87.1685434,
            53.7595651
          ],
          [
            87.1677777,
            53.7599236
          ]
        ]
      },
      "id": "way/40883710"
    },
    {
      "type": "Feature",
      "properties": {
        "@id": "way/40883711",
        "highway": "primary",
        "lanes": "2",
        "maxspeed": "60",
        "name": "Запорожская улица",
        "surface": "asphalt"
      },
      "geometry": {
        "type": "LineString",
        "coordinates": [
          [
            87.1677777,
            53.7599236
          ],
          [
            87.1673543,
            53.7601255
          ],
          [
            87.166226,
            53.7606503
          ],
          [
            87.163786,
            53.7617853
          ]
        ]
      },
      "id": "way/40883711"
    },
    {
      "type": "Feature",
      "properties": {
        "@id": "way/40883712",
        "highway": "primary",
        "oneway": "yes",
        "surface": "asphalt"
      },
      "geometry": {
        "type": "LineString",
        "coordinates": [
          [
            87.1687719,
            53.7588942
          ],
          [
            87.1690201,
            53.7585967
          ],
          [
            87.1693432,
            53.7582094
          ],
          [
            87.1694055,
            53.7580871
          ]
        ]
      },
      "id": "way/40883712"
    },
    {
      "type": "Feature",
      "properties": {
        "@id": "way/40883713",
        "highway": "primary",
        "lanes": "2",
        "name": "Запорожская улица",
        "surface": "asphalt"
      },
      "geometry": {
        "type": "LineString",
        "coordinates": [
          [
            87.1697867,
            53.7589934
          ],
          [
            87.1696694,
            53.7590467
          ]
        ]
      },
      "id": "way/40883713"
    },
    {
      "type": "Feature",
      "properties": {
        "@id": "way/40883714",
        "highway": "primary",
        "lanes": "2",
        "name": "Запорожская улица",
        "surface": "asphalt"
      },
      "geometry": {
        "type": "LineString",
        "coordinates": [
          [
            87.1703372,
            53.7587335
          ],
          [
            87.1702512,
            53.7587741
          ],
          [
            87.1697867,
            53.7589934
          ]
        ]
      },
      "id": "way/40883714"
    },
    {
      "type": "Feature",
      "properties": {
        "@id": "way/40883715",
        "highway": "primary",
        "oneway": "yes",
        "surface": "asphalt"
      },
      "geometry": {
        "type": "LineString",
        "coordinates": [
          [
            87.1710911,
            53.7580269
          ],
          [
            87.171274,
            53.758052
          ],
          [
            87.1714513,
            53.7580627
          ],
          [
            87.1718807,
            53.7580467
          ]
        ]
      },
      "id": "way/40883715"
    },
    {
      "type": "Feature",
      "properties": {
        "@id": "way/40883716",
        "highway": "primary",
        "lanes": "2",
        "name": "Транспортная улица",
        "surface": "asphalt"
      },
      "geometry": {
        "type": "LineString",
        "coordinates": [
          [
            87.1718807,
            53.7580467
          ],
          [
            87.1710214,
            53.7584214
          ]
        ]
      },
      "id": "way/40883716"
    },
    {
      "type": "Feature",
      "properties": {
        "@id": "way/40883717",
        "highway": "primary",
        "maxspeed": "60",
        "name": "Транспортная улица",
        "surface": "asphalt"
      },
      "geometry": {
        "type": "LineString",
        "coordinates": [
          [
            87.172772,
            53.7576047
          ],
          [
            87.1725585,
            53.7577127
          ]
        ]
      },
      "id": "way/40883717"
    },
    {
      "type": "Feature",
      "properties": {
        "@id": "way/40883722",
        "highway": "primary",
        "maxspeed": "60",
        "oneway": "yes",
        "surface": "asphalt"
      },
      "geometry": {
        "type": "LineString",
        "coordinates": [
          [
            87.0915534,
            53.764855
          ],
          [
            87.0916294,
            53.7651708
          ],
          [
            87.0917353,
            53.765305
          ],
          [
            87.0918312,
            53.7653495
          ],
          [
            87.0937072,
            53.7662116
          ],
          [
            87.0938176,
            53.7662603
          ]
        ]
      },
      "id": "way/40883722"
    },
    {
      "type": "Feature",
      "properties": {
        "@id": "way/40883723",
        "highway": "primary",
        "maxspeed": "60",
        "oneway": "yes",
        "surface": "asphalt"
      },
      "geometry": {
        "type": "LineString",
        "coordinates": [
          [
            87.0935129,
            53.7663665
          ],
          [
            87.0916172,
            53.7655161
          ],
          [
            87.0915135,
            53.7654164
          ],
          [
            87.0914381,
            53.7652752
          ],
          [
            87.091446,
            53.7652355
          ],
          [
            87.0914501,
            53.7652022
          ],
          [
            87.0915534,
            53.764855
          ]
        ]
      },
      "id": "way/40883723"
    },
    {
      "type": "Feature",
      "properties": {
        "@id": "way/40883724",
        "highway": "primary",
        "maxspeed": "60",
        "name": "Музейная улица",
        "surface": "asphalt"
      },
      "geometry": {
        "type": "LineString",
        "coordinates": [
          [
            87.0989159,
            53.7695069
          ],
          [
            87.0988892,
            53.7694795
          ]
        ]
      },
      "id": "way/40883724"
    },
    {
      "type": "Feature",
      "properties": {
        "@id": "way/40883725",
        "highway": "primary",
        "maxspeed": "60",
        "oneway": "yes",
        "surface": "asphalt"
      },
      "geometry": {
        "type": "LineString",
        "coordinates": [
          [
            87.0998152,
            53.7702513
          ],
          [
            87.0989159,
            53.7695069
          ]
        ]
      },
      "id": "way/40883725"
    },
    {
      "type": "Feature",
      "properties": {
        "@id": "way/40883726",
        "highway": "primary",
        "maxspeed": "60",
        "oneway": "yes",
        "surface": "asphalt"
      },
      "geometry": {
        "type": "LineString",
        "coordinates": [
          [
            87.1009109,
            53.7701342
          ],
          [
            87.1012221,
            53.7702453
          ]
        ]
      },
      "id": "way/40883726"
    },
    {
      "type": "Feature",
      "properties": {
        "@id": "way/40883727",
        "highway": "primary",
        "maxspeed": "60",
        "oneway": "yes",
        "surface": "asphalt"
      },
      "geometry": {
        "type": "LineString",
        "coordinates": [
          [
            87.1012221,
            53.7702453
          ],
          [
            87.1008704,
            53.7703098
          ]
        ]
      },
      "id": "way/40883727"
    },
    {
      "type": "Feature",
      "properties": {
        "@id": "way/40883729",
        "highway": "secondary",
        "oneway": "yes",
        "surface": "asphalt"
      },
      "geometry": {
        "type": "LineString",
        "coordinates": [
          [
            87.28109,
            53.7811659
          ],
          [
            87.2808811,
            53.7811095
          ],
          [
            87.2807175,
            53.781062
          ],
          [
            87.280519,
            53.7810335
          ],
          [
            87.2802634,
            53.7810293
          ]
        ]
      },
      "id": "way/40883729"
    },
    {
      "type": "Feature",
      "properties": {
        "@id": "way/40883730",
        "highway": "secondary",
        "oneway": "yes",
        "surface": "asphalt"
      },
      "geometry": {
        "type": "LineString",
        "coordinates": [
          [
            87.2802499,
            53.7809664
          ],
          [
            87.2804922,
            53.7809574
          ],
          [
            87.2807094,
            53.7809162
          ],
          [
            87.2809026,
            53.7808607
          ],
          [
            87.2811259,
            53.7807738
          ]
        ]
      },
      "id": "way/40883730"
    },
    {
      "type": "Feature",
      "properties": {
        "@id": "way/40883746",
        "highway": "secondary",
        "maxspeed": "60",
        "name": "Моховая улица"
      },
      "geometry": {
        "type": "LineString",
        "coordinates": [
          [
            87.1564585,
            53.8449669
          ],
          [
            87.1643508,
            53.8451239
          ],
          [
            87.1672291,
            53.845166
          ],
          [
            87.1674244,
            53.8451709
          ],
          [
            87.1695055,
            53.8452064
          ],
          [
            87.1699805,
            53.845217
          ],
          [
            87.1705135,
            53.8452269
          ],
          [
            87.173063,
            53.8452866
          ],
          [
            87.1739963,
            53.8452708
          ],
          [
            87.1757207,
            53.8451948
          ],
          [
            87.1762851,
            53.8451967
          ],
          [
            87.1766169,
            53.8452156
          ],
          [
            87.1769877,
            53.8452576
          ],
          [
            87.1777886,
            53.8453712
          ],
          [
            87.1780509,
            53.8453947
          ],
          [
            87.1828563,
            53.8455001
          ],
          [
            87.1878765,
            53.8456272
          ],
          [
            87.1883808,
            53.8456465
          ],
          [
            87.1909427,
            53.8456714
          ],
          [
            87.1920186,
            53.8455783
          ],
          [
            87.1930303,
            53.8453848
          ],
          [
            87.1937367,
            53.8452197
          ],
          [
            87.1943601,
            53.8450238
          ],
          [
            87.1960367,
            53.84443
          ],
          [
            87.1978055,
            53.8438306
          ]
        ]
      },
      "id": "way/40883746"
    },
    {
      "type": "Feature",
      "properties": {
        "@id": "way/40883756",
        "highway": "secondary",
        "maxspeed": "60",
        "oneway": "yes"
      },
      "geometry": {
        "type": "LineString",
        "coordinates": [
          [
            87.1945592,
            53.8423294
          ],
          [
            87.1948278,
            53.8424615
          ],
          [
            87.1949369,
            53.8425027
          ],
          [
            87.1951541,
            53.8425489
          ],
          [
            87.195299,
            53.8425763
          ],
          [
            87.1954929,
            53.8425973
          ]
        ]
      },
      "id": "way/40883756"
    },
    {
      "type": "Feature",
      "properties": {
        "@id": "way/40883757",
        "bridge": "yes",
        "highway": "secondary",
        "lanes": "2",
        "layer": "1",
        "lit": "no",
        "maxspeed": "60",
        "name": "Заводское шоссе",
        "shoulder": "no",
        "smoothness": "good",
        "surface": "asphalt"
      },
      "geometry": {
        "type": "LineString",
        "coordinates": [
          [
            87.1962068,
            53.8439964
          ],
          [
            87.1968159,
            53.8445704
          ]
        ]
      },
      "id": "way/40883757"
    },
    {
      "type": "Feature",
      "properties": {
        "@id": "way/40883758",
        "highway": "secondary",
        "lanes": "2",
        "lit": "no",
        "maxspeed": "60",
        "name": "Заводское шоссе",
        "shoulder": "both",
        "smoothness": "good",
        "surface": "asphalt"
      },
      "geometry": {
        "type": "LineString",
        "coordinates": [
          [
            87.1968159,
            53.8445704
          ],
          [
            87.1975224,
            53.8452481
          ],
          [
            87.1981488,
            53.8458168
          ],
          [
            87.1990292,
            53.8466833
          ],
          [
            87.2000767,
            53.8478193
          ],
          [
            87.2010474,
            53.8489005
          ]
        ]
      },
      "id": "way/40883758"
    },
    {
      "type": "Feature",
      "properties": {
        "@id": "way/40883760",
        "highway": "secondary",
        "maxspeed": "60",
        "oneway": "yes"
      },
      "geometry": {
        "type": "LineString",
        "coordinates": [
          [
            87.1964843,
            53.8430436
          ],
          [
            87.1963177,
            53.8430885
          ],
          [
            87.1962359,
            53.843114
          ],
          [
            87.1961441,
            53.8431424
          ]
        ]
      },
      "id": "way/40883760"
    },
    {
      "type": "Feature",
      "properties": {
        "@id": "way/40883779",
        "highway": "secondary",
        "junction": "roundabout",
        "maxspeed": "60"
      },
      "geometry": {
        "type": "LineString",
        "coordinates": [
          [
            87.1119196,
            53.8797683
          ],
          [
            87.1118538,
            53.8796693
          ],
          [
            87.1118849,
            53.8795142
          ],
          [
            87.1119682,
            53.8794193
          ],
          [
            87.1121295,
            53.8793559
          ],
          [
            87.1123915,
            53.879303
          ]
        ]
      },
      "id": "way/40883779"
    },
    {
      "type": "Feature",
      "properties": {
        "@id": "way/40883781",
        "highway": "secondary",
        "maxspeed": "60",
        "oneway": "yes"
      },
      "geometry": {
        "type": "LineString",
        "coordinates": [
          [
            87.1140534,
            53.8803327
          ],
          [
            87.1130704,
            53.8801907
          ]
        ]
      },
      "id": "way/40883781"
    },
    {
      "type": "Feature",
      "properties": {
        "@id": "way/40883782",
        "highway": "secondary",
        "maxspeed": "60",
        "name": "Ильинское шоссе",
        "oneway": "yes"
      },
      "geometry": {
        "type": "LineString",
        "coordinates": [
          [
            87.1112353,
            53.878915
          ],
          [
            87.1108993,
            53.8786683
          ],
          [
            87.1087711,
            53.877648
          ],
          [
            87.1080557,
            53.8772923
          ],
          [
            87.1052664,
            53.875927
          ],
          [
            87.0997498,
            53.8731545
          ],
          [
            87.0962219,
            53.8713935
          ],
          [
            87.0957034,
            53.8710288
          ]
        ]
      },
      "id": "way/40883782"
    },
    {
      "type": "Feature",
      "properties": {
        "@id": "way/40883783",
        "highway": "secondary",
        "maxspeed": "60",
        "oneway": "yes"
      },
      "geometry": {
        "type": "LineString",
        "coordinates": [
          [
            87.1118538,
            53.8796693
          ],
          [
            87.1112353,
            53.878915
          ]
        ]
      },
      "id": "way/40883783"
    },
    {
      "type": "Feature",
      "properties": {
        "@id": "way/40883786",
        "highway": "secondary",
        "oneway": "yes"
      },
      "geometry": {
        "type": "LineString",
        "coordinates": [
          [
            87.1291317,
            53.788998
          ],
          [
            87.1291874,
            53.7890734
          ],
          [
            87.1292424,
            53.7891312
          ],
          [
            87.1293949,
            53.7892922
          ]
        ]
      },
      "id": "way/40883786"
    },
    {
      "type": "Feature",
      "properties": {
        "@id": "way/41259505",
        "highway": "secondary",
        "maxspeed": "60",
        "name": "Заводское шоссе"
      },
      "geometry": {
        "type": "LineString",
        "coordinates": [
          [
            87.1732345,
            53.8235335
          ],
          [
            87.1736739,
            53.8240197
          ]
        ]
      },
      "id": "way/41259505"
    },
    {
      "type": "Feature",
      "properties": {
        "@id": "way/41259506",
        "highway": "secondary",
        "maxspeed": "60",
        "name": "Заводское шоссе",
        "surface": "asphalt"
      },
      "geometry": {
        "type": "LineString",
        "coordinates": [
          [
            87.1736739,
            53.8240197
          ],
          [
            87.1738574,
            53.8242027
          ],
          [
            87.1739931,
            53.8243384
          ]
        ]
      },
      "id": "way/41259506"
    },
    {
      "type": "Feature",
      "properties": {
        "@id": "way/41259509",
        "highway": "secondary",
        "maxspeed": "60",
        "name": "Заводское шоссе"
      },
      "geometry": {
        "type": "LineString",
        "coordinates": [
          [
            87.1727463,
            53.8229567
          ],
          [
            87.1732345,
            53.8235335
          ]
        ]
      },
      "id": "way/41259509"
    },
    {
      "type": "Feature",
      "properties": {
        "@id": "way/41259513",
        "highway": "secondary",
        "lanes": "6",
        "maxspeed:backward": "50",
        "maxspeed:forward": "RU:urban",
        "name": "улица ДОЗ",
        "surface": "asphalt",
        "turn:lanes:backward": "through|through|through;right"
      },
      "geometry": {
        "type": "LineString",
        "coordinates": [
          [
            87.1290067,
            53.7820565
          ],
          [
            87.1290815,
            53.781791
          ],
          [
            87.1291727,
            53.7816381
          ],
          [
            87.1292947,
            53.7814764
          ],
          [
            87.1298432,
            53.780997
          ]
        ]
      },
      "id": "way/41259513"
    },
    {
      "type": "Feature",
      "properties": {
        "@id": "way/41499326",
        "highway": "primary",
        "lanes": "2",
        "maxspeed": "60",
        "name": "Запорожская улица",
        "surface": "asphalt"
      },
      "geometry": {
        "type": "LineString",
        "coordinates": [
          [
            87.1696694,
            53.7590467
          ],
          [
            87.1685434,
            53.7595651
          ]
        ]
      },
      "id": "way/41499326"
    },
    {
      "type": "Feature",
      "properties": {
        "@id": "way/41499327",
        "highway": "primary",
        "oneway": "yes",
        "surface": "asphalt"
      },
      "geometry": {
        "type": "LineString",
        "coordinates": [
          [
            87.1696552,
            53.7591335
          ],
          [
            87.1696511,
            53.7592562
          ],
          [
            87.1696996,
            53.759352
          ],
          [
            87.1697859,
            53.7594226
          ],
          [
            87.1698592,
            53.7594579
          ],
          [
            87.1699574,
            53.7594817
          ],
          [
            87.1700926,
            53.7594944
          ],
          [
            87.1702372,
            53.7594823
          ],
          [
            87.170341,
            53.7594545
          ],
          [
            87.1704251,
            53.7594066
          ],
          [
            87.1704869,
            53.7593417
          ],
          [
            87.1705263,
            53.7592545
          ],
          [
            87.1705244,
            53.7592062
          ],
          [
            87.1705101,
            53.7591267
          ]
        ]
      },
      "id": "way/41499327"
    },
    {
      "type": "Feature",
      "properties": {
        "@id": "way/41499328",
        "highway": "primary",
        "lanes": "2",
        "name": "Транспортная улица",
        "surface": "asphalt"
      },
      "geometry": {
        "type": "LineString",
        "coordinates": [
          [
            87.1710214,
            53.7584214
          ],
          [
            87.1707347,
            53.7585619
          ]
        ]
      },
      "id": "way/41499328"
    },
    {
      "type": "Feature",
      "properties": {
        "@id": "way/41499329",
        "highway": "primary",
        "oneway": "yes",
        "surface": "asphalt"
      },
      "geometry": {
        "type": "LineString",
        "coordinates": [
          [
            87.1709228,
            53.7584074
          ],
          [
            87.1709573,
            53.7583286
          ],
          [
            87.170964,
            53.7582584
          ],
          [
            87.170945,
            53.7581874
          ],
          [
            87.1708754,
            53.7581164
          ],
          [
            87.1707875,
            53.758074
          ],
          [
            87.1706865,
            53.7580441
          ],
          [
            87.1705686,
            53.7580257
          ],
          [
            87.1704556,
            53.7580208
          ],
          [
            87.170376,
            53.7580312
          ],
          [
            87.1703038,
            53.75805
          ],
          [
            87.1702409,
            53.7580771
          ],
          [
            87.1701903,
            53.7581104
          ],
          [
            87.1701215,
            53.7581715
          ],
          [
            87.170071,
            53.7582522
          ],
          [
            87.1700688,
            53.7583341
          ],
          [
            87.1701233,
            53.758452
          ]
        ]
      },
      "id": "way/41499329"
    },
    {
      "type": "Feature",
      "properties": {
        "@id": "way/42244958",
        "highway": "secondary",
        "name": "Кузнецкстроевский проспект",
        "oneway": "yes",
        "surface": "asphalt"
      },
      "geometry": {
        "type": "LineString",
        "coordinates": [
          [
            87.1361746,
            53.7601364
          ],
          [
            87.1360851,
            53.760037
          ],
          [
            87.1360661,
            53.7599983
          ],
          [
            87.1360444,
            53.7599253
          ],
          [
            87.1360064,
            53.758875
          ],
          [
            87.1359782,
            53.7583169
          ],
          [
            87.1359622,
            53.7582251
          ],
          [
            87.1358969,
            53.7581017
          ],
          [
            87.1357915,
            53.7579744
          ]
        ]
      },
      "id": "way/42244958"
    },
    {
      "type": "Feature",
      "properties": {
        "@id": "way/43385449",
        "highway": "secondary",
        "name": "Вокзальная улица"
      },
      "geometry": {
        "type": "LineString",
        "coordinates": [
          [
            87.1073858,
            53.7493822
          ],
          [
            87.1074841,
            53.7492581
          ]
        ]
      },
      "id": "way/43385449"
    },
    {
      "type": "Feature",
      "properties": {
        "@id": "way/43385450",
        "highway": "secondary",
        "name": "улица Щорса",
        "name:etymology:wikidata": "Q1990730"
      },
      "geometry": {
        "type": "LineString",
        "coordinates": [
          [
            87.1067283,
            53.7495114
          ],
          [
            87.1069918,
            53.7494812
          ],
          [
            87.1071752,
            53.7494903
          ],
          [
            87.1073242,
            53.7495077
          ]
        ]
      },
      "id": "way/43385450"
    },
    {
      "type": "Feature",
      "properties": {
        "@id": "way/43444019",
        "highway": "primary",
        "oneway": "yes",
        "surface": "asphalt"
      },
      "geometry": {
        "type": "LineString",
        "coordinates": [
          [
            87.1173803,
            53.7427154
          ],
          [
            87.1170604,
            53.7427184
          ],
          [
            87.1169551,
            53.7426821
          ],
          [
            87.1168705,
            53.7426316
          ],
          [
            87.1166946,
            53.742459
          ]
        ]
      },
      "id": "way/43444019"
    },
    {
      "type": "Feature",
      "properties": {
        "@id": "way/46262239",
        "highway": "secondary",
        "maxspeed": "60",
        "name": "Автотранспортная улица"
      },
      "geometry": {
        "type": "LineString",
        "coordinates": [
          [
            87.2010474,
            53.8489005
          ],
          [
            87.2045072,
            53.8527261
          ],
          [
            87.2054504,
            53.8538248
          ],
          [
            87.2058138,
            53.8541881
          ],
          [
            87.2058635,
            53.8542378
          ],
          [
            87.2061,
            53.8544331
          ],
          [
            87.2063936,
            53.8546593
          ],
          [
            87.2066779,
            53.8548497
          ],
          [
            87.2068367,
            53.8549474
          ],
          [
            87.2069854,
            53.8550271
          ],
          [
            87.2072828,
            53.8551627
          ],
          [
            87.2076782,
            53.8553421
          ],
          [
            87.2084284,
            53.8556151
          ],
          [
            87.208986,
            53.8558105
          ],
          [
            87.2113854,
            53.8565778
          ],
          [
            87.2117928,
            53.8567146
          ],
          [
            87.2120207,
            53.8567911
          ],
          [
            87.2123924,
            53.8569107
          ],
          [
            87.2125546,
            53.8569745
          ],
          [
            87.2126657,
            53.8570236
          ],
          [
            87.2128182,
            53.857126
          ],
          [
            87.2129872,
            53.8572695
          ],
          [
            87.2130818,
            53.8573671
          ],
          [
            87.2131844,
            53.8574825
          ],
          [
            87.2133082,
            53.8576302
          ],
          [
            87.2133927,
            53.8577438
          ],
          [
            87.2134383,
            53.8578142
          ],
          [
            87.2135042,
            53.8579471
          ],
          [
            87.2135617,
            53.8581006
          ],
          [
            87.2135853,
            53.8584335
          ],
          [
            87.2135516,
            53.8586108
          ],
          [
            87.2135042,
            53.8587563
          ],
          [
            87.213413,
            53.8589596
          ],
          [
            87.2128837,
            53.8598716
          ]
        ]
      },
      "id": "way/46262239"
    },
    {
      "type": "Feature",
      "properties": {
        "@id": "way/47289504",
        "highway": "secondary"
      },
      "geometry": {
        "type": "LineString",
        "coordinates": [
          [
            87.0007802,
            53.6886824
          ],
          [
            87.0001787,
            53.6887361
          ],
          [
            86.999613,
            53.6887866
          ],
          [
            86.9991505,
            53.6888974
          ]
        ]
      },
      "id": "way/47289504"
    },
    {
      "type": "Feature",
      "properties": {
        "@id": "way/51266038",
        "bridge": "yes",
        "highway": "secondary",
        "layer": "1",
        "name": "Кузнецкстроевский проспект",
        "oneway": "yes"
      },
      "geometry": {
        "type": "LineString",
        "coordinates": [
          [
            87.1233384,
            53.7671897
          ],
          [
            87.1239757,
            53.7668394
          ]
        ]
      },
      "id": "way/51266038"
    },
    {
      "type": "Feature",
      "properties": {
        "@id": "way/51266039",
        "bridge": "yes",
        "highway": "secondary",
        "layer": "1",
        "name": "Кузнецкстроевский проспект",
        "oneway": "yes"
      },
      "geometry": {
        "type": "LineString",
        "coordinates": [
          [
            87.1241583,
            53.7669448
          ],
          [
            87.1235088,
            53.7673018
          ]
        ]
      },
      "id": "way/51266039"
    },
    {
      "type": "Feature",
      "properties": {
        "@id": "way/51266046",
        "highway": "secondary",
        "name": "Кузнецкстроевский проспект",
        "oneway": "yes"
      },
      "geometry": {
        "type": "LineString",
        "coordinates": [
          [
            87.1239757,
            53.7668394
          ],
          [
            87.1252935,
            53.7661315
          ],
          [
            87.1253967,
            53.766078
          ],
          [
            87.1258696,
            53.7658332
          ]
        ]
      },
      "id": "way/51266046"
    },
    {
      "type": "Feature",
      "properties": {
        "@id": "way/51266053",
        "highway": "secondary",
        "name": "Кузнецкстроевский проспект",
        "oneway": "yes"
      },
      "geometry": {
        "type": "LineString",
        "coordinates": [
          [
            87.1235088,
            53.7673018
          ],
          [
            87.1233276,
            53.7674053
          ],
          [
            87.1224556,
            53.7678831
          ],
          [
            87.1212637,
            53.7685376
          ],
          [
            87.1211862,
            53.7685783
          ],
          [
            87.120889,
            53.7687347
          ],
          [
            87.1207343,
            53.7688161
          ]
        ]
      },
      "id": "way/51266053"
    },
    {
      "type": "Feature",
      "properties": {
        "@id": "way/51398699",
        "highway": "primary",
        "name": "Шоссейная улица",
        "old_ref": "Р366",
        "ref": "32Р-176",
        "surface": "asphalt"
      },
      "geometry": {
        "type": "LineString",
        "coordinates": [
          [
            87.111166,
            53.7262563
          ],
          [
            87.1114243,
            53.7259237
          ],
          [
            87.111571,
            53.7256688
          ],
          [
            87.1116231,
            53.7254454
          ],
          [
            87.1116346,
            53.725202
          ],
          [
            87.1115569,
            53.7249922
          ],
          [
            87.1108459,
            53.7238245
          ],
          [
            87.1107381,
            53.7235283
          ],
          [
            87.1106668,
            53.7232532
          ],
          [
            87.1104533,
            53.7217979
          ],
          [
            87.1103888,
            53.7212304
          ],
          [
            87.1104266,
            53.7209975
          ],
          [
            87.1105129,
            53.7207762
          ],
          [
            87.1106441,
            53.7205589
          ],
          [
            87.1108746,
            53.7203567
          ],
          [
            87.1110756,
            53.7202007
          ]
        ]
      },
      "id": "way/51398699"
    },
    {
      "type": "Feature",
      "properties": {
        "@id": "way/53057465",
        "highway": "primary",
        "name": "Байдаевское шоссе",
        "old_ref": "32К-2",
        "surface": "asphalt"
      },
      "geometry": {
        "type": "LineString",
        "coordinates": [
          [
            87.2815978,
            53.7741296
          ],
          [
            87.2799477,
            53.7742086
          ],
          [
            87.2786978,
            53.7742553
          ],
          [
            87.2783424,
            53.7742584
          ],
          [
            87.2779753,
            53.7742616
          ],
          [
            87.2771984,
            53.7742308
          ],
          [
            87.2767453,
            53.7741899
          ],
          [
            87.276664,
            53.7741826
          ],
          [
            87.275168,
            53.7740702
          ],
          [
            87.2745104,
            53.7740197
          ],
          [
            87.2739916,
            53.7739837
          ],
          [
            87.273478,
            53.7739488
          ],
          [
            87.272966,
            53.7739038
          ],
          [
            87.2726618,
            53.7738829
          ],
          [
            87.2720755,
            53.7738319
          ],
          [
            87.2715973,
            53.773798
          ],
          [
            87.2712374,
            53.773784
          ],
          [
            87.2709637,
            53.773777
          ],
          [
            87.2706477,
            53.773775
          ],
          [
            87.2703047,
            53.773805
          ],
          [
            87.2700158,
            53.7738479
          ],
          [
            87.2697219,
            53.7739099
          ],
          [
            87.2695511,
            53.7739548
          ],
          [
            87.2693169,
            53.774028
          ],
          [
            87.2691574,
            53.7740945
          ],
          [
            87.2689806,
            53.7741892
          ],
          [
            87.2688837,
            53.7742543
          ],
          [
            87.2687808,
            53.7743469
          ]
        ]
      },
      "id": "way/53057465"
    },
    {
      "type": "Feature",
      "properties": {
        "@id": "way/61561350",
        "highway": "primary",
        "name": "Транспортная улица",
        "oneway": "yes",
        "surface": "asphalt"
      },
      "geometry": {
        "type": "LineString",
        "coordinates": [
          [
            87.1565114,
            53.7444201
          ],
          [
            87.1565521,
            53.7442383
          ],
          [
            87.1565129,
            53.7441024
          ],
          [
            87.1564064,
            53.743972
          ]
        ]
      },
      "id": "way/61561350"
    },
    {
      "type": "Feature",
      "properties": {
        "@id": "way/61561397",
        "highway": "secondary",
        "name": "Октябрьский проспект",
        "name:etymology:wikidata": "Q42976",
        "oneway": "yes",
        "surface": "asphalt",
        "trolley_wire": "yes"
      },
      "geometry": {
        "type": "LineString",
        "coordinates": [
          [
            87.1568191,
            53.7450342
          ],
          [
            87.1565446,
            53.7450843
          ],
          [
            87.1562261,
            53.7451756
          ]
        ]
      },
      "id": "way/61561397"
    },
    {
      "type": "Feature",
      "properties": {
        "@id": "way/61561400",
        "bicycle": "yes",
        "cycleway": "no",
        "foot": "no",
        "highway": "primary",
        "lanes": "4",
        "maxspeed": "60",
        "name": "Транспортная улица",
        "surface": "asphalt"
      },
      "geometry": {
        "type": "LineString",
        "coordinates": [
          [
            87.1564064,
            53.743972
          ],
          [
            87.1555083,
            53.7435139
          ],
          [
            87.1551541,
            53.74336
          ]
        ]
      },
      "id": "way/61561400"
    },
    {
      "type": "Feature",
      "properties": {
        "@id": "way/61561415",
        "highway": "primary",
        "lanes": "4",
        "maxspeed": "60",
        "name": "Транспортная улица",
        "surface": "asphalt"
      },
      "geometry": {
        "type": "LineString",
        "coordinates": [
          [
            87.1581859,
            53.7449684
          ],
          [
            87.1593161,
            53.7453087
          ],
          [
            87.1604285,
            53.7457003
          ]
        ]
      },
      "id": "way/61561415"
    },
    {
      "type": "Feature",
      "properties": {
        "@id": "way/65601203",
        "highway": "secondary",
        "junction": "roundabout",
        "lanes": "3",
        "maxspeed": "RU:urban",
        "oneway": "yes",
        "surface": "asphalt",
        "turn:lanes": "through|through;right|right"
      },
      "geometry": {
        "type": "LineString",
        "coordinates": [
          [
            87.1172327,
            53.7477122
          ],
          [
            87.1173111,
            53.7476797
          ],
          [
            87.1174177,
            53.7476665
          ],
          [
            87.1175074,
            53.7476767
          ],
          [
            87.1183504,
            53.7478114
          ],
          [
            87.1184117,
            53.747839
          ]
        ]
      },
      "id": "way/65601203"
    },
    {
      "type": "Feature",
      "properties": {
        "@id": "way/65601207",
        "highway": "primary",
        "lanes": "4",
        "oneway": "yes",
        "surface": "asphalt"
      },
      "geometry": {
        "type": "LineString",
        "coordinates": [
          [
            87.1265314,
            53.7430194
          ],
          [
            87.126697,
            53.7429695
          ],
          [
            87.1272169,
            53.7427846
          ],
          [
            87.1275304,
            53.7426843
          ]
        ]
      },
      "id": "way/65601207"
    },
    {
      "type": "Feature",
      "properties": {
        "@id": "way/65601212",
        "highway": "secondary",
        "name": "улица Циолковского",
        "name:etymology:wikidata": "Q41239",
        "oneway": "yes",
        "service": "parking_aisle"
      },
      "geometry": {
        "type": "LineString",
        "coordinates": [
          [
            87.1268957,
            53.7432346
          ],
          [
            87.1270449,
            53.7433788
          ],
          [
            87.1272008,
            53.7435008
          ],
          [
            87.1273301,
            53.7435831
          ],
          [
            87.1291439,
            53.7446163
          ],
          [
            87.1317015,
            53.7461107
          ],
          [
            87.1317559,
            53.7461293
          ],
          [
            87.1318693,
            53.7461676
          ]
        ]
      },
      "id": "way/65601212"
    },
    {
      "type": "Feature",
      "properties": {
        "@id": "way/65601224",
        "highway": "secondary",
        "lanes": "3",
        "maxspeed": "RU:urban",
        "name": "проспект Металлургов",
        "oneway": "yes",
        "surface": "asphalt"
      },
      "geometry": {
        "type": "LineString",
        "coordinates": [
          [
            87.1184006,
            53.7685795
          ],
          [
            87.1185169,
            53.7684852
          ],
          [
            87.1185554,
            53.7683974
          ],
          [
            87.118539,
            53.7677411
          ],
          [
            87.1185172,
            53.7669314
          ],
          [
            87.1184944,
            53.7661693
          ]
        ]
      },
      "id": "way/65601224"
    },
    {
      "type": "Feature",
      "properties": {
        "@id": "way/65601229",
        "highway": "primary",
        "maxheight": "3.6",
        "old_ref": "Р366",
        "oneway": "yes",
        "surface": "asphalt"
      },
      "geometry": {
        "type": "LineString",
        "coordinates": [
          [
            87.1252375,
            53.7424616
          ],
          [
            87.1254659,
            53.7425747
          ],
          [
            87.1259256,
            53.7429219
          ],
          [
            87.1260588,
            53.7429827
          ],
          [
            87.1261567,
            53.7430086
          ],
          [
            87.1263085,
            53.7430468
          ]
        ]
      },
      "id": "way/65601229"
    },
    {
      "type": "Feature",
      "properties": {
        "@id": "way/65601237",
        "highway": "secondary",
        "oneway": "yes"
      },
      "geometry": {
        "type": "LineString",
        "coordinates": [
          [
            87.1079555,
            53.7502524
          ],
          [
            87.1086518,
            53.7500364
          ]
        ]
      },
      "id": "way/65601237"
    },
    {
      "type": "Feature",
      "properties": {
        "@id": "way/65601245",
        "highway": "secondary",
        "name": "проспект Бардина",
        "name:en": "Bardin street",
        "name:ru": "проспект Бардина",
        "oneway": "yes",
        "surface": "asphalt"
      },
      "geometry": {
        "type": "LineString",
        "coordinates": [
          [
            87.1354122,
            53.7574047
          ],
          [
            87.1352616,
            53.7571113
          ]
        ]
      },
      "id": "way/65601245"
    },
    {
      "type": "Feature",
      "properties": {
        "@id": "way/65601259",
        "highway": "primary",
        "lanes": "4",
        "maxspeed": "60",
        "name": "Транспортная улица",
        "surface": "asphalt"
      },
      "geometry": {
        "type": "LineString",
        "coordinates": [
          [
            87.1774174,
            53.7545048
          ],
          [
            87.177327,
            53.7547899
          ],
          [
            87.1772621,
            53.7549661
          ],
          [
            87.1771852,
            53.7551064
          ],
          [
            87.1771499,
            53.7551605
          ]
        ]
      },
      "id": "way/65601259"
    },
    {
      "type": "Feature",
      "properties": {
        "@id": "way/65601264",
        "highway": "primary",
        "lanes": "4",
        "maxspeed": "60",
        "oneway": "yes",
        "surface": "asphalt"
      },
      "geometry": {
        "type": "LineString",
        "coordinates": [
          [
            87.1768017,
            53.7536339
          ],
          [
            87.1767033,
            53.7533688
          ],
          [
            87.1765943,
            53.7531414
          ]
        ]
      },
      "id": "way/65601264"
    },
    {
      "type": "Feature",
      "properties": {
        "@id": "way/65601269",
        "highway": "secondary",
        "oneway": "yes"
      },
      "geometry": {
        "type": "LineString",
        "coordinates": [
          [
            87.1075152,
            53.7503231
          ],
          [
            87.107516,
            53.7500637
          ]
        ]
      },
      "id": "way/65601269"
    },
    {
      "type": "Feature",
      "properties": {
        "@id": "way/65601275",
        "highway": "secondary",
        "name": "Транспортная улица",
        "surface": "asphalt"
      },
      "geometry": {
        "type": "LineString",
        "coordinates": [
          [
            87.1255985,
            53.7435893
          ],
          [
            87.1255489,
            53.7436176
          ],
          [
            87.1255045,
            53.7436445
          ],
          [
            87.1252009,
            53.7438462
          ],
          [
            87.1246249,
            53.7442206
          ],
          [
            87.1244899,
            53.7442924
          ],
          [
            87.1242753,
            53.7444066
          ],
          [
            87.1241753,
            53.7444478
          ],
          [
            87.1240921,
            53.744473
          ],
          [
            87.123232,
            53.7446776
          ],
          [
            87.1226894,
            53.7448122
          ],
          [
            87.122524,
            53.744857
          ],
          [
            87.1223653,
            53.7449118
          ],
          [
            87.1222185,
            53.7449747
          ],
          [
            87.122104,
            53.7450248
          ],
          [
            87.1219975,
            53.7450765
          ],
          [
            87.1214804,
            53.7453702
          ],
          [
            87.1206814,
            53.7458499
          ],
          [
            87.1205783,
            53.7459339
          ],
          [
            87.1205352,
            53.7459945
          ],
          [
            87.1204869,
            53.7460625
          ],
          [
            87.120438,
            53.7461947
          ]
        ]
      },
      "id": "way/65601275"
    },
    {
      "type": "Feature",
      "properties": {
        "@id": "way/65601292",
        "highway": "primary",
        "name": "улица Кирова",
        "name:etymology:wikidata": "Q207682",
        "old_ref": "32К-2",
        "oneway": "yes",
        "surface": "asphalt"
      },
      "geometry": {
        "type": "LineString",
        "coordinates": [
          [
            87.1367782,
            53.7574285
          ],
          [
            87.1372023,
            53.7575769
          ]
        ]
      },
      "id": "way/65601292"
    },
    {
      "type": "Feature",
      "properties": {
        "@id": "way/65601294",
        "highway": "primary",
        "maxspeed": "60",
        "name": "улица Кирова",
        "name:en": "Kirov street",
        "name:etymology:wikidata": "Q207682",
        "name:ru": "улица Кирова",
        "old_ref": "32К-2",
        "surface": "asphalt"
      },
      "geometry": {
        "type": "LineString",
        "coordinates": [
          [
            87.1350076,
            53.7575883
          ],
          [
            87.1349598,
            53.7575878
          ],
          [
            87.1340378,
            53.7575974
          ]
        ]
      },
      "id": "way/65601294"
    },
    {
      "type": "Feature",
      "properties": {
        "@id": "way/65602069",
        "highway": "secondary",
        "lanes": "6",
        "maxspeed": "RU:urban",
        "name": "проспект Строителей",
        "surface": "asphalt"
      },
      "geometry": {
        "type": "LineString",
        "coordinates": [
          [
            87.1274718,
            53.776039
          ],
          [
            87.127453,
            53.7760222
          ],
          [
            87.127365,
            53.775949
          ],
          [
            87.1273088,
            53.7759
          ]
        ]
      },
      "id": "way/65602069"
    },
    {
      "type": "Feature",
      "properties": {
        "@id": "way/65602070",
        "highway": "secondary",
        "name": "улица Ленина",
        "name:etymology:wikidata": "Q1394"
      },
      "geometry": {
        "type": "LineString",
        "coordinates": [
          [
            87.1852015,
            53.7684656
          ],
          [
            87.1854232,
            53.7685607
          ]
        ]
      },
      "id": "way/65602070"
    },
    {
      "type": "Feature",
      "properties": {
        "@id": "way/65602074",
        "highway": "secondary",
        "lanes": "3",
        "maxspeed": "RU:urban",
        "oneway": "yes",
        "surface": "asphalt"
      },
      "geometry": {
        "type": "LineString",
        "coordinates": [
          [
            87.129002,
            53.7768957
          ],
          [
            87.1290665,
            53.7771941
          ],
          [
            87.1291272,
            53.7773754
          ]
        ]
      },
      "id": "way/65602074"
    },
    {
      "type": "Feature",
      "properties": {
        "@id": "way/66503979",
        "highway": "primary",
        "lanes": "6",
        "maxspeed": "60",
        "name": "улица Кирова",
        "name:etymology:wikidata": "Q207682",
        "old_ref": "32К-2",
        "surface": "asphalt"
      },
      "geometry": {
        "type": "LineString",
        "coordinates": [
          [
            87.1610065,
            53.7573183
          ],
          [
            87.158552,
            53.7573627
          ]
        ]
      },
      "id": "way/66503979"
    },
    {
      "type": "Feature",
      "properties": {
        "@id": "way/66503994",
        "highway": "primary",
        "lanes": "6",
        "name": "улица Кирова",
        "name:etymology:wikidata": "Q207682",
        "old_ref": "32К-2",
        "surface": "asphalt"
      },
      "geometry": {
        "type": "LineString",
        "coordinates": [
          [
            87.158552,
            53.7573627
          ],
          [
            87.1572748,
            53.7573761
          ]
        ]
      },
      "id": "way/66503994"
    },
    {
      "type": "Feature",
      "properties": {
        "@id": "way/66503999",
        "highway": "primary",
        "name": "улица Кирова",
        "name:etymology:wikidata": "Q207682",
        "old_ref": "32К-2",
        "surface": "asphalt"
      },
      "geometry": {
        "type": "LineString",
        "coordinates": [
          [
            87.1611268,
            53.7573177
          ],
          [
            87.1610065,
            53.7573183
          ]
        ]
      },
      "id": "way/66503999"
    },
    {
      "type": "Feature",
      "properties": {
        "@id": "way/66504001",
        "highway": "primary",
        "lanes": "6",
        "maxspeed": "60",
        "name": "улица Кирова",
        "name:etymology:wikidata": "Q207682",
        "old_ref": "32К-2",
        "surface": "asphalt"
      },
      "geometry": {
        "type": "LineString",
        "coordinates": [
          [
            87.1654388,
            53.7572843
          ],
          [
            87.1642298,
            53.7572936
          ]
        ]
      },
      "id": "way/66504001"
    },
    {
      "type": "Feature",
      "properties": {
        "@id": "way/66504010",
        "highway": "primary",
        "lanes": "6",
        "maxspeed": "60",
        "name": "улица Кирова",
        "name:etymology:wikidata": "Q207682",
        "old_ref": "32К-2",
        "surface": "asphalt"
      },
      "geometry": {
        "type": "LineString",
        "coordinates": [
          [
            87.1560498,
            53.7573968
          ],
          [
            87.15349,
            53.7574168
          ]
        ]
      },
      "id": "way/66504010"
    },
    {
      "type": "Feature",
      "properties": {
        "@id": "way/66504011",
        "highway": "primary",
        "lanes": "6",
        "maxspeed": "60",
        "name": "улица Кирова",
        "name:etymology:wikidata": "Q207682",
        "old_ref": "32К-2",
        "surface": "asphalt"
      },
      "geometry": {
        "type": "LineString",
        "coordinates": [
          [
            87.1572748,
            53.7573761
          ],
          [
            87.1569855,
            53.7573812
          ]
        ]
      },
      "id": "way/66504011"
    },
    {
      "type": "Feature",
      "properties": {
        "@id": "way/67304984",
        "highway": "secondary",
        "lanes": "2",
        "maxspeed": "60",
        "name": "Бызовское шоссе",
        "oneway": "yes",
        "shoulder": "right",
        "surface": "asphalt"
      },
      "geometry": {
        "type": "LineString",
        "coordinates": [
          [
            87.212916,
            53.8608288
          ],
          [
            87.213056,
            53.860739
          ],
          [
            87.218127,
            53.8597691
          ],
          [
            87.2194827,
            53.8595128
          ],
          [
            87.2207883,
            53.8592686
          ],
          [
            87.2211281,
            53.8592063
          ],
          [
            87.2221418,
            53.8590494
          ],
          [
            87.2227308,
            53.8589749
          ],
          [
            87.2233338,
            53.858918
          ],
          [
            87.2242534,
            53.8588397
          ],
          [
            87.2250823,
            53.8587763
          ],
          [
            87.2264174,
            53.8587127
          ],
          [
            87.226812,
            53.8587025
          ],
          [
            87.2269996,
            53.8586666
          ],
          [
            87.2271008,
            53.8586141
          ]
        ]
      },
      "id": "way/67304984"
    },
    {
      "type": "Feature",
      "properties": {
        "@id": "way/67304989",
        "highway": "secondary",
        "maxspeed": "60",
        "name": "Северное шоссе"
      },
      "geometry": {
        "type": "LineString",
        "coordinates": [
          [
            87.2128837,
            53.8598716
          ],
          [
            87.2124717,
            53.8604296
          ],
          [
            87.2116528,
            53.8615952
          ],
          [
            87.211345,
            53.8620895
          ],
          [
            87.2111354,
            53.8626108
          ],
          [
            87.2110729,
            53.8632028
          ],
          [
            87.2110539,
            53.8638144
          ],
          [
            87.211424,
            53.8649197
          ],
          [
            87.2122139,
            53.867219
          ],
          [
            87.2139428,
            53.87249
          ],
          [
            87.2143413,
            53.8734268
          ],
          [
            87.2148572,
            53.8744168
          ],
          [
            87.2152394,
            53.874987
          ],
          [
            87.2157717,
            53.8755778
          ],
          [
            87.2164599,
            53.8761651
          ],
          [
            87.21757,
            53.876807
          ],
          [
            87.2193003,
            53.8775839
          ],
          [
            87.2235726,
            53.8794044
          ],
          [
            87.2250104,
            53.8800116
          ]
        ]
      },
      "id": "way/67304989"
    },
    {
      "type": "Feature",
      "properties": {
        "@id": "way/68924029",
        "highway": "secondary",
        "lanes": "2",
        "lit": "yes",
        "maxspeed": "60",
        "name": "Бызовское шоссе",
        "oneway": "yes",
        "shoulder": "both",
        "sidewalk": "no",
        "smoothness": "excellent",
        "surface": "asphalt"
      },
      "geometry": {
        "type": "LineString",
        "coordinates": [
          [
            87.1505144,
            53.8826244
          ],
          [
            87.1429709,
            53.8848015
          ]
        ]
      },
      "id": "way/68924029"
    },
    {
      "type": "Feature",
      "properties": {
        "@id": "way/68924420",
        "bridge": "yes",
        "highway": "secondary",
        "layer": "1",
        "name": "Заводское шоссе"
      },
      "geometry": {
        "type": "LineString",
        "coordinates": [
          [
            87.1739931,
            53.8243384
          ],
          [
            87.1743305,
            53.8246769
          ]
        ]
      },
      "id": "way/68924420"
    },
    {
      "type": "Feature",
      "properties": {
        "@id": "way/68924421",
        "highway": "secondary",
        "maxspeed": "60",
        "name": "Заводское шоссе",
        "surface": "asphalt",
        "trolley_wire": "yes"
      },
      "geometry": {
        "type": "LineString",
        "coordinates": [
          [
            87.1743305,
            53.8246769
          ],
          [
            87.1745217,
            53.8248044
          ],
          [
            87.1752373,
            53.8254401
          ],
          [
            87.1757698,
            53.825934
          ],
          [
            87.1778065,
            53.8277083
          ],
          [
            87.1798777,
            53.8295124
          ],
          [
            87.1806753,
            53.8302134
          ],
          [
            87.1822086,
            53.831561
          ],
          [
            87.1865335,
            53.8352747
          ],
          [
            87.1865605,
            53.8353575
          ],
          [
            87.1867331,
            53.8355192
          ],
          [
            87.187858,
            53.8365349
          ],
          [
            87.1881451,
            53.8367917
          ],
          [
            87.1884426,
            53.8370443
          ],
          [
            87.1898789,
            53.8382639
          ],
          [
            87.1908621,
            53.8391263
          ],
          [
            87.193749,
            53.8416311
          ],
          [
            87.194033,
            53.841846
          ],
          [
            87.1945592,
            53.8423294
          ]
        ]
      },
      "id": "way/68924421"
    },
    {
      "type": "Feature",
      "properties": {
        "@id": "way/71070670",
        "bridge": "yes",
        "highway": "secondary",
        "lanes": "2",
        "layer": "1",
        "maxspeed": "60",
        "name": "Бызовское шоссе (Ильинский мост)",
        "name:en": "Byzovskoe highway (Ilyinsky bridge)",
        "oneway": "yes",
        "surface": "asphalt"
      },
      "geometry": {
        "type": "LineString",
        "coordinates": [
          [
            87.1572758,
            53.8807074
          ],
          [
            87.1505144,
            53.8826244
          ]
        ]
      },
      "id": "way/71070670"
    },
    {
      "type": "Feature",
      "properties": {
        "@id": "way/71070671",
        "highway": "secondary",
        "lanes": "2",
        "lit": "yes",
        "maxspeed": "60",
        "name": "Бызовское шоссе",
        "oneway": "yes",
        "shoulder": "right",
        "sidewalk": "right",
        "sidewalk:right:surface": "asphalt",
        "smoothness": "excellent",
        "surface": "asphalt"
      },
      "geometry": {
        "type": "LineString",
        "coordinates": [
          [
            87.1731844,
            53.8744566
          ],
          [
            87.172969,
            53.87459
          ],
          [
            87.1636912,
            53.8787267
          ],
          [
            87.1619896,
            53.8793368
          ],
          [
            87.1609407,
            53.8796755
          ],
          [
            87.1572758,
            53.8807074
          ]
        ]
      },
      "id": "way/71070671"
    },
    {
      "type": "Feature",
      "properties": {
        "@id": "way/72698135",
        "highway": "secondary",
        "lanes": "4",
        "maxspeed": "60",
        "name": "Октябрьский проспект",
        "name:etymology:wikidata": "Q42976",
        "oneway": "yes"
      },
      "geometry": {
        "type": "LineString",
        "coordinates": [
          [
            87.1515346,
            53.7480324
          ],
          [
            87.1514689,
            53.7481228
          ],
          [
            87.1514417,
            53.7481528
          ],
          [
            87.1513568,
            53.7482184
          ],
          [
            87.1513174,
            53.7482468
          ],
          [
            87.151225,
            53.7483027
          ],
          [
            87.1503137,
            53.7488659
          ],
          [
            87.1487228,
            53.7498412
          ],
          [
            87.1462917,
            53.7513439
          ],
          [
            87.1450609,
            53.7520869
          ],
          [
            87.1440178,
            53.7527333
          ],
          [
            87.1435705,
            53.753007
          ],
          [
            87.1434404,
            53.7530859
          ],
          [
            87.1422544,
            53.7538028
          ],
          [
            87.1405999,
            53.7548174
          ],
          [
            87.1396002,
            53.7554216
          ],
          [
            87.1393087,
            53.7556008
          ],
          [
            87.1388294,
            53.7558948
          ],
          [
            87.1379101,
            53.7564536
          ],
          [
            87.1374023,
            53.7567597
          ],
          [
            87.137088,
            53.75695
          ],
          [
            87.1368183,
            53.7571341
          ]
        ]
      },
      "id": "way/72698135"
    },
    {
      "type": "Feature",
      "properties": {
        "@id": "way/74860541",
        "highway": "primary",
        "name": "Магнитогорская улица",
        "old_ref": "32К-2",
        "surface": "asphalt"
      },
      "geometry": {
        "type": "LineString",
        "coordinates": [
          [
            87.3095955,
            53.779969
          ],
          [
            87.3090462,
            53.779852
          ],
          [
            87.3088592,
            53.7797918
          ],
          [
            87.3087342,
            53.779747
          ],
          [
            87.3086281,
            53.7796994
          ],
          [
            87.3083846,
            53.7795649
          ],
          [
            87.3082229,
            53.779455
          ],
          [
            87.30804,
            53.7793187
          ],
          [
            87.3076268,
            53.7790027
          ]
        ]
      },
      "id": "way/74860541"
    },
    {
      "type": "Feature",
      "properties": {
        "@id": "way/75779817",
        "highway": "secondary",
        "maxspeed": "60",
        "oneway": "yes"
      },
      "geometry": {
        "type": "LineString",
        "coordinates": [
          [
            87.1959794,
            53.84334
          ],
          [
            87.1959722,
            53.8434308
          ],
          [
            87.1959774,
            53.8435371
          ],
          [
            87.1959757,
            53.843634
          ],
          [
            87.1960151,
            53.8437572
          ]
        ]
      },
      "id": "way/75779817"
    },
    {
      "type": "Feature",
      "properties": {
        "@id": "way/75779820",
        "highway": "secondary",
        "maxspeed": "60",
        "oneway": "yes"
      },
      "geometry": {
        "type": "LineString",
        "coordinates": [
          [
            87.1977431,
            53.8432135
          ],
          [
            87.1984451,
            53.843254
          ]
        ]
      },
      "id": "way/75779820"
    },
    {
      "type": "Feature",
      "properties": {
        "@id": "way/76844914",
        "highway": "secondary"
      },
      "geometry": {
        "type": "LineString",
        "coordinates": [
          [
            87.0277976,
            53.7323218
          ],
          [
            87.0282294,
            53.7327154
          ],
          [
            87.0286226,
            53.7329833
          ],
          [
            87.0290654,
            53.7331919
          ],
          [
            87.0300328,
            53.7334954
          ],
          [
            87.0309253,
            53.73384
          ],
          [
            87.0313108,
            53.7340368
          ],
          [
            87.0315587,
            53.734206
          ],
          [
            87.0323053,
            53.7347312
          ],
          [
            87.0327426,
            53.7350753
          ]
        ]
      },
      "id": "way/76844914"
    },
    {
      "type": "Feature",
      "properties": {
        "@id": "way/78400354",
        "highway": "secondary",
        "junction": "roundabout",
        "lanes": "2",
        "maxspeed": "60"
      },
      "geometry": {
        "type": "LineString",
        "coordinates": [
          [
            87.1989205,
            53.843339
          ],
          [
            87.1990015,
            53.8433644
          ],
          [
            87.1990625,
            53.8434008
          ],
          [
            87.1991273,
            53.8434694
          ],
          [
            87.1991212,
            53.8435474
          ],
          [
            87.1990474,
            53.8436296
          ],
          [
            87.1989683,
            53.8436712
          ],
          [
            87.1988556,
            53.843709
          ],
          [
            87.1987427,
            53.8437376
          ],
          [
            87.1986046,
            53.8437507
          ],
          [
            87.1985027,
            53.8437531
          ],
          [
            87.1983665,
            53.8437259
          ],
          [
            87.1982838,
            53.8436955
          ],
          [
            87.1981885,
            53.8436073
          ],
          [
            87.1981573,
            53.8435506
          ],
          [
            87.1981448,
            53.8434807
          ],
          [
            87.1981494,
            53.8434256
          ],
          [
            87.1981749,
            53.8433791
          ],
          [
            87.1982073,
            53.8433463
          ],
          [
            87.1982982,
            53.8432825
          ],
          [
            87.1984451,
            53.843254
          ],
          [
            87.1987742,
            53.8432931
          ],
          [
            87.1989205,
            53.843339
          ]
        ]
      },
      "id": "way/78400354"
    },
    {
      "type": "Feature",
      "properties": {
        "@id": "way/78400355",
        "highway": "secondary",
        "maxspeed": "60",
        "oneway": "yes"
      },
      "geometry": {
        "type": "LineString",
        "coordinates": [
          [
            87.1981448,
            53.8434807
          ],
          [
            87.1981077,
            53.84343
          ],
          [
            87.1980175,
            53.8433473
          ],
          [
            87.1977431,
            53.8432135
          ]
        ]
      },
      "id": "way/78400355"
    },
    {
      "type": "Feature",
      "properties": {
        "@id": "way/78400356",
        "highway": "secondary",
        "maxspeed": "60",
        "oneway": "yes"
      },
      "geometry": {
        "type": "LineString",
        "coordinates": [
          [
            87.1978055,
            53.8438306
          ],
          [
            87.1980531,
            53.843696
          ],
          [
            87.1981218,
            53.8436254
          ],
          [
            87.1981573,
            53.8435506
          ]
        ]
      },
      "id": "way/78400356"
    },
    {
      "type": "Feature",
      "properties": {
        "@id": "way/78400359",
        "highway": "secondary",
        "junction": "roundabout",
        "lanes": "2",
        "maxspeed": "60"
      },
      "geometry": {
        "type": "LineString",
        "coordinates": [
          [
            87.1961649,
            53.8429052
          ],
          [
            87.1961711,
            53.8430048
          ],
          [
            87.1961647,
            53.8430848
          ],
          [
            87.1961441,
            53.8431424
          ],
          [
            87.1959794,
            53.84334
          ],
          [
            87.1958905,
            53.8433634
          ],
          [
            87.1958079,
            53.8433744
          ],
          [
            87.1957024,
            53.8433727
          ],
          [
            87.1955959,
            53.8433477
          ],
          [
            87.1951203,
            53.8428768
          ],
          [
            87.1951264,
            53.8428176
          ],
          [
            87.1951524,
            53.8427548
          ],
          [
            87.1952316,
            53.8426804
          ],
          [
            87.1953284,
            53.842626
          ],
          [
            87.1954929,
            53.8425973
          ],
          [
            87.1956422,
            53.8426012
          ],
          [
            87.1957532,
            53.8426307
          ],
          [
            87.196008,
            53.8427747
          ],
          [
            87.1961649,
            53.8429052
          ]
        ]
      },
      "id": "way/78400359"
    },
    {
      "type": "Feature",
      "properties": {
        "@id": "way/78400396",
        "highway": "secondary",
        "maxspeed": "60",
        "oneway": "yes"
      },
      "geometry": {
        "type": "LineString",
        "coordinates": [
          [
            87.1985027,
            53.8437531
          ],
          [
            87.1978055,
            53.8438306
          ]
        ]
      },
      "id": "way/78400396"
    },
    {
      "type": "Feature",
      "properties": {
        "@id": "way/79804301",
        "highway": "primary",
        "maxspeed": "40",
        "old_ref": "32К-2",
        "surface": "asphalt"
      },
      "geometry": {
        "type": "LineString",
        "coordinates": [
          [
            87.0468611,
            53.7507702
          ],
          [
            87.0464911,
            53.75063
          ],
          [
            87.0462978,
            53.7505567
          ],
          [
            87.0459867,
            53.7503958
          ],
          [
            87.0458209,
            53.7503135
          ],
          [
            87.0453786,
            53.7500491
          ],
          [
            87.0452292,
            53.7499308
          ],
          [
            87.0450774,
            53.7497876
          ],
          [
            87.0448492,
            53.7495472
          ],
          [
            87.0445267,
            53.7492217
          ]
        ]
      },
      "id": "way/79804301"
    },
    {
      "type": "Feature",
      "properties": {
        "@id": "way/79812863",
        "highway": "secondary",
        "maxspeed": "60"
      },
      "geometry": {
        "type": "LineString",
        "coordinates": [
          [
            87.1972975,
            53.8431531
          ],
          [
            87.1977431,
            53.8432135
          ]
        ]
      },
      "id": "way/79812863"
    },
    {
      "type": "Feature",
      "properties": {
        "@id": "way/79812864",
        "bridge": "yes",
        "highway": "secondary",
        "layer": "1",
        "maxspeed": "60"
      },
      "geometry": {
        "type": "LineString",
        "coordinates": [
          [
            87.1968193,
            53.8431024
          ],
          [
            87.1972975,
            53.8431531
          ]
        ]
      },
      "id": "way/79812864"
    },
    {
      "type": "Feature",
      "properties": {
        "@id": "way/80204673",
        "bridge": "yes",
        "highway": "secondary",
        "lanes": "2",
        "layer": "1",
        "maxspeed": "60",
        "maxweight:signed": "no",
        "name": "Бызовское шоссе",
        "surface": "asphalt"
      },
      "geometry": {
        "type": "LineString",
        "coordinates": [
          [
            87.1731844,
            53.8744566
          ],
          [
            87.1743213,
            53.8739662
          ]
        ]
      },
      "id": "way/80204673"
    },
    {
      "type": "Feature",
      "properties": {
        "@id": "way/81061657",
        "highway": "primary",
        "maxspeed": "RU:rural",
        "name": "Обход г. Новокузнецка",
        "ref": "32К-178",
        "surface": "asphalt"
      },
      "geometry": {
        "type": "LineString",
        "coordinates": [
          [
            87.0016352,
            53.6910598
          ],
          [
            87.0015839,
            53.6906187
          ],
          [
            87.0015229,
            53.6903022
          ],
          [
            87.0014263,
            53.689992
          ],
          [
            87.0012777,
            53.6896205
          ],
          [
            87.0011099,
            53.6892687
          ],
          [
            87.0007802,
            53.6886824
          ]
        ]
      },
      "id": "way/81061657"
    },
    {
      "type": "Feature",
      "properties": {
        "@id": "way/81061660",
        "bridge": "yes",
        "highway": "primary",
        "layer": "1",
        "maxspeed": "RU:rural",
        "name": "Обход г. Новокузнецка",
        "ref": "32К-178",
        "surface": "asphalt"
      },
      "geometry": {
        "type": "LineString",
        "coordinates": [
          [
            87.0015982,
            53.6914876
          ],
          [
            87.0016352,
            53.6910598
          ]
        ]
      },
      "id": "way/81061660"
    },
    {
      "type": "Feature",
      "properties": {
        "@id": "way/81634048",
        "highway": "secondary",
        "name": "улица Кутузова",
        "name:en": "Kutuzov street",
        "name:ru": "улица Кутузова",
        "oneway": "yes",
        "surface": "asphalt"
      },
      "geometry": {
        "type": "LineString",
        "coordinates": [
          [
            87.1318843,
            53.7463248
          ],
          [
            87.1317667,
            53.7464193
          ],
          [
            87.1305129,
            53.7472062
          ],
          [
            87.1296679,
            53.7477191
          ],
          [
            87.1290758,
            53.7480848
          ],
          [
            87.1289653,
            53.7481525
          ],
          [
            87.1258306,
            53.7500504
          ],
          [
            87.1247094,
            53.7507416
          ],
          [
            87.1244756,
            53.750883
          ]
        ]
      },
      "id": "way/81634048"
    },
    {
      "type": "Feature",
      "properties": {
        "@id": "way/81634054",
        "highway": "primary",
        "name": "Транспортная улица",
        "oneway": "yes",
        "surface": "asphalt"
      },
      "geometry": {
        "type": "LineString",
        "coordinates": [
          [
            87.1564064,
            53.743972
          ],
          [
            87.1568698,
            53.7441861
          ],
          [
            87.1570889,
            53.7442444
          ]
        ]
      },
      "id": "way/81634054"
    },
    {
      "type": "Feature",
      "properties": {
        "@id": "way/81634055",
        "highway": "primary",
        "name": "Транспортная улица",
        "oneway": "yes",
        "surface": "asphalt"
      },
      "geometry": {
        "type": "LineString",
        "coordinates": [
          [
            87.1581859,
            53.7449684
          ],
          [
            87.1579585,
            53.744931
          ],
          [
            87.1577679,
            53.7449192
          ],
          [
            87.1575808,
            53.7449383
          ]
        ]
      },
      "id": "way/81634055"
    },
    {
      "type": "Feature",
      "properties": {
        "@id": "way/81634057",
        "highway": "primary",
        "lanes": "4",
        "maxspeed": "60",
        "name": "Транспортная улица",
        "surface": "asphalt"
      },
      "geometry": {
        "type": "LineString",
        "coordinates": [
          [
            87.1363798,
            53.7412931
          ],
          [
            87.1355915,
            53.741308
          ],
          [
            87.1347351,
            53.7413369
          ],
          [
            87.1346831,
            53.7413421
          ],
          [
            87.1337628,
            53.7414337
          ]
        ]
      },
      "id": "way/81634057"
    },
    {
      "type": "Feature",
      "properties": {
        "@id": "way/81634058",
        "highway": "secondary",
        "name": "Октябрьский проспект",
        "name:etymology:wikidata": "Q42976",
        "oneway": "yes",
        "surface": "asphalt",
        "trolley_wire": "yes"
      },
      "geometry": {
        "type": "LineString",
        "coordinates": [
          [
            87.1562261,
            53.7451756
          ],
          [
            87.1563938,
            53.7449948
          ],
          [
            87.1564453,
            53.744819
          ]
        ]
      },
      "id": "way/81634058"
    },
    {
      "type": "Feature",
      "properties": {
        "@id": "way/81634168",
        "highway": "secondary",
        "oneway": "yes"
      },
      "geometry": {
        "type": "LineString",
        "coordinates": [
          [
            87.1128884,
            53.7520975
          ],
          [
            87.1127066,
            53.7520589
          ],
          [
            87.1125921,
            53.752024
          ],
          [
            87.1124862,
            53.7519802
          ],
          [
            87.112431,
            53.7519482
          ],
          [
            87.1123891,
            53.7519238
          ],
          [
            87.1123078,
            53.7518708
          ],
          [
            87.1122512,
            53.7518106
          ],
          [
            87.1121105,
            53.751699
          ],
          [
            87.1120665,
            53.7516608
          ],
          [
            87.1120184,
            53.7515737
          ],
          [
            87.1119398,
            53.7514753
          ]
        ]
      },
      "id": "way/81634168"
    },
    {
      "type": "Feature",
      "properties": {
        "@id": "way/86094271",
        "highway": "primary",
        "name": "Туркменская улица",
        "old_ref": "Р366",
        "ref": "32Р-176",
        "surface": "asphalt"
      },
      "geometry": {
        "type": "LineString",
        "coordinates": [
          [
            87.1209231,
            53.7038192
          ],
          [
            87.1211686,
            53.7037009
          ]
        ]
      },
      "id": "way/86094271"
    },
    {
      "type": "Feature",
      "properties": {
        "@id": "way/86094274",
        "highway": "primary",
        "name": "Туркменская улица",
        "old_ref": "Р366",
        "ref": "32Р-176",
        "surface": "asphalt"
      },
      "geometry": {
        "type": "LineString",
        "coordinates": [
          [
            87.1189598,
            53.7081477
          ],
          [
            87.1189245,
            53.707863
          ],
          [
            87.1189262,
            53.7074796
          ],
          [
            87.1189481,
            53.7072846
          ],
          [
            87.119102,
            53.7066927
          ],
          [
            87.1191882,
            53.7062219
          ],
          [
            87.1192205,
            53.7060707
          ],
          [
            87.1192677,
            53.7058746
          ],
          [
            87.1193213,
            53.705652
          ],
          [
            87.1193601,
            53.7055069
          ],
          [
            87.1194782,
            53.7051319
          ],
          [
            87.1196912,
            53.7047868
          ],
          [
            87.1198929,
            53.704587
          ],
          [
            87.1199474,
            53.7045323
          ],
          [
            87.1201233,
            53.7043556
          ],
          [
            87.1203062,
            53.7042032
          ],
          [
            87.1205347,
            53.7040539
          ],
          [
            87.1209231,
            53.7038192
          ]
        ]
      },
      "id": "way/86094274"
    },
    {
      "type": "Feature",
      "properties": {
        "@id": "way/86203238",
        "highway": "primary",
        "lanes": "5",
        "lanes:backward": "2",
        "lanes:forward": "3",
        "maxspeed": "RU:urban",
        "name": "улица Куйбышева",
        "name:etymology:wikidata": "Q443703",
        "old_ref": "32К-2",
        "surface": "asphalt",
        "turn:lanes:forward": "left|left|through;right"
      },
      "geometry": {
        "type": "LineString",
        "coordinates": [
          [
            87.0897417,
            53.7571216
          ],
          [
            87.0887206,
            53.7571479
          ]
        ]
      },
      "id": "way/86203238"
    },
    {
      "type": "Feature",
      "properties": {
        "@id": "way/86203253",
        "bridge": "yes",
        "highway": "primary",
        "lanes": "5",
        "lanes:backward": "2",
        "lanes:forward": "3",
        "layer": "1",
        "maxspeed": "RU:urban",
        "name": "улица Куйбышева",
        "name:etymology:wikidata": "Q443703",
        "old_ref": "32К-2",
        "surface": "asphalt"
      },
      "geometry": {
        "type": "LineString",
        "coordinates": [
          [
            87.0909428,
            53.7570937
          ],
          [
            87.0897417,
            53.7571216
          ]
        ]
      },
      "id": "way/86203253"
    },
    {
      "type": "Feature",
      "properties": {
        "@id": "way/90564738",
        "highway": "secondary",
        "lanes": "2",
        "maxspeed:type": "RU:urban",
        "name": "Заводское шоссе",
        "smoothness": "good",
        "surface": "asphalt"
      },
      "geometry": {
        "type": "LineString",
        "coordinates": [
          [
            87.1960151,
            53.8437572
          ],
          [
            87.1962068,
            53.8439964
          ]
        ]
      },
      "id": "way/90564738"
    },
    {
      "type": "Feature",
      "properties": {
        "@id": "way/90564739",
        "highway": "secondary",
        "maxspeed": "60",
        "name": "Заводское шоссе",
        "oneway": "yes"
      },
      "geometry": {
        "type": "LineString",
        "coordinates": [
          [
            87.1960151,
            53.8437572
          ],
          [
            87.1956424,
            53.8434041
          ],
          [
            87.1955959,
            53.8433477
          ]
        ]
      },
      "id": "way/90564739"
    },
    {
      "type": "Feature",
      "properties": {
        "@id": "way/90564741",
        "highway": "secondary",
        "maxspeed": "60"
      },
      "geometry": {
        "type": "LineString",
        "coordinates": [
          [
            87.1964843,
            53.8430436
          ],
          [
            87.1968193,
            53.8431024
          ]
        ]
      },
      "id": "way/90564741"
    },
    {
      "type": "Feature",
      "properties": {
        "@id": "way/90564742",
        "highway": "secondary",
        "maxspeed": "60",
        "name": "Заводское шоссе",
        "oneway": "yes"
      },
      "geometry": {
        "type": "LineString",
        "coordinates": [
          [
            87.1951203,
            53.8428768
          ],
          [
            87.1950249,
            53.8427861
          ],
          [
            87.1945592,
            53.8423294
          ]
        ]
      },
      "id": "way/90564742"
    },
    {
      "type": "Feature",
      "properties": {
        "@id": "way/90564743",
        "highway": "secondary",
        "maxspeed": "60",
        "oneway": "yes"
      },
      "geometry": {
        "type": "LineString",
        "coordinates": [
          [
            87.1961649,
            53.8429052
          ],
          [
            87.1964843,
            53.8430436
          ]
        ]
      },
      "id": "way/90564743"
    },
    {
      "type": "Feature",
      "properties": {
        "@id": "way/97052769",
        "highway": "primary",
        "maxspeed": "40",
        "name": "Горноспасательная улица",
        "old_ref": "32К-2",
        "surface": "asphalt"
      },
      "geometry": {
        "type": "LineString",
        "coordinates": [
          [
            87.0445267,
            53.7492217
          ],
          [
            87.0441561,
            53.7488739
          ],
          [
            87.0437819,
            53.7486315
          ],
          [
            87.0435419,
            53.748547
          ],
          [
            87.0432401,
            53.7484729
          ],
          [
            87.0430049,
            53.7484283
          ],
          [
            87.0423292,
            53.7482844
          ],
          [
            87.0420781,
            53.7481948
          ],
          [
            87.041619,
            53.7480371
          ],
          [
            87.040202,
            53.7475671
          ],
          [
            87.0391329,
            53.7471806
          ],
          [
            87.0383032,
            53.7468486
          ],
          [
            87.0368803,
            53.7462135
          ]
        ]
      },
      "id": "way/97052769"
    },
    {
      "type": "Feature",
      "properties": {
        "@id": "way/97052770",
        "highway": "primary",
        "maxspeed": "40",
        "name": "Балтийская улица",
        "old_ref": "32К-2",
        "surface": "asphalt"
      },
      "geometry": {
        "type": "LineString",
        "coordinates": [
          [
            87.0368803,
            53.7462135
          ],
          [
            87.0348129,
            53.7451776
          ]
        ]
      },
      "id": "way/97052770"
    },
    {
      "type": "Feature",
      "properties": {
        "@id": "way/109694518",
        "highway": "secondary",
        "name": "улица Ленина",
        "name:etymology:wikidata": "Q1394",
        "oneway": "yes"
      },
      "geometry": {
        "type": "LineString",
        "coordinates": [
          [
            87.2136932,
            53.781036
          ],
          [
            87.2132719,
            53.7808511
          ],
          [
            87.2128724,
            53.780685
          ],
          [
            87.2118171,
            53.7802125
          ],
          [
            87.2108713,
            53.7797974
          ],
          [
            87.2097746,
            53.7793161
          ],
          [
            87.2097319,
            53.7792974
          ],
          [
            87.2076824,
            53.778398
          ],
          [
            87.2070918,
            53.7781388
          ],
          [
            87.2056676,
            53.7774956
          ],
          [
            87.2045087,
            53.7769739
          ],
          [
            87.2035053,
            53.7765277
          ],
          [
            87.2025155,
            53.7760884
          ],
          [
            87.2023957,
            53.7760355
          ],
          [
            87.2021838,
            53.7759448
          ],
          [
            87.2008974,
            53.7753831
          ],
          [
            87.2008048,
            53.7753417
          ],
          [
            87.200608,
            53.7752538
          ],
          [
            87.1997897,
            53.7749052
          ],
          [
            87.1984337,
            53.7743319
          ],
          [
            87.1977647,
            53.7740399
          ],
          [
            87.1975798,
            53.7739521
          ],
          [
            87.1972659,
            53.7738274
          ],
          [
            87.1966886,
            53.7735889
          ],
          [
            87.1957058,
            53.7731778
          ],
          [
            87.194928,
            53.7728562
          ],
          [
            87.1948294,
            53.772768
          ],
          [
            87.1947898,
            53.7727252
          ],
          [
            87.1944957,
            53.7725272
          ]
        ]
      },
      "id": "way/109694518"
    },
    {
      "type": "Feature",
      "properties": {
        "@id": "way/109694536",
        "highway": "secondary",
        "oneway": "yes"
      },
      "geometry": {
        "type": "LineString",
        "coordinates": [
          [
            87.1954974,
            53.7726855
          ],
          [
            87.1949178,
            53.7726871
          ]
        ]
      },
      "id": "way/109694536"
    },
    {
      "type": "Feature",
      "properties": {
        "@id": "way/118012658",
        "highway": "secondary",
        "oneway": "yes"
      },
      "geometry": {
        "type": "LineString",
        "coordinates": [
          [
            87.1852015,
            53.7684656
          ],
          [
            87.184662,
            53.7684089
          ]
        ]
      },
      "id": "way/118012658"
    },
    {
      "type": "Feature",
      "properties": {
        "@id": "way/118012660",
        "highway": "secondary",
        "name": "улица Павловского",
        "oneway": "yes"
      },
      "geometry": {
        "type": "LineString",
        "coordinates": [
          [
            87.1273461,
            53.7661889
          ],
          [
            87.1274377,
            53.7663239
          ]
        ]
      },
      "id": "way/118012660"
    },
    {
      "type": "Feature",
      "properties": {
        "@id": "way/118012661",
        "highway": "secondary",
        "name": "улица Павловского"
      },
      "geometry": {
        "type": "LineString",
        "coordinates": [
          [
            87.1275624,
            53.7663972
          ],
          [
            87.1274377,
            53.7663239
          ]
        ]
      },
      "id": "way/118012661"
    },
    {
      "type": "Feature",
      "properties": {
        "@id": "way/118012662",
        "highway": "secondary",
        "lanes": "3",
        "maxspeed": "RU:urban",
        "oneway": "yes",
        "surface": "asphalt"
      },
      "geometry": {
        "type": "LineString",
        "coordinates": [
          [
            87.1291272,
            53.7773754
          ],
          [
            87.1288503,
            53.7772707
          ],
          [
            87.1284191,
            53.7771513
          ]
        ]
      },
      "id": "way/118012662"
    },
    {
      "type": "Feature",
      "properties": {
        "@id": "way/118012663",
        "highway": "secondary",
        "lanes": "3",
        "maxspeed": "RU:urban",
        "oneway": "yes",
        "surface": "asphalt"
      },
      "geometry": {
        "type": "LineString",
        "coordinates": [
          [
            87.1274718,
            53.776039
          ],
          [
            87.1277229,
            53.7761497
          ],
          [
            87.1279496,
            53.776239
          ],
          [
            87.128245,
            53.7763032
          ]
        ]
      },
      "id": "way/118012663"
    },
    {
      "type": "Feature",
      "properties": {
        "@id": "way/118012667",
        "highway": "primary",
        "lanes": "3",
        "maxspeed": "RU:urban",
        "oneway": "yes",
        "surface": "asphalt"
      },
      "geometry": {
        "type": "LineString",
        "coordinates": [
          [
            87.1291188,
            53.7761602
          ],
          [
            87.1290659,
            53.7764105
          ],
          [
            87.1290426,
            53.7766313
          ]
        ]
      },
      "id": "way/118012667"
    },
    {
      "type": "Feature",
      "properties": {
        "@id": "way/118012672",
        "highway": "secondary",
        "lanes": "3",
        "maxspeed": "RU:urban",
        "oneway": "yes",
        "surface": "asphalt"
      },
      "geometry": {
        "type": "LineString",
        "coordinates": [
          [
            87.1276293,
            53.7766427
          ],
          [
            87.1275899,
            53.7763959
          ],
          [
            87.1274718,
            53.776039
          ]
        ]
      },
      "id": "way/118012672"
    },
    {
      "type": "Feature",
      "properties": {
        "@id": "way/129767133",
        "highway": "primary",
        "name": "Черкасская улица",
        "old_ref": "Р366",
        "oneway": "yes",
        "surface": "asphalt"
      },
      "geometry": {
        "type": "LineString",
        "coordinates": [
          [
            87.1183779,
            53.7397625
          ],
          [
            87.1188839,
            53.7402902
          ],
          [
            87.1189328,
            53.740352
          ],
          [
            87.1194664,
            53.7409031
          ],
          [
            87.1197547,
            53.7411552
          ],
          [
            87.1200468,
            53.7412688
          ],
          [
            87.1202835,
            53.741356
          ],
          [
            87.1203647,
            53.7413798
          ],
          [
            87.1204852,
            53.7414204
          ]
        ]
      },
      "id": "way/129767133"
    },
    {
      "type": "Feature",
      "properties": {
        "@id": "way/132422100",
        "highway": "primary",
        "maxspeed": "60",
        "name": "улица Кирова",
        "name:en": "Kirov street",
        "name:etymology:wikidata": "Q207682",
        "name:ru": "улица Кирова",
        "old_ref": "32К-2",
        "surface": "asphalt"
      },
      "geometry": {
        "type": "LineString",
        "coordinates": [
          [
            87.1184385,
            53.7577229
          ],
          [
            87.1182144,
            53.7577316
          ]
        ]
      },
      "id": "way/132422100"
    },
    {
      "type": "Feature",
      "properties": {
        "@id": "way/132432048",
        "highway": "secondary",
        "lanes": "4",
        "maxspeed": "60",
        "name": "проспект Бардина",
        "name:en": "Bardin street",
        "name:ru": "проспект Бардина",
        "old_name": "проспект Бардина",
        "old_name:en": "Bardin avenue"
      },
      "geometry": {
        "type": "LineString",
        "coordinates": [
          [
            87.1247909,
            53.7510653
          ],
          [
            87.1257749,
            53.7516394
          ]
        ]
      },
      "id": "way/132432048"
    },
    {
      "type": "Feature",
      "properties": {
        "@id": "way/132517815",
        "highway": "secondary",
        "name": "улица Кутузова",
        "name:ru": "улица Кутузова",
        "oneway": "yes",
        "surface": "asphalt"
      },
      "geometry": {
        "type": "LineString",
        "coordinates": [
          [
            87.1124068,
            53.7516912
          ],
          [
            87.1126359,
            53.7517821
          ],
          [
            87.1126527,
            53.7517888
          ],
          [
            87.1131529,
            53.7519939
          ],
          [
            87.113243,
            53.7520166
          ],
          [
            87.1133518,
            53.7520264
          ],
          [
            87.1144691,
            53.7520151
          ]
        ]
      },
      "id": "way/132517815"
    },
    {
      "type": "Feature",
      "properties": {
        "@id": "way/132517817",
        "highway": "secondary",
        "name": "улица Кутузова",
        "name:en": "Kutuzov street",
        "name:ru": "улица Кутузова",
        "oneway": "yes",
        "surface": "asphalt"
      },
      "geometry": {
        "type": "LineString",
        "coordinates": [
          [
            87.1144691,
            53.7520151
          ],
          [
            87.1159422,
            53.7519991
          ],
          [
            87.1178173,
            53.7519787
          ],
          [
            87.1178979,
            53.7519779
          ],
          [
            87.1180947,
            53.7519758
          ],
          [
            87.1182748,
            53.7519734
          ],
          [
            87.1185295,
            53.7519695
          ],
          [
            87.1194657,
            53.7519611
          ]
        ]
      },
      "id": "way/132517817"
    },
    {
      "type": "Feature",
      "properties": {
        "@id": "way/132829238",
        "highway": "primary",
        "lanes": "6",
        "maxspeed": "60",
        "name": "улица Кирова",
        "name:etymology:wikidata": "Q207682",
        "old_ref": "32К-2",
        "surface": "asphalt"
      },
      "geometry": {
        "type": "LineString",
        "coordinates": [
          [
            87.15349,
            53.7574168
          ],
          [
            87.1507759,
            53.7574436
          ]
        ]
      },
      "id": "way/132829238"
    },
    {
      "type": "Feature",
      "properties": {
        "@id": "way/133360575",
        "highway": "primary",
        "name": "Байдаевское шоссе",
        "old_ref": "32К-2",
        "surface": "asphalt"
      },
      "geometry": {
        "type": "LineString",
        "coordinates": [
          [
            87.2929148,
            53.7736771
          ],
          [
            87.292367,
            53.7736949
          ],
          [
            87.2831437,
            53.7740598
          ],
          [
            87.2815978,
            53.7741296
          ]
        ]
      },
      "id": "way/133360575"
    },
    {
      "type": "Feature",
      "properties": {
        "@id": "way/133360576",
        "highway": "primary",
        "name": "Кузнецкое шоссе",
        "old_ref": "32К-2",
        "surface": "asphalt"
      },
      "geometry": {
        "type": "LineString",
        "coordinates": [
          [
            87.2687808,
            53.7743469
          ],
          [
            87.2685355,
            53.7747131
          ],
          [
            87.2682709,
            53.7750796
          ],
          [
            87.268156,
            53.7752524
          ],
          [
            87.2669703,
            53.7769168
          ],
          [
            87.2666904,
            53.7773611
          ],
          [
            87.2665136,
            53.7776259
          ],
          [
            87.2661761,
            53.7781878
          ],
          [
            87.2661021,
            53.778286
          ],
          [
            87.2660284,
            53.7783716
          ],
          [
            87.265956,
            53.7784564
          ],
          [
            87.2658746,
            53.7785323
          ],
          [
            87.2657937,
            53.7786014
          ],
          [
            87.2657119,
            53.7786553
          ],
          [
            87.2655056,
            53.7787799
          ],
          [
            87.2653726,
            53.7788566
          ],
          [
            87.2648459,
            53.7791019
          ],
          [
            87.2636592,
            53.7796314
          ],
          [
            87.2620721,
            53.7803396
          ],
          [
            87.2610119,
            53.7808017
          ],
          [
            87.2609453,
            53.7808307
          ],
          [
            87.2606991,
            53.7809041
          ],
          [
            87.2604346,
            53.780983
          ],
          [
            87.260002,
            53.781066
          ],
          [
            87.259121,
            53.7811585
          ]
        ]
      },
      "id": "way/133360576"
    },
    {
      "type": "Feature",
      "properties": {
        "@id": "way/133495569",
        "highway": "secondary",
        "lanes": "6",
        "maxspeed": "RU:urban",
        "name": "проспект Строителей",
        "surface": "asphalt"
      },
      "geometry": {
        "type": "LineString",
        "coordinates": [
          [
            87.1273088,
            53.7759
          ],
          [
            87.1267638,
            53.7754658
          ]
        ]
      },
      "id": "way/133495569"
    },
    {
      "type": "Feature",
      "properties": {
        "@id": "way/133495570",
        "highway": "secondary",
        "lanes": "6",
        "maxspeed": "RU:urban",
        "name": "проспект Строителей",
        "surface": "asphalt"
      },
      "geometry": {
        "type": "LineString",
        "coordinates": [
          [
            87.1202107,
            53.7708994
          ],
          [
            87.1195541,
            53.7704627
          ],
          [
            87.1195277,
            53.7704446
          ],
          [
            87.1188308,
            53.769981
          ],
          [
            87.1187957,
            53.7699596
          ]
        ]
      },
      "id": "way/133495570"
    },
    {
      "type": "Feature",
      "properties": {
        "@id": "way/133495571",
        "highway": "secondary",
        "lanes": "6",
        "maxspeed": "RU:urban",
        "name": "проспект Строителей",
        "surface": "asphalt"
      },
      "geometry": {
        "type": "LineString",
        "coordinates": [
          [
            87.1209267,
            53.7713731
          ],
          [
            87.1202107,
            53.7708994
          ]
        ]
      },
      "id": "way/133495571"
    },
    {
      "type": "Feature",
      "properties": {
        "@id": "way/133495576",
        "highway": "secondary",
        "lanes": "6",
        "maxspeed": "RU:urban",
        "name": "проспект Строителей",
        "surface": "asphalt"
      },
      "geometry": {
        "type": "LineString",
        "coordinates": [
          [
            87.1240056,
            53.7734013
          ],
          [
            87.1238941,
            53.7733256
          ]
        ]
      },
      "id": "way/133495576"
    },
    {
      "type": "Feature",
      "properties": {
        "@id": "way/133731134",
        "bridge": "yes",
        "highway": "secondary",
        "lanes": "2",
        "layer": "1",
        "maxspeed": "60",
        "name": "Бызовское шоссе",
        "surface": "asphalt"
      },
      "geometry": {
        "type": "LineString",
        "coordinates": [
          [
            87.2091892,
            53.8615434
          ],
          [
            87.2099742,
            53.8614031
          ]
        ]
      },
      "id": "way/133731134"
    },
    {
      "type": "Feature",
      "properties": {
        "@id": "way/133731135",
        "bridge": "yes",
        "highway": "secondary",
        "lanes": "2",
        "layer": "1",
        "maxspeed": "60",
        "name": "Бызовское шоссе",
        "surface": "asphalt"
      },
      "geometry": {
        "type": "LineString",
        "coordinates": [
          [
            87.2114464,
            53.8611243
          ],
          [
            87.212916,
            53.8608288
          ]
        ]
      },
      "id": "way/133731135"
    },
    {
      "type": "Feature",
      "properties": {
        "@id": "way/133731136",
        "foot": "no",
        "highway": "secondary",
        "lanes": "2",
        "lit": "yes",
        "maxspeed": "60",
        "name": "Бызовское шоссе",
        "oneway": "yes",
        "shoulder": "right",
        "sidewalk": "no",
        "smoothness": "excellent",
        "surface": "asphalt"
      },
      "geometry": {
        "type": "LineString",
        "coordinates": [
          [
            87.2280286,
            53.8589868
          ],
          [
            87.2278043,
            53.8589506
          ],
          [
            87.2274684,
            53.8588994
          ],
          [
            87.2269819,
            53.8588471
          ],
          [
            87.2261084,
            53.8588266
          ],
          [
            87.2251139,
            53.8588707
          ],
          [
            87.2242475,
            53.8589373
          ],
          [
            87.2234046,
            53.8590124
          ],
          [
            87.2227871,
            53.8590667
          ],
          [
            87.2221815,
            53.8591487
          ],
          [
            87.2211906,
            53.8592946
          ],
          [
            87.2208039,
            53.8593694
          ],
          [
            87.2202825,
            53.8594715
          ],
          [
            87.218164,
            53.8598604
          ],
          [
            87.2131339,
            53.8608146
          ],
          [
            87.212916,
            53.8608288
          ]
        ]
      },
      "id": "way/133731136"
    },
    {
      "type": "Feature",
      "properties": {
        "@id": "way/133731137",
        "highway": "secondary",
        "lanes": "2",
        "maxspeed": "60",
        "name": "Бызовское шоссе",
        "surface": "asphalt"
      },
      "geometry": {
        "type": "LineString",
        "coordinates": [
          [
            87.2114464,
            53.8611243
          ],
          [
            87.2103639,
            53.8613289
          ],
          [
            87.2099742,
            53.8614031
          ]
        ]
      },
      "id": "way/133731137"
    },
    {
      "type": "Feature",
      "properties": {
        "@id": "way/138143308",
        "highway": "secondary",
        "name": "улица Циолковского",
        "name:etymology:wikidata": "Q41239",
        "oneway": "yes",
        "service": "parking_aisle"
      },
      "geometry": {
        "type": "LineString",
        "coordinates": [
          [
            87.1318843,
            53.7463248
          ],
          [
            87.1317485,
            53.7462528
          ],
          [
            87.1316516,
            53.7462015
          ],
          [
            87.1312258,
            53.7459607
          ],
          [
            87.1303277,
            53.7454486
          ],
          [
            87.129019,
            53.7447017
          ],
          [
            87.1274309,
            53.7437821
          ],
          [
            87.1273236,
            53.7437207
          ],
          [
            87.1272269,
            53.7436631
          ],
          [
            87.1272053,
            53.7436502
          ],
          [
            87.1270848,
            53.7435841
          ],
          [
            87.1269487,
            53.7435313
          ],
          [
            87.1268209,
            53.7434987
          ],
          [
            87.1266622,
            53.7434699
          ]
        ]
      },
      "id": "way/138143308"
    },
    {
      "type": "Feature",
      "properties": {
        "@id": "way/138335294",
        "highway": "primary",
        "name": "Рудокопровая улица",
        "old_ref": "32К-2",
        "surface": "asphalt"
      },
      "geometry": {
        "type": "LineString",
        "coordinates": [
          [
            87.0887206,
            53.7571479
          ],
          [
            87.0886573,
            53.7567796
          ],
          [
            87.0885736,
            53.7554551
          ],
          [
            87.0885653,
            53.7553235
          ],
          [
            87.0884481,
            53.7549128
          ],
          [
            87.0881068,
            53.7545622
          ],
          [
            87.0871252,
            53.7540917
          ],
          [
            87.086673,
            53.7538749
          ],
          [
            87.0848462,
            53.7530748
          ],
          [
            87.0830297,
            53.7522792
          ],
          [
            87.0817153,
            53.7517036
          ],
          [
            87.0806335,
            53.751213
          ],
          [
            87.0799599,
            53.7509132
          ],
          [
            87.0785388,
            53.7502104
          ]
        ]
      },
      "id": "way/138335294"
    },
    {
      "type": "Feature",
      "properties": {
        "@id": "way/138335301",
        "highway": "primary",
        "name": "улица Димитрова",
        "old_ref": "32К-2",
        "surface": "asphalt"
      },
      "geometry": {
        "type": "LineString",
        "coordinates": [
          [
            87.0785388,
            53.7502104
          ],
          [
            87.0783552,
            53.7501349
          ],
          [
            87.078003,
            53.7500189
          ],
          [
            87.0777379,
            53.7499781
          ],
          [
            87.0775047,
            53.7499514
          ],
          [
            87.0771586,
            53.7499401
          ],
          [
            87.0768964,
            53.7499492
          ],
          [
            87.076585,
            53.7499849
          ],
          [
            87.0762902,
            53.7500417
          ],
          [
            87.0757645,
            53.7501705
          ],
          [
            87.0752753,
            53.7503341
          ],
          [
            87.0749469,
            53.7504439
          ],
          [
            87.0739661,
            53.7507737
          ],
          [
            87.0733324,
            53.7509423
          ],
          [
            87.0729818,
            53.7510394
          ],
          [
            87.0726746,
            53.7511092
          ],
          [
            87.0716822,
            53.7513345
          ],
          [
            87.0709956,
            53.7514579
          ],
          [
            87.0706362,
            53.7514955
          ],
          [
            87.0700544,
            53.7515325
          ],
          [
            87.0698838,
            53.7515318
          ],
          [
            87.0693034,
            53.7515294
          ],
          [
            87.0684491,
            53.751476
          ],
          [
            87.0673903,
            53.7514023
          ]
        ]
      },
      "id": "way/138335301"
    },
    {
      "type": "Feature",
      "properties": {
        "@id": "way/139252868",
        "highway": "primary",
        "oneway": "yes",
        "surface": "asphalt"
      },
      "geometry": {
        "type": "LineString",
        "coordinates": [
          [
            87.1169438,
            53.7428691
          ],
          [
            87.1168086,
            53.7428721
          ],
          [
            87.1167258,
            53.7428491
          ],
          [
            87.1166836,
            53.7427962
          ],
          [
            87.1166565,
            53.7427056
          ]
        ]
      },
      "id": "way/139252868"
    },
    {
      "type": "Feature",
      "properties": {
        "@id": "way/139877245",
        "highway": "secondary",
        "name": "Октябрьский проспект",
        "name:etymology:wikidata": "Q42976",
        "oneway": "yes",
        "surface": "asphalt"
      },
      "geometry": {
        "type": "LineString",
        "coordinates": [
          [
            87.1368183,
            53.7571341
          ],
          [
            87.1367324,
            53.7571995
          ],
          [
            87.1366996,
            53.7572666
          ],
          [
            87.136714,
            53.7573496
          ]
        ]
      },
      "id": "way/139877245"
    },
    {
      "type": "Feature",
      "properties": {
        "@id": "way/139877246",
        "highway": "secondary",
        "name": "Октябрьский проспект",
        "name:etymology:wikidata": "Q42976",
        "oneway": "yes"
      },
      "geometry": {
        "type": "LineString",
        "coordinates": [
          [
            87.1367469,
            53.7570141
          ],
          [
            87.1372831,
            53.7566851
          ],
          [
            87.1377793,
            53.7563753
          ],
          [
            87.1386927,
            53.7558172
          ],
          [
            87.1391794,
            53.7555218
          ],
          [
            87.1394692,
            53.7553421
          ],
          [
            87.1404651,
            53.7547394
          ],
          [
            87.1413243,
            53.7542155
          ],
          [
            87.1421209,
            53.7537284
          ]
        ]
      },
      "id": "way/139877246"
    },
    {
      "type": "Feature",
      "properties": {
        "@id": "way/139877249",
        "highway": "secondary",
        "lanes": "4",
        "maxspeed": "60",
        "name": "Октябрьский проспект",
        "name:etymology:wikidata": "Q42976",
        "surface": "asphalt",
        "trolley_wire": "yes"
      },
      "geometry": {
        "type": "LineString",
        "coordinates": [
          [
            87.1515346,
            53.7480324
          ],
          [
            87.1516998,
            53.7479411
          ],
          [
            87.1518186,
            53.7478676
          ]
        ]
      },
      "id": "way/139877249"
    },
    {
      "type": "Feature",
      "properties": {
        "@id": "way/139877250",
        "highway": "secondary",
        "name": "Октябрьский проспект",
        "name:etymology:wikidata": "Q42976",
        "oneway": "yes",
        "surface": "asphalt"
      },
      "geometry": {
        "type": "LineString",
        "coordinates": [
          [
            87.1362595,
            53.7571541
          ],
          [
            87.136478,
            53.7571126
          ],
          [
            87.1366152,
            53.7570744
          ],
          [
            87.1367469,
            53.7570141
          ]
        ]
      },
      "id": "way/139877250"
    },
    {
      "type": "Feature",
      "properties": {
        "@id": "way/140142411",
        "highway": "secondary",
        "name": "улица 375 км"
      },
      "geometry": {
        "type": "LineString",
        "coordinates": [
          [
            87.0440828,
            53.7425261
          ],
          [
            87.0441059,
            53.7422655
          ],
          [
            87.0441212,
            53.7420955
          ],
          [
            87.0441671,
            53.7419531
          ],
          [
            87.0442187,
            53.7418842
          ],
          [
            87.0443029,
            53.7418141
          ],
          [
            87.0444191,
            53.7417683
          ],
          [
            87.0445475,
            53.7417405
          ],
          [
            87.044881,
            53.7417383
          ],
          [
            87.0453654,
            53.7417569
          ],
          [
            87.0457564,
            53.7417514
          ],
          [
            87.0461689,
            53.741714
          ],
          [
            87.0465325,
            53.7416561
          ],
          [
            87.046888,
            53.7415903
          ],
          [
            87.0478367,
            53.7414085
          ],
          [
            87.0481829,
            53.7413687
          ],
          [
            87.0484559,
            53.7413896
          ],
          [
            87.0492964,
            53.7415319
          ],
          [
            87.0495199,
            53.741551
          ],
          [
            87.0497516,
            53.7415581
          ],
          [
            87.050141,
            53.7414969
          ],
          [
            87.0504555,
            53.7414125
          ],
          [
            87.0510054,
            53.7412332
          ],
          [
            87.0514228,
            53.7411225
          ],
          [
            87.051946,
            53.7410428
          ],
          [
            87.0530837,
            53.7409409
          ],
          [
            87.0534421,
            53.7408997
          ],
          [
            87.0538493,
            53.7408224
          ],
          [
            87.0556472,
            53.7404286
          ],
          [
            87.055872,
            53.7403845
          ],
          [
            87.056065,
            53.74037
          ],
          [
            87.056444,
            53.7403723
          ],
          [
            87.0566035,
            53.7403873
          ],
          [
            87.0569484,
            53.7404253
          ],
          [
            87.0574059,
            53.7404986
          ],
          [
            87.0575455,
            53.7405281
          ],
          [
            87.0582237,
            53.7406248
          ],
          [
            87.0586511,
            53.7406801
          ],
          [
            87.0591516,
            53.7407315
          ],
          [
            87.0593487,
            53.7407419
          ],
          [
            87.059676,
            53.7407525
          ],
          [
            87.0598359,
            53.7407576
          ],
          [
            87.0600819,
            53.7407527
          ],
          [
            87.0603509,
            53.7407413
          ],
          [
            87.0605915,
            53.7407167
          ],
          [
            87.0608303,
            53.7406833
          ],
          [
            87.0610491,
            53.7406448
          ],
          [
            87.0612007,
            53.7406126
          ],
          [
            87.0613934,
            53.7405691
          ],
          [
            87.0614991,
            53.7405454
          ],
          [
            87.0618654,
            53.7405082
          ],
          [
            87.063035,
            53.7405001
          ],
          [
            87.0631023,
            53.7405
          ],
          [
            87.0640112,
            53.7404981
          ],
          [
            87.0652531,
            53.7405506
          ],
          [
            87.0657463,
            53.7405693
          ],
          [
            87.0680549,
            53.7406951
          ],
          [
            87.0683237,
            53.74074
          ],
          [
            87.0685441,
            53.7407984
          ],
          [
            87.0687566,
            53.7408918
          ],
          [
            87.06887,
            53.7409612
          ],
          [
            87.0690169,
            53.7410638
          ],
          [
            87.0692804,
            53.7412548
          ],
          [
            87.0695509,
            53.7414479
          ],
          [
            87.069852,
            53.741656
          ],
          [
            87.069963,
            53.7417319
          ],
          [
            87.0702833,
            53.7419657
          ],
          [
            87.0705593,
            53.7421411
          ],
          [
            87.0708594,
            53.7423102
          ],
          [
            87.0710464,
            53.7423903
          ],
          [
            87.0712333,
            53.7424562
          ],
          [
            87.0714318,
            53.7425022
          ],
          [
            87.0716316,
            53.7425355
          ],
          [
            87.072435,
            53.7426616
          ],
          [
            87.0725496,
            53.7426826
          ],
          [
            87.0742426,
            53.7430003
          ],
          [
            87.0752012,
            53.7431757
          ],
          [
            87.076149,
            53.7433266
          ],
          [
            87.0763177,
            53.7433573
          ],
          [
            87.0764743,
            53.7434048
          ],
          [
            87.0766584,
            53.7434874
          ],
          [
            87.0768139,
            53.7435722
          ],
          [
            87.0769667,
            53.7436672
          ],
          [
            87.0772962,
            53.7438379
          ],
          [
            87.0777118,
            53.7440099
          ],
          [
            87.0779722,
            53.7440945
          ],
          [
            87.078353,
            53.7441783
          ],
          [
            87.079719,
            53.7443895
          ]
        ]
      },
      "id": "way/140142411"
    },
    {
      "type": "Feature",
      "properties": {
        "@id": "way/140142416",
        "highway": "secondary",
        "name": "Лесная улица"
      },
      "geometry": {
        "type": "LineString",
        "coordinates": [
          [
            87.0327426,
            53.7350753
          ],
          [
            87.0333178,
            53.7356856
          ],
          [
            87.0336235,
            53.736101
          ],
          [
            87.0341727,
            53.7367309
          ],
          [
            87.0349228,
            53.7375775
          ],
          [
            87.0350986,
            53.7378551
          ],
          [
            87.0351467,
            53.7379405
          ],
          [
            87.0353474,
            53.7383769
          ],
          [
            87.0355933,
            53.7386887
          ],
          [
            87.0359556,
            53.7391696
          ],
          [
            87.0361864,
            53.7395097
          ],
          [
            87.0369853,
            53.7406964
          ]
        ]
      },
      "id": "way/140142416"
    },
    {
      "type": "Feature",
      "properties": {
        "@id": "way/140142419",
        "highway": "secondary",
        "name": "Тушинская улица"
      },
      "geometry": {
        "type": "LineString",
        "coordinates": [
          [
            87.079719,
            53.7443895
          ],
          [
            87.0804277,
            53.7445209
          ],
          [
            87.0825119,
            53.7449551
          ],
          [
            87.0837266,
            53.7452337
          ],
          [
            87.084307,
            53.74536
          ],
          [
            87.0845795,
            53.7454546
          ],
          [
            87.0846748,
            53.7454989
          ],
          [
            87.085184,
            53.7457886
          ],
          [
            87.0857296,
            53.7461043
          ],
          [
            87.0862448,
            53.7463962
          ],
          [
            87.0869796,
            53.7468025
          ],
          [
            87.0872593,
            53.7469387
          ],
          [
            87.0875498,
            53.7470543
          ],
          [
            87.0880009,
            53.7472085
          ],
          [
            87.0893804,
            53.7476298
          ],
          [
            87.090387,
            53.7479089
          ],
          [
            87.0926186,
            53.7484774
          ],
          [
            87.0930649,
            53.7486297
          ]
        ]
      },
      "id": "way/140142419"
    },
    {
      "type": "Feature",
      "properties": {
        "@id": "way/140267605",
        "bridge": "yes",
        "highway": "primary",
        "layer": "1",
        "old_ref": "32К-2",
        "surface": "asphalt"
      },
      "geometry": {
        "type": "LineString",
        "coordinates": [
          [
            87.0245594,
            53.7459676
          ],
          [
            87.0234375,
            53.7453724
          ]
        ]
      },
      "id": "way/140267605"
    },
    {
      "type": "Feature",
      "properties": {
        "@id": "way/140270764",
        "highway": "primary",
        "name": "Балтийская улица",
        "old_ref": "32К-2",
        "surface": "asphalt"
      },
      "geometry": {
        "type": "LineString",
        "coordinates": [
          [
            87.0348129,
            53.7451776
          ],
          [
            87.0341645,
            53.7449551
          ],
          [
            87.0338222,
            53.7448521
          ],
          [
            87.0335317,
            53.7448011
          ],
          [
            87.0327618,
            53.7447332
          ],
          [
            87.0322893,
            53.7447056
          ],
          [
            87.0314354,
            53.7447261
          ],
          [
            87.0309156,
            53.7447444
          ],
          [
            87.0302576,
            53.7448268
          ],
          [
            87.0299545,
            53.7448759
          ],
          [
            87.0293644,
            53.7450203
          ],
          [
            87.0290164,
            53.7451383
          ],
          [
            87.0287958,
            53.745209
          ],
          [
            87.0285518,
            53.7453182
          ],
          [
            87.028268,
            53.7454418
          ],
          [
            87.0274587,
            53.7457949
          ],
          [
            87.0272595,
            53.7458789
          ],
          [
            87.0265438,
            53.7461724
          ],
          [
            87.0261241,
            53.7462644
          ],
          [
            87.0258924,
            53.7462992
          ],
          [
            87.0256305,
            53.7463082
          ],
          [
            87.0254207,
            53.7462805
          ],
          [
            87.025204,
            53.7462327
          ],
          [
            87.0249414,
            53.746155
          ],
          [
            87.0245594,
            53.7459676
          ]
        ]
      },
      "id": "way/140270764"
    },
    {
      "type": "Feature",
      "properties": {
        "@id": "way/141213464",
        "highway": "secondary",
        "lanes": "2",
        "name": "улица Ленина",
        "name:etymology:wikidata": "Q1394",
        "surface": "asphalt"
      },
      "geometry": {
        "type": "LineString",
        "coordinates": [
          [
            87.2211745,
            53.7843756
          ],
          [
            87.2229619,
            53.7851489
          ],
          [
            87.2269861,
            53.7869254
          ],
          [
            87.2278981,
            53.787328
          ],
          [
            87.2324489,
            53.7893549
          ],
          [
            87.2338686,
            53.7899765
          ],
          [
            87.2359054,
            53.7908846
          ],
          [
            87.2369235,
            53.7912781
          ]
        ]
      },
      "id": "way/141213464"
    },
    {
      "type": "Feature",
      "properties": {
        "@id": "way/141213472",
        "highway": "secondary",
        "name": "улица Ленина",
        "name:etymology:wikidata": "Q1394"
      },
      "geometry": {
        "type": "LineString",
        "coordinates": [
          [
            87.1944957,
            53.7725272
          ],
          [
            87.1943351,
            53.7724602
          ]
        ]
      },
      "id": "way/141213472"
    },
    {
      "type": "Feature",
      "properties": {
        "@id": "way/141213473",
        "highway": "secondary",
        "name": "улица Ленина",
        "name:etymology:wikidata": "Q1394",
        "oneway": "yes"
      },
      "geometry": {
        "type": "LineString",
        "coordinates": [
          [
            87.1949178,
            53.7726871
          ],
          [
            87.1954291,
            53.7729196
          ],
          [
            87.1968034,
            53.7734862
          ],
          [
            87.197716,
            53.7738629
          ],
          [
            87.1978981,
            53.7739216
          ],
          [
            87.1985638,
            53.7742099
          ],
          [
            87.1999378,
            53.7747794
          ],
          [
            87.2007749,
            53.7751326
          ],
          [
            87.2009667,
            53.7752152
          ],
          [
            87.2023899,
            53.7758589
          ],
          [
            87.2025303,
            53.7759209
          ],
          [
            87.2026452,
            53.7759731
          ],
          [
            87.2036439,
            53.7764187
          ],
          [
            87.2041313,
            53.7766348
          ],
          [
            87.2058131,
            53.7773805
          ],
          [
            87.2065368,
            53.777705
          ],
          [
            87.207728,
            53.7782489
          ],
          [
            87.2078201,
            53.7782923
          ],
          [
            87.2090715,
            53.77886
          ],
          [
            87.2098381,
            53.7792078
          ],
          [
            87.2098826,
            53.7792269
          ],
          [
            87.210684,
            53.7795679
          ],
          [
            87.2124784,
            53.7803472
          ],
          [
            87.2130136,
            53.7805769
          ],
          [
            87.2134412,
            53.780758
          ]
        ]
      },
      "id": "way/141213473"
    },
    {
      "type": "Feature",
      "properties": {
        "@id": "way/142796724",
        "highway": "secondary",
        "name": "Лесная улица"
      },
      "geometry": {
        "type": "LineString",
        "coordinates": [
          [
            87.0369853,
            53.7406964
          ],
          [
            87.0374168,
            53.7412465
          ],
          [
            87.0376374,
            53.7414481
          ],
          [
            87.0377849,
            53.741577
          ],
          [
            87.0380032,
            53.7417079
          ],
          [
            87.0395106,
            53.742383
          ],
          [
            87.0397015,
            53.7424522
          ],
          [
            87.0401073,
            53.7425489
          ],
          [
            87.0404649,
            53.7425942
          ],
          [
            87.0409446,
            53.7425965
          ],
          [
            87.0419689,
            53.7425847
          ],
          [
            87.0438464,
            53.7425322
          ],
          [
            87.0439938,
            53.7425263
          ],
          [
            87.0440828,
            53.7425261
          ]
        ]
      },
      "id": "way/142796724"
    },
    {
      "type": "Feature",
      "properties": {
        "@id": "way/144312563",
        "highway": "secondary",
        "name": "улица Орджоникидзе",
        "oneway": "yes"
      },
      "geometry": {
        "type": "LineString",
        "coordinates": [
          [
            87.1019095,
            53.7653886
          ],
          [
            87.1021229,
            53.7653386
          ],
          [
            87.1028135,
            53.7651769
          ],
          [
            87.1049141,
            53.7646929
          ],
          [
            87.1057661,
            53.7644927
          ],
          [
            87.1073545,
            53.7641238
          ],
          [
            87.1078036,
            53.7640178
          ],
          [
            87.1085732,
            53.7638345
          ],
          [
            87.1101412,
            53.7634764
          ],
          [
            87.1109515,
            53.7633024
          ],
          [
            87.1111485,
            53.7632686
          ],
          [
            87.1113839,
            53.7632465
          ],
          [
            87.1118896,
            53.7632146
          ],
          [
            87.1119599,
            53.7632156
          ],
          [
            87.1142616,
            53.7632036
          ],
          [
            87.1149066,
            53.7632044
          ],
          [
            87.1152855,
            53.7632034
          ],
          [
            87.1169074,
            53.7631922
          ],
          [
            87.1173015,
            53.7631883
          ],
          [
            87.1181973,
            53.7631818
          ],
          [
            87.1184082,
            53.7632071
          ],
          [
            87.1185972,
            53.7632379
          ],
          [
            87.1188509,
            53.7632496
          ],
          [
            87.119361,
            53.7632452
          ],
          [
            87.1201292,
            53.7632365
          ],
          [
            87.1210277,
            53.7632234
          ]
        ]
      },
      "id": "way/144312563"
    },
    {
      "type": "Feature",
      "properties": {
        "@id": "way/144312566",
        "highway": "secondary",
        "name": "Кузнецкстроевский проспект",
        "oneway": "yes",
        "surface": "asphalt"
      },
      "geometry": {
        "type": "LineString",
        "coordinates": [
          [
            87.1362593,
            53.7599468
          ],
          [
            87.1362761,
            53.7600367
          ],
          [
            87.1362841,
            53.7600801
          ],
          [
            87.1362987,
            53.7601064
          ],
          [
            87.136323,
            53.7601333
          ],
          [
            87.1364225,
            53.7602257
          ]
        ]
      },
      "id": "way/144312566"
    },
    {
      "type": "Feature",
      "properties": {
        "@id": "way/144312567",
        "highway": "secondary",
        "name": "Кузнецкстроевский проспект",
        "oneway": "yes",
        "surface": "asphalt"
      },
      "geometry": {
        "type": "LineString",
        "coordinates": [
          [
            87.1359346,
            53.7602048
          ],
          [
            87.1361746,
            53.7601364
          ]
        ]
      },
      "id": "way/144312567"
    },
    {
      "type": "Feature",
      "properties": {
        "@id": "way/144312570",
        "highway": "secondary",
        "name": "улица Орджоникидзе",
        "oneway": "yes"
      },
      "geometry": {
        "type": "LineString",
        "coordinates": [
          [
            87.1210497,
            53.7633558
          ],
          [
            87.1204618,
            53.7633617
          ],
          [
            87.1201311,
            53.7633622
          ],
          [
            87.1188487,
            53.7633681
          ],
          [
            87.1185974,
            53.7633517
          ],
          [
            87.1184105,
            53.7633266
          ],
          [
            87.1183276,
            53.7633163
          ],
          [
            87.1182052,
            53.7633066
          ],
          [
            87.1169061,
            53.7633224
          ],
          [
            87.115909,
            53.7633287
          ],
          [
            87.1155667,
            53.7633301
          ],
          [
            87.1145258,
            53.7633352
          ],
          [
            87.1142627,
            53.7633377
          ],
          [
            87.113199,
            53.7633474
          ],
          [
            87.1117634,
            53.7633453
          ],
          [
            87.1114587,
            53.7633613
          ],
          [
            87.1112251,
            53.7633846
          ],
          [
            87.1110308,
            53.7634197
          ],
          [
            87.1102291,
            53.763602
          ],
          [
            87.1086609,
            53.7639694
          ],
          [
            87.1078929,
            53.7641496
          ],
          [
            87.1074407,
            53.764257
          ],
          [
            87.1058555,
            53.7646236
          ],
          [
            87.1050138,
            53.7648252
          ],
          [
            87.1048342,
            53.7648689
          ],
          [
            87.1037877,
            53.7651148
          ],
          [
            87.1028479,
            53.7653351
          ],
          [
            87.1022173,
            53.7654829
          ],
          [
            87.1020242,
            53.7655323
          ]
        ]
      },
      "id": "way/144312570"
    },
    {
      "type": "Feature",
      "properties": {
        "@id": "way/144312571",
        "highway": "secondary",
        "name": "Пионерский проспект"
      },
      "geometry": {
        "type": "LineString",
        "coordinates": [
          [
            87.1364225,
            53.7602257
          ],
          [
            87.136515,
            53.7602786
          ],
          [
            87.1371807,
            53.7606728
          ],
          [
            87.137642,
            53.7609398
          ],
          [
            87.1377445,
            53.7609986
          ],
          [
            87.1388584,
            53.7616269
          ],
          [
            87.139255,
            53.7618521
          ],
          [
            87.1395841,
            53.7620467
          ],
          [
            87.1401176,
            53.762357
          ],
          [
            87.1403605,
            53.7624968
          ],
          [
            87.1406159,
            53.7626443
          ],
          [
            87.1410274,
            53.7628137
          ],
          [
            87.1413046,
            53.7629095
          ],
          [
            87.1414814,
            53.7629935
          ],
          [
            87.1420925,
            53.7633434
          ]
        ]
      },
      "id": "way/144312571"
    },
    {
      "type": "Feature",
      "properties": {
        "@id": "way/144312572",
        "highway": "secondary",
        "oneway": "yes"
      },
      "geometry": {
        "type": "LineString",
        "coordinates": [
          [
            87.1300952,
            53.7631373
          ],
          [
            87.1302139,
            53.763154
          ],
          [
            87.1303006,
            53.7631751
          ],
          [
            87.1303296,
            53.763185
          ],
          [
            87.1304479,
            53.7631782
          ],
          [
            87.1305206,
            53.763174
          ],
          [
            87.1306709,
            53.7631497
          ]
        ]
      },
      "id": "way/144312572"
    },
    {
      "type": "Feature",
      "properties": {
        "@id": "way/144312573",
        "highway": "secondary",
        "name": "Кузнецкстроевский проспект",
        "oneway": "yes",
        "surface": "asphalt"
      },
      "geometry": {
        "type": "LineString",
        "coordinates": [
          [
            87.1361746,
            53.7601364
          ],
          [
            87.1360981,
            53.7602368
          ],
          [
            87.1354082,
            53.7606419
          ],
          [
            87.134778,
            53.7610119
          ]
        ]
      },
      "id": "way/144312573"
    },
    {
      "type": "Feature",
      "properties": {
        "@id": "way/144312574",
        "highway": "secondary",
        "oneway": "yes"
      },
      "geometry": {
        "type": "LineString",
        "coordinates": [
          [
            87.1307863,
            53.7632478
          ],
          [
            87.1306186,
            53.7632755
          ],
          [
            87.1305556,
            53.7632804
          ],
          [
            87.1304275,
            53.763282
          ],
          [
            87.1300205,
            53.7632678
          ]
        ]
      },
      "id": "way/144312574"
    },
    {
      "type": "Feature",
      "properties": {
        "@id": "way/144315563",
        "bridge": "yes",
        "highway": "secondary",
        "layer": "1",
        "name": "улица Орджоникидзе",
        "oneway": "yes"
      },
      "geometry": {
        "type": "LineString",
        "coordinates": [
          [
            87.1218255,
            53.7633474
          ],
          [
            87.1210497,
            53.7633558
          ]
        ]
      },
      "id": "way/144315563"
    },
    {
      "type": "Feature",
      "properties": {
        "@id": "way/144315567",
        "bridge": "yes",
        "highway": "secondary",
        "layer": "1",
        "name": "улица Орджоникидзе",
        "oneway": "yes"
      },
      "geometry": {
        "type": "LineString",
        "coordinates": [
          [
            87.1210277,
            53.7632234
          ],
          [
            87.1218046,
            53.763214
          ]
        ]
      },
      "id": "way/144315567"
    },
    {
      "type": "Feature",
      "properties": {
        "@id": "way/144315571",
        "highway": "secondary",
        "name": "улица Орджоникидзе",
        "oneway": "yes"
      },
      "geometry": {
        "type": "LineString",
        "coordinates": [
          [
            87.1300205,
            53.7632678
          ],
          [
            87.1298964,
            53.7632615
          ],
          [
            87.1296233,
            53.7632635
          ],
          [
            87.1268604,
            53.7632826
          ],
          [
            87.1264657,
            53.7632857
          ],
          [
            87.1262331,
            53.7632868
          ],
          [
            87.1260401,
            53.7632887
          ],
          [
            87.1253542,
            53.7632971
          ],
          [
            87.124597,
            53.7633058
          ],
          [
            87.1235739,
            53.7633178
          ],
          [
            87.1220009,
            53.7633439
          ],
          [
            87.1218255,
            53.7633474
          ]
        ]
      },
      "id": "way/144315571"
    },
    {
      "type": "Feature",
      "properties": {
        "@id": "way/144315575",
        "highway": "secondary",
        "name": "улица Орджоникидзе",
        "oneway": "yes"
      },
      "geometry": {
        "type": "LineString",
        "coordinates": [
          [
            87.1218046,
            53.763214
          ],
          [
            87.1219439,
            53.7632124
          ],
          [
            87.1237291,
            53.7631914
          ],
          [
            87.1260292,
            53.763173
          ],
          [
            87.1262267,
            53.7631701
          ],
          [
            87.1264611,
            53.763169
          ],
          [
            87.1281232,
            53.7631542
          ],
          [
            87.1298966,
            53.7631412
          ],
          [
            87.1300952,
            53.7631373
          ]
        ]
      },
      "id": "way/144315575"
    },
    {
      "type": "Feature",
      "properties": {
        "@id": "way/144320638",
        "highway": "secondary",
        "lanes": "4",
        "maxspeed": "RU:urban",
        "name": "проспект Металлургов",
        "oneway": "yes",
        "surface": "asphalt",
        "turn:lanes": "left|through|through|through;right"
      },
      "geometry": {
        "type": "LineString",
        "coordinates": [
          [
            87.1184279,
            53.7640022
          ],
          [
            87.1184105,
            53.7633266
          ]
        ]
      },
      "id": "way/144320638"
    },
    {
      "type": "Feature",
      "properties": {
        "@id": "way/144320639",
        "bridge": "yes",
        "highway": "secondary",
        "lanes": "3",
        "layer": "1",
        "maxspeed": "RU:urban",
        "name": "проспект Металлургов",
        "oneway": "yes",
        "surface": "asphalt"
      },
      "geometry": {
        "type": "LineString",
        "coordinates": [
          [
            87.118403,
            53.7625265
          ],
          [
            87.1183918,
            53.7619735
          ]
        ]
      },
      "id": "way/144320639"
    },
    {
      "type": "Feature",
      "properties": {
        "@id": "way/144320640",
        "bridge": "yes",
        "highway": "secondary",
        "lanes": "3",
        "layer": "1",
        "maxspeed": "RU:urban",
        "name": "проспект Металлургов",
        "oneway": "yes",
        "surface": "asphalt"
      },
      "geometry": {
        "type": "LineString",
        "coordinates": [
          [
            87.1185669,
            53.7619714
          ],
          [
            87.1185741,
            53.7625346
          ]
        ]
      },
      "id": "way/144320640"
    },
    {
      "type": "Feature",
      "properties": {
        "@id": "way/144320642",
        "highway": "secondary",
        "lanes": "3",
        "maxspeed": "RU:urban",
        "name": "проспект Металлургов",
        "oneway": "yes",
        "surface": "asphalt",
        "turn:lanes": "through;reverse|through|through;right"
      },
      "geometry": {
        "type": "LineString",
        "coordinates": [
          [
            87.118379,
            53.7616112
          ],
          [
            87.1183601,
            53.7608568
          ],
          [
            87.1183606,
            53.7608041
          ]
        ]
      },
      "id": "way/144320642"
    },
    {
      "type": "Feature",
      "properties": {
        "@id": "way/144320644",
        "highway": "secondary",
        "lanes": "3",
        "maxspeed": "RU:urban",
        "oneway": "yes",
        "surface": "asphalt"
      },
      "geometry": {
        "type": "LineString",
        "coordinates": [
          [
            87.1184105,
            53.7633266
          ],
          [
            87.1184083,
            53.7632913
          ],
          [
            87.1184079,
            53.7632801
          ],
          [
            87.1184068,
            53.763248
          ],
          [
            87.1184082,
            53.7632071
          ],
          [
            87.118403,
            53.7625265
          ]
        ]
      },
      "id": "way/144320644"
    },
    {
      "type": "Feature",
      "properties": {
        "@id": "way/144320648",
        "highway": "secondary",
        "lanes": "3",
        "maxspeed": "RU:urban",
        "name": "проспект Металлургов",
        "oneway": "yes",
        "surface": "asphalt"
      },
      "geometry": {
        "type": "LineString",
        "coordinates": [
          [
            87.1185972,
            53.7632379
          ],
          [
            87.1185981,
            53.7632763
          ],
          [
            87.1185978,
            53.7633067
          ],
          [
            87.1185974,
            53.7633517
          ],
          [
            87.1186081,
            53.7639804
          ],
          [
            87.118633,
            53.7647745
          ]
        ]
      },
      "id": "way/144320648"
    },
    {
      "type": "Feature",
      "properties": {
        "@id": "way/144327794",
        "highway": "secondary",
        "lanes": "4",
        "maxspeed": "60",
        "name": "проспект Курако",
        "name:en": "Kurako avenue",
        "name:ru": "проспект Курако",
        "oneway": "yes"
      },
      "geometry": {
        "type": "LineString",
        "coordinates": [
          [
            87.0987131,
            53.7624686
          ],
          [
            87.0955966,
            53.7648966
          ],
          [
            87.0938176,
            53.7662603
          ]
        ]
      },
      "id": "way/144327794"
    },
    {
      "type": "Feature",
      "properties": {
        "@id": "way/144327795",
        "bridge": "yes",
        "highway": "secondary",
        "lanes": "4",
        "layer": "1",
        "maxspeed": "60",
        "name": "проспект Курако",
        "name:en": "Kurako avenue",
        "name:ru": "проспект Курако",
        "oneway": "yes"
      },
      "geometry": {
        "type": "LineString",
        "coordinates": [
          [
            87.099029,
            53.7622154
          ],
          [
            87.0987131,
            53.7624686
          ]
        ]
      },
      "id": "way/144327795"
    },
    {
      "type": "Feature",
      "properties": {
        "@id": "way/144327808",
        "highway": "secondary",
        "lanes": "4",
        "maxspeed": "60",
        "name": "проспект Курако",
        "name:en": "Kurako avenue",
        "name:ru": "проспект Курако",
        "oneway": "yes"
      },
      "geometry": {
        "type": "LineString",
        "coordinates": [
          [
            87.0935129,
            53.7663665
          ],
          [
            87.0936121,
            53.7662868
          ],
          [
            87.0936391,
            53.7662647
          ],
          [
            87.0937072,
            53.7662116
          ],
          [
            87.0938088,
            53.7661388
          ],
          [
            87.095268,
            53.7649729
          ],
          [
            87.0954538,
            53.7648289
          ],
          [
            87.0967124,
            53.763847
          ],
          [
            87.0985665,
            53.7623864
          ]
        ]
      },
      "id": "way/144327808"
    },
    {
      "type": "Feature",
      "properties": {
        "@id": "way/144327812",
        "highway": "secondary",
        "lanes": "4",
        "maxspeed": "60",
        "name": "проспект Курако",
        "name:en": "Kurako avenue",
        "name:ru": "проспект Курако",
        "oneway": "yes",
        "surface": "asphalt"
      },
      "geometry": {
        "type": "LineString",
        "coordinates": [
          [
            87.0988781,
            53.7621309
          ],
          [
            87.0989846,
            53.7620498
          ],
          [
            87.100728,
            53.7606988
          ],
          [
            87.1009606,
            53.7605156
          ],
          [
            87.1016385,
            53.7599816
          ]
        ]
      },
      "id": "way/144327812"
    },
    {
      "type": "Feature",
      "properties": {
        "@id": "way/144327815",
        "bridge": "yes",
        "highway": "secondary",
        "lanes": "4",
        "layer": "1",
        "maxspeed": "60",
        "name": "проспект Курако",
        "name:en": "Kurako avenue",
        "name:ru": "проспект Курако",
        "oneway": "yes"
      },
      "geometry": {
        "type": "LineString",
        "coordinates": [
          [
            87.0985665,
            53.7623864
          ],
          [
            87.0988781,
            53.7621309
          ]
        ]
      },
      "id": "way/144327815"
    },
    {
      "type": "Feature",
      "properties": {
        "@id": "way/144461947",
        "highway": "secondary",
        "oneway": "yes"
      },
      "geometry": {
        "type": "LineString",
        "coordinates": [
          [
            87.1303296,
            53.763185
          ],
          [
            87.1303617,
            53.7631949
          ],
          [
            87.1305107,
            53.7632355
          ],
          [
            87.1305383,
            53.763256
          ],
          [
            87.1305556,
            53.7632804
          ],
          [
            87.1305633,
            53.7633022
          ],
          [
            87.1305717,
            53.7633395
          ],
          [
            87.1305397,
            53.7633859
          ],
          [
            87.1304967,
            53.7634254
          ]
        ]
      },
      "id": "way/144461947"
    },
    {
      "type": "Feature",
      "properties": {
        "@id": "way/146851800",
        "highway": "secondary",
        "name": "улица Кутузова",
        "name:en": "Kutuzov street",
        "name:ru": "улица Кутузова",
        "oneway": "yes",
        "surface": "asphalt"
      },
      "geometry": {
        "type": "LineString",
        "coordinates": [
          [
            87.132157,
            53.7461174
          ],
          [
            87.1320778,
            53.7461691
          ],
          [
            87.1320383,
            53.7461948
          ],
          [
            87.1319899,
            53.7462263
          ],
          [
            87.1319804,
            53.7462346
          ],
          [
            87.1318843,
            53.7463248
          ]
        ]
      },
      "id": "way/146851800"
    },
    {
      "type": "Feature",
      "properties": {
        "@id": "way/147260261",
        "highway": "secondary",
        "lanes": "3",
        "maxspeed": "40",
        "name": "проспект Металлургов",
        "oneway": "yes",
        "surface": "asphalt"
      },
      "geometry": {
        "type": "LineString",
        "coordinates": [
          [
            87.1183715,
            53.7546762
          ],
          [
            87.1183753,
            53.7548206
          ],
          [
            87.1183861,
            53.755232
          ]
        ]
      },
      "id": "way/147260261"
    },
    {
      "type": "Feature",
      "properties": {
        "@id": "way/147260263",
        "highway": "primary",
        "maxspeed": "60",
        "name": "улица Кирова",
        "name:en": "Kirov street",
        "name:etymology:wikidata": "Q207682",
        "old_ref": "32К-2",
        "surface": "asphalt"
      },
      "geometry": {
        "type": "LineString",
        "coordinates": [
          [
            87.1046721,
            53.7578005
          ],
          [
            87.1044671,
            53.7577331
          ]
        ]
      },
      "id": "way/147260263"
    },
    {
      "type": "Feature",
      "properties": {
        "@id": "way/147260265",
        "highway": "primary",
        "lanes": "4",
        "lanes:backward": "3",
        "lanes:forward": "1",
        "maxspeed": "40",
        "name": "улица Куйбышева",
        "name:etymology:wikidata": "Q443703",
        "old_ref": "32К-2",
        "surface": "asphalt",
        "turn:lanes:backward": "left|through|right"
      },
      "geometry": {
        "type": "LineString",
        "coordinates": [
          [
            87.1044671,
            53.7577331
          ],
          [
            87.1043488,
            53.7576813
          ],
          [
            87.1042654,
            53.7576314
          ],
          [
            87.1042431,
            53.7576161
          ],
          [
            87.1036438,
            53.7570807
          ],
          [
            87.1035499,
            53.7570185
          ],
          [
            87.1034808,
            53.7569903
          ]
        ]
      },
      "id": "way/147260265"
    },
    {
      "type": "Feature",
      "properties": {
        "@id": "way/147268387",
        "highway": "primary",
        "name": "Прокопьевск — Новокузнецк",
        "old_ref": "32К-2",
        "ref": "32К-447",
        "surface": "asphalt"
      },
      "geometry": {
        "type": "LineString",
        "coordinates": [
          [
            86.9966471,
            53.7651361
          ],
          [
            86.9958508,
            53.7663061
          ],
          [
            86.9955879,
            53.7666866
          ],
          [
            86.9953331,
            53.7670401
          ],
          [
            86.9951749,
            53.7673207
          ],
          [
            86.995132,
            53.7673794
          ]
        ]
      },
      "id": "way/147268387"
    },
    {
      "type": "Feature",
      "properties": {
        "@id": "way/147268388",
        "highway": "primary",
        "name": "Прокопьевск — Новокузнецк",
        "old_ref": "32К-2",
        "ref": "32К-447",
        "surface": "asphalt"
      },
      "geometry": {
        "type": "LineString",
        "coordinates": [
          [
            86.9986912,
            53.7619936
          ],
          [
            86.9980663,
            53.7629431
          ],
          [
            86.9978982,
            53.7632029
          ],
          [
            86.9971181,
            53.7644537
          ]
        ]
      },
      "id": "way/147268388"
    },
    {
      "type": "Feature",
      "properties": {
        "@id": "way/147268389",
        "bridge": "yes",
        "highway": "primary",
        "layer": "1",
        "name": "улица Гончарова",
        "old_ref": "32К-2",
        "surface": "asphalt"
      },
      "geometry": {
        "type": "LineString",
        "coordinates": [
          [
            87.0038257,
            53.7541446
          ],
          [
            87.0036116,
            53.75447
          ]
        ]
      },
      "id": "way/147268389"
    },
    {
      "type": "Feature",
      "properties": {
        "@id": "way/147268391",
        "bridge": "yes",
        "highway": "primary",
        "layer": "1",
        "name": "Прокопьевск — Новокузнецк",
        "old_ref": "32К-2",
        "ref": "32К-447",
        "surface": "asphalt"
      },
      "geometry": {
        "type": "LineString",
        "coordinates": [
          [
            86.9971181,
            53.7644537
          ],
          [
            86.9966471,
            53.7651361
          ]
        ]
      },
      "id": "way/147268391"
    },
    {
      "type": "Feature",
      "properties": {
        "@id": "way/147268392",
        "highway": "primary",
        "name": "улица Гончарова",
        "old_ref": "32К-2",
        "surface": "asphalt"
      },
      "geometry": {
        "type": "LineString",
        "coordinates": [
          [
            87.0036116,
            53.75447
          ],
          [
            87.0030552,
            53.7553418
          ],
          [
            87.0027629,
            53.7558031
          ],
          [
            87.0026743,
            53.7559426
          ],
          [
            87.0021813,
            53.7566929
          ],
          [
            87.0019072,
            53.7571067
          ],
          [
            87.0016151,
            53.7575538
          ],
          [
            87.0015491,
            53.7576444
          ],
          [
            87.0015355,
            53.7576716
          ],
          [
            87.0013,
            53.7580484
          ],
          [
            87.0009089,
            53.7586312
          ],
          [
            87.0002923,
            53.7595607
          ]
        ]
      },
      "id": "way/147268392"
    },
    {
      "type": "Feature",
      "properties": {
        "@id": "way/147442941",
        "highway": "secondary",
        "oneway": "yes"
      },
      "geometry": {
        "type": "LineString",
        "coordinates": [
          [
            87.1203056,
            53.746681
          ],
          [
            87.1203589,
            53.7466528
          ],
          [
            87.1204193,
            53.7466401
          ],
          [
            87.1204871,
            53.7466437
          ],
          [
            87.1205346,
            53.7466619
          ],
          [
            87.120573,
            53.7467038
          ]
        ]
      },
      "id": "way/147442941"
    },
    {
      "type": "Feature",
      "properties": {
        "@id": "way/148282072",
        "highway": "secondary",
        "maxspeed": "40",
        "name": "улица Разведчиков"
      },
      "geometry": {
        "type": "LineString",
        "coordinates": [
          [
            87.3034978,
            53.781194
          ],
          [
            87.3040521,
            53.7812864
          ],
          [
            87.3044736,
            53.7813699
          ],
          [
            87.3048764,
            53.7814622
          ],
          [
            87.3058585,
            53.7816958
          ],
          [
            87.3069937,
            53.781963
          ],
          [
            87.3075448,
            53.7820934
          ],
          [
            87.3078288,
            53.782163
          ],
          [
            87.3080257,
            53.7822119
          ]
        ]
      },
      "id": "way/148282072"
    },
    {
      "type": "Feature",
      "properties": {
        "@id": "way/148296805",
        "highway": "primary",
        "lanes": "4",
        "maxspeed": "RU:urban",
        "name": "улица Куйбышева",
        "name:etymology:wikidata": "Q443703",
        "old_ref": "32К-2",
        "surface": "asphalt",
        "turn:lanes:backward": "through|through;right"
      },
      "geometry": {
        "type": "LineString",
        "coordinates": [
          [
            87.0988178,
            53.7570245
          ],
          [
            87.0976252,
            53.7570366
          ],
          [
            87.0965861,
            53.7570465
          ]
        ]
      },
      "id": "way/148296805"
    },
    {
      "type": "Feature",
      "properties": {
        "@id": "way/148432695",
        "highway": "secondary",
        "name": "Мурманская улица",
        "oneway": "yes"
      },
      "geometry": {
        "type": "LineString",
        "coordinates": [
          [
            87.3080645,
            53.7820563
          ],
          [
            87.3080657,
            53.7821316
          ],
          [
            87.3080544,
            53.7821593
          ],
          [
            87.3080257,
            53.7822119
          ],
          [
            87.3079534,
            53.7823167
          ],
          [
            87.307443,
            53.7830548
          ],
          [
            87.3071372,
            53.7835472
          ],
          [
            87.3070806,
            53.7836983
          ],
          [
            87.307057,
            53.78403
          ],
          [
            87.3070922,
            53.785387
          ],
          [
            87.30708,
            53.786758
          ],
          [
            87.3071194,
            53.7882021
          ],
          [
            87.3071005,
            53.7892002
          ],
          [
            87.3071071,
            53.7893952
          ]
        ]
      },
      "id": "way/148432695"
    },
    {
      "type": "Feature",
      "properties": {
        "@id": "way/148651318",
        "highway": "primary",
        "lanes": "2",
        "name": "улица Обнорского",
        "old_ref": "32К-2",
        "oneway": "yes",
        "surface": "asphalt"
      },
      "geometry": {
        "type": "LineString",
        "coordinates": [
          [
            87.2253113,
            53.7753216
          ],
          [
            87.2275503,
            53.774865
          ],
          [
            87.2292908,
            53.7745352
          ],
          [
            87.2299166,
            53.7744374
          ],
          [
            87.2306055,
            53.7743823
          ],
          [
            87.2313079,
            53.7743631
          ],
          [
            87.2318127,
            53.774387
          ],
          [
            87.2324444,
            53.7744343
          ],
          [
            87.2331825,
            53.7745414
          ],
          [
            87.2341471,
            53.7747649
          ],
          [
            87.2371549,
            53.7755925
          ],
          [
            87.2398367,
            53.7762848
          ],
          [
            87.2408349,
            53.7765261
          ],
          [
            87.2567966,
            53.7805371
          ],
          [
            87.2587081,
            53.7810174
          ],
          [
            87.259121,
            53.7811585
          ]
        ]
      },
      "id": "way/148651318"
    },
    {
      "type": "Feature",
      "properties": {
        "@id": "way/148651319",
        "bridge": "viaduct",
        "highway": "primary",
        "layer": "1",
        "name": "улица Обнорского",
        "old_ref": "32К-2",
        "oneway": "yes",
        "surface": "asphalt"
      },
      "geometry": {
        "type": "LineString",
        "coordinates": [
          [
            87.2250552,
            53.7753752
          ],
          [
            87.2253113,
            53.7753216
          ]
        ]
      },
      "id": "way/148651319"
    },
    {
      "type": "Feature",
      "properties": {
        "@id": "way/148651320",
        "bridge": "viaduct",
        "highway": "primary",
        "layer": "1",
        "name": "улица Обнорского",
        "old_ref": "32К-2",
        "oneway": "yes",
        "surface": "asphalt"
      },
      "geometry": {
        "type": "LineString",
        "coordinates": [
          [
            87.2254409,
            53.7754371
          ],
          [
            87.2251864,
            53.7754859
          ]
        ]
      },
      "id": "way/148651320"
    },
    {
      "type": "Feature",
      "properties": {
        "@id": "way/148651321",
        "highway": "primary",
        "name": "улица Обнорского",
        "old_ref": "32К-2",
        "oneway": "yes",
        "surface": "asphalt"
      },
      "geometry": {
        "type": "LineString",
        "coordinates": [
          [
            87.2251864,
            53.7754859
          ],
          [
            87.223411,
            53.7758268
          ],
          [
            87.2231682,
            53.7758723
          ],
          [
            87.2227029,
            53.7759348
          ],
          [
            87.2223979,
            53.7759705
          ],
          [
            87.2222535,
            53.7759742
          ],
          [
            87.2219645,
            53.7759672
          ],
          [
            87.2219495,
            53.7759657
          ]
        ]
      },
      "id": "way/148651321"
    },
    {
      "type": "Feature",
      "properties": {
        "@id": "way/148771460",
        "highway": "secondary",
        "name": "улица Ленина",
        "name:etymology:wikidata": "Q1394"
      },
      "geometry": {
        "type": "LineString",
        "coordinates": [
          [
            87.1943351,
            53.7724602
          ],
          [
            87.1928828,
            53.7718531
          ]
        ]
      },
      "id": "way/148771460"
    },
    {
      "type": "Feature",
      "properties": {
        "@id": "way/148771463",
        "highway": "secondary",
        "name": "улица Ленина",
        "name:etymology:wikidata": "Q1394"
      },
      "geometry": {
        "type": "LineString",
        "coordinates": [
          [
            87.1928828,
            53.7718531
          ],
          [
            87.1920319,
            53.771487
          ],
          [
            87.1905556,
            53.7708372
          ],
          [
            87.1895026,
            53.7703804
          ],
          [
            87.1869144,
            53.7692113
          ],
          [
            87.1868411,
            53.7691782
          ],
          [
            87.1867869,
            53.7691557
          ],
          [
            87.1867278,
            53.769131
          ],
          [
            87.1854232,
            53.7685607
          ]
        ]
      },
      "id": "way/148771463"
    },
    {
      "type": "Feature",
      "properties": {
        "@id": "way/148864102",
        "highway": "primary",
        "lanes": "4",
        "maxspeed": "20",
        "name": "улица Куйбышева",
        "name:etymology:wikidata": "Q443703",
        "old_ref": "32К-2",
        "surface": "asphalt"
      },
      "geometry": {
        "type": "LineString",
        "coordinates": [
          [
            87.1023784,
            53.7569731
          ],
          [
            87.1019388,
            53.7569781
          ],
          [
            87.1017673,
            53.75698
          ],
          [
            87.101415,
            53.756983
          ],
          [
            87.1009758,
            53.7569868
          ],
          [
            87.1003701,
            53.7569902
          ]
        ]
      },
      "id": "way/148864102"
    },
    {
      "type": "Feature",
      "properties": {
        "@id": "way/148929869",
        "highway": "primary",
        "name": "Фесковская улица",
        "old_ref": "32К-2",
        "surface": "asphalt"
      },
      "geometry": {
        "type": "LineString",
        "coordinates": [
          [
            87.3076268,
            53.7790027
          ],
          [
            87.3074309,
            53.7788906
          ],
          [
            87.3066611,
            53.7785197
          ],
          [
            87.3054764,
            53.777965
          ],
          [
            87.3051706,
            53.7778047
          ],
          [
            87.3051054,
            53.7777715
          ],
          [
            87.3047903,
            53.7776108
          ],
          [
            87.304657,
            53.7775343
          ],
          [
            87.3044888,
            53.7774544
          ],
          [
            87.3043799,
            53.7773062
          ],
          [
            87.3041468,
            53.7770231
          ],
          [
            87.3039135,
            53.7767492
          ],
          [
            87.303649,
            53.7765135
          ],
          [
            87.3033701,
            53.7763322
          ],
          [
            87.3030661,
            53.7761674
          ],
          [
            87.3027384,
            53.7760325
          ],
          [
            87.3020618,
            53.7758105
          ],
          [
            87.3013681,
            53.7756121
          ],
          [
            87.3001309,
            53.7752767
          ],
          [
            87.296358,
            53.7742392
          ],
          [
            87.2948983,
            53.7738559
          ],
          [
            87.2940519,
            53.7737079
          ],
          [
            87.2935658,
            53.773681
          ],
          [
            87.2929148,
            53.7736771
          ]
        ]
      },
      "id": "way/148929869"
    },
    {
      "type": "Feature",
      "properties": {
        "@id": "way/149100607",
        "highway": "secondary",
        "name": "улица Герцена",
        "name:etymology:wikidata": "Q201221"
      },
      "geometry": {
        "type": "LineString",
        "coordinates": [
          [
            87.3154378,
            53.7886375
          ],
          [
            87.3162594,
            53.7881409
          ],
          [
            87.3174045,
            53.7873613
          ],
          [
            87.3179545,
            53.7869753
          ],
          [
            87.3186149,
            53.7865101
          ],
          [
            87.3188943,
            53.7863293
          ],
          [
            87.3191624,
            53.7861292
          ],
          [
            87.3195569,
            53.785871
          ],
          [
            87.319867,
            53.7856324
          ],
          [
            87.3203056,
            53.7852301
          ],
          [
            87.3207039,
            53.7849136
          ],
          [
            87.3208415,
            53.7847528
          ],
          [
            87.3208802,
            53.7846168
          ],
          [
            87.3209755,
            53.7839915
          ],
          [
            87.3209972,
            53.7838658
          ]
        ]
      },
      "id": "way/149100607"
    },
    {
      "type": "Feature",
      "properties": {
        "@id": "way/149497206",
        "highway": "secondary",
        "name": "Транспортная улица",
        "oneway": "yes",
        "surface": "asphalt"
      },
      "geometry": {
        "type": "LineString",
        "coordinates": [
          [
            87.120573,
            53.7467038
          ],
          [
            87.1205658,
            53.7467312
          ],
          [
            87.120529,
            53.7467633
          ],
          [
            87.1198791,
            53.7471564
          ],
          [
            87.1192404,
            53.7475404
          ],
          [
            87.1189819,
            53.7476944
          ]
        ]
      },
      "id": "way/149497206"
    },
    {
      "type": "Feature",
      "properties": {
        "@id": "way/149497208",
        "highway": "secondary",
        "name": "Транспортная улица",
        "oneway": "yes",
        "surface": "asphalt"
      },
      "geometry": {
        "type": "LineString",
        "coordinates": [
          [
            87.1203056,
            53.746681
          ],
          [
            87.1203391,
            53.7465583
          ],
          [
            87.1203608,
            53.7464936
          ],
          [
            87.120438,
            53.7461947
          ]
        ]
      },
      "id": "way/149497208"
    },
    {
      "type": "Feature",
      "properties": {
        "@id": "way/149497210",
        "highway": "secondary",
        "name": "Транспортная улица",
        "oneway": "yes",
        "surface": "asphalt"
      },
      "geometry": {
        "type": "LineString",
        "coordinates": [
          [
            87.120438,
            53.7461947
          ],
          [
            87.1204513,
            53.7464155
          ],
          [
            87.1204617,
            53.7464974
          ],
          [
            87.1204737,
            53.74658
          ],
          [
            87.1204871,
            53.7466437
          ]
        ]
      },
      "id": "way/149497210"
    },
    {
      "type": "Feature",
      "properties": {
        "@id": "way/149508384",
        "highway": "primary",
        "name": "Туркменская улица",
        "old_ref": "Р366",
        "ref": "32Р-176",
        "surface": "asphalt"
      },
      "geometry": {
        "type": "LineString",
        "coordinates": [
          [
            87.122943,
            53.7140469
          ],
          [
            87.1229619,
            53.7139951
          ],
          [
            87.1230845,
            53.7136583
          ],
          [
            87.1231211,
            53.7133151
          ],
          [
            87.1231321,
            53.7132117
          ],
          [
            87.1230215,
            53.7126778
          ],
          [
            87.1228871,
            53.7123405
          ],
          [
            87.1227381,
            53.7120924
          ],
          [
            87.1225633,
            53.7118438
          ],
          [
            87.1223208,
            53.7115482
          ],
          [
            87.1221359,
            53.7113455
          ],
          [
            87.1219659,
            53.7111832
          ],
          [
            87.1215748,
            53.7108716
          ],
          [
            87.1211521,
            53.7105694
          ],
          [
            87.1210329,
            53.7104833
          ],
          [
            87.1203902,
            53.7100249
          ],
          [
            87.120056,
            53.709765
          ],
          [
            87.1198574,
            53.7095898
          ],
          [
            87.1196822,
            53.7094228
          ],
          [
            87.11951,
            53.7092468
          ],
          [
            87.1193536,
            53.7090535
          ],
          [
            87.1192592,
            53.7089079
          ],
          [
            87.1191493,
            53.7087237
          ],
          [
            87.1190453,
            53.7085235
          ],
          [
            87.1190058,
            53.7083435
          ],
          [
            87.1189598,
            53.7081477
          ]
        ]
      },
      "id": "way/149508384"
    },
    {
      "type": "Feature",
      "properties": {
        "@id": "way/149508386",
        "highway": "primary",
        "name": "улица Точилино",
        "old_ref": "Р366",
        "ref": "32Р-176",
        "surface": "asphalt"
      },
      "geometry": {
        "type": "LineString",
        "coordinates": [
          [
            87.1110756,
            53.7202007
          ],
          [
            87.1112867,
            53.7200894
          ],
          [
            87.1115949,
            53.7199743
          ],
          [
            87.1121658,
            53.7198728
          ],
          [
            87.1127946,
            53.71981
          ],
          [
            87.113274,
            53.7197886
          ],
          [
            87.1154852,
            53.719709
          ],
          [
            87.1161693,
            53.7196228
          ],
          [
            87.1167275,
            53.7194803
          ],
          [
            87.1176176,
            53.7191727
          ],
          [
            87.1185291,
            53.7187927
          ],
          [
            87.1190016,
            53.7184261
          ],
          [
            87.1200495,
            53.7176273
          ],
          [
            87.1207539,
            53.7169666
          ],
          [
            87.1211133,
            53.7165847
          ],
          [
            87.1220005,
            53.7154562
          ],
          [
            87.1223263,
            53.7150236
          ],
          [
            87.1225858,
            53.7146814
          ],
          [
            87.1226297,
            53.7146027
          ],
          [
            87.12281,
            53.7143299
          ],
          [
            87.122943,
            53.7140469
          ]
        ]
      },
      "id": "way/149508386"
    },
    {
      "type": "Feature",
      "properties": {
        "@id": "way/150044765",
        "highway": "primary",
        "name": "Вокзальная улица",
        "oneway": "yes",
        "surface": "asphalt"
      },
      "geometry": {
        "type": "LineString",
        "coordinates": [
          [
            87.1204852,
            53.7414204
          ],
          [
            87.1203337,
            53.7414771
          ],
          [
            87.1202017,
            53.7415339
          ],
          [
            87.1194808,
            53.7418629
          ],
          [
            87.118383,
            53.7423016
          ],
          [
            87.1182844,
            53.7423394
          ],
          [
            87.1173803,
            53.7427154
          ],
          [
            87.1169438,
            53.7428691
          ]
        ]
      },
      "id": "way/150044765"
    },
    {
      "type": "Feature",
      "properties": {
        "@id": "way/150044766",
        "highway": "primary",
        "old_ref": "32К-2",
        "oneway": "yes",
        "surface": "asphalt"
      },
      "geometry": {
        "type": "LineString",
        "coordinates": [
          [
            87.1705101,
            53.7591267
          ],
          [
            87.17045,
            53.7590575
          ]
        ]
      },
      "id": "way/150044766"
    },
    {
      "type": "Feature",
      "properties": {
        "@id": "way/150044767",
        "highway": "primary",
        "maxspeed": "60",
        "old_ref": "32К-2",
        "oneway": "yes",
        "surface": "asphalt"
      },
      "geometry": {
        "type": "LineString",
        "coordinates": [
          [
            87.1706263,
            53.7590081
          ],
          [
            87.1714626,
            53.7599673
          ],
          [
            87.1719402,
            53.7605625
          ]
        ]
      },
      "id": "way/150044767"
    },
    {
      "type": "Feature",
      "properties": {
        "@id": "way/150045635",
        "highway": "secondary",
        "name": "Вокзальная улица",
        "oneway": "yes"
      },
      "geometry": {
        "type": "LineString",
        "coordinates": [
          [
            87.1169438,
            53.7428691
          ],
          [
            87.1164706,
            53.7430453
          ],
          [
            87.1162627,
            53.7431226
          ]
        ]
      },
      "id": "way/150045635"
    },
    {
      "type": "Feature",
      "properties": {
        "@id": "way/153518979",
        "highway": "secondary",
        "maxspeed": "60",
        "name": "Ильинское шоссе"
      },
      "geometry": {
        "type": "LineString",
        "coordinates": [
          [
            87.0956247,
            53.8680315
          ],
          [
            87.0959695,
            53.8677887
          ],
          [
            87.09669,
            53.8672813
          ],
          [
            87.1017362,
            53.8637279
          ],
          [
            87.1024766,
            53.8631366
          ],
          [
            87.1031051,
            53.8625412
          ],
          [
            87.1033815,
            53.8622267
          ],
          [
            87.1037563,
            53.8617444
          ],
          [
            87.1043139,
            53.8608529
          ],
          [
            87.1047328,
            53.8600164
          ],
          [
            87.1056495,
            53.8578749
          ],
          [
            87.1071481,
            53.8545638
          ],
          [
            87.1090516,
            53.8503009
          ],
          [
            87.1113362,
            53.8452127
          ],
          [
            87.1125631,
            53.84248
          ],
          [
            87.1155601,
            53.8359957
          ],
          [
            87.1156092,
            53.8358794
          ],
          [
            87.1163405,
            53.8341784
          ],
          [
            87.1165596,
            53.8336137
          ],
          [
            87.1167745,
            53.8327243
          ],
          [
            87.1168483,
            53.8320316
          ],
          [
            87.1168944,
            53.8314214
          ],
          [
            87.1168744,
            53.8308084
          ],
          [
            87.1168019,
            53.8295602
          ],
          [
            87.116756,
            53.828836
          ],
          [
            87.1167218,
            53.8285078
          ],
          [
            87.1166698,
            53.8280076
          ],
          [
            87.1166119,
            53.8274514
          ],
          [
            87.1163971,
            53.824991
          ],
          [
            87.1163876,
            53.8242791
          ],
          [
            87.1164678,
            53.8239917
          ],
          [
            87.1168106,
            53.823154
          ],
          [
            87.1175271,
            53.8222093
          ],
          [
            87.1242526,
            53.8148729
          ],
          [
            87.1258239,
            53.8132092
          ],
          [
            87.1271684,
            53.812276
          ],
          [
            87.1306231,
            53.8103957
          ],
          [
            87.1311333,
            53.8100959
          ],
          [
            87.1316562,
            53.8097366
          ],
          [
            87.1320822,
            53.8093762
          ],
          [
            87.1324019,
            53.8090685
          ],
          [
            87.1327266,
            53.8086988
          ],
          [
            87.133015,
            53.8083181
          ],
          [
            87.1333064,
            53.8078896
          ],
          [
            87.1354945,
            53.8046872
          ],
          [
            87.1356836,
            53.8043701
          ],
          [
            87.1358036,
            53.804144
          ],
          [
            87.1359179,
            53.8039044
          ],
          [
            87.1360521,
            53.8035676
          ],
          [
            87.1361293,
            53.8032869
          ],
          [
            87.1361853,
            53.8030568
          ],
          [
            87.1362207,
            53.8028111
          ],
          [
            87.1362371,
            53.8024784
          ],
          [
            87.1361894,
            53.8019144
          ],
          [
            87.1360253,
            53.7999814
          ],
          [
            87.1359606,
            53.799471
          ],
          [
            87.1358779,
            53.79893
          ],
          [
            87.1351629,
            53.7964718
          ],
          [
            87.1345813,
            53.7945583
          ],
          [
            87.1342113,
            53.7936114
          ],
          [
            87.1338118,
            53.7929768
          ],
          [
            87.1332985,
            53.7924049
          ],
          [
            87.1328766,
            53.7920247
          ],
          [
            87.1326587,
            53.7918621
          ],
          [
            87.1324967,
            53.7917413
          ],
          [
            87.132428,
            53.7916955
          ],
          [
            87.1320993,
            53.7914762
          ],
          [
            87.1320435,
            53.7914442
          ],
          [
            87.1316457,
            53.7912163
          ],
          [
            87.1310976,
            53.7909237
          ],
          [
            87.1308616,
            53.7907851
          ],
          [
            87.130668,
            53.7906698
          ],
          [
            87.1303596,
            53.7904884
          ],
          [
            87.1302346,
            53.7904179
          ],
          [
            87.1300416,
            53.7903094
          ]
        ]
      },
      "id": "way/153518979"
    },
    {
      "type": "Feature",
      "properties": {
        "@id": "way/153777461",
        "highway": "secondary",
        "lanes": "4",
        "lanes:backward": "2",
        "lanes:forward": "2",
        "maxspeed": "60",
        "name": "улица Тольятти",
        "surface": "asphalt"
      },
      "geometry": {
        "type": "LineString",
        "coordinates": [
          [
            87.1459762,
            53.7609841
          ],
          [
            87.1458269,
            53.7610746
          ],
          [
            87.1451828,
            53.7614653
          ]
        ]
      },
      "id": "way/153777461"
    },
    {
      "type": "Feature",
      "properties": {
        "@id": "way/153777462",
        "highway": "secondary",
        "lanes": "4",
        "lanes:backward": "2",
        "lanes:forward": "2",
        "maxspeed": "60",
        "name": "улица Тольятти"
      },
      "geometry": {
        "type": "LineString",
        "coordinates": [
          [
            87.147375,
            53.7601478
          ],
          [
            87.1459762,
            53.7609841
          ]
        ]
      },
      "id": "way/153777462"
    },
    {
      "type": "Feature",
      "properties": {
        "@id": "way/154485274",
        "highway": "secondary",
        "lanes": "4",
        "lanes:backward": "2",
        "lanes:forward": "2",
        "maxspeed": "60",
        "name": "улица Тольятти",
        "surface": "asphalt"
      },
      "geometry": {
        "type": "LineString",
        "coordinates": [
          [
            87.1451828,
            53.7614653
          ],
          [
            87.1442162,
            53.7620552
          ]
        ]
      },
      "id": "way/154485274"
    },
    {
      "type": "Feature",
      "properties": {
        "@id": "way/154716179",
        "highway": "secondary",
        "oneway": "yes"
      },
      "geometry": {
        "type": "LineString",
        "coordinates": [
          [
            87.1255985,
            53.7435893
          ],
          [
            87.1259112,
            53.7433942
          ],
          [
            87.1260988,
            53.7432463
          ]
        ]
      },
      "id": "way/154716179"
    },
    {
      "type": "Feature",
      "properties": {
        "@id": "way/154716181",
        "highway": "primary",
        "lanes": "4",
        "oneway": "yes",
        "surface": "asphalt"
      },
      "geometry": {
        "type": "LineString",
        "coordinates": [
          [
            87.1275304,
            53.7426843
          ],
          [
            87.1272688,
            53.7428229
          ],
          [
            87.126992,
            53.7430652
          ],
          [
            87.1269375,
            53.74312
          ],
          [
            87.126878,
            53.7431825
          ]
        ]
      },
      "id": "way/154716181"
    },
    {
      "type": "Feature",
      "properties": {
        "@id": "way/155241387",
        "highway": "secondary",
        "lanes": "4",
        "lanes:backward": "2",
        "lanes:forward": "2",
        "maxspeed": "60",
        "name": "улица Тольятти",
        "surface": "asphalt"
      },
      "geometry": {
        "type": "LineString",
        "coordinates": [
          [
            87.1498618,
            53.759475
          ],
          [
            87.1496344,
            53.7595372
          ],
          [
            87.149332,
            53.7596024
          ],
          [
            87.1480478,
            53.7598578
          ],
          [
            87.1478716,
            53.7599019
          ],
          [
            87.14773,
            53.7599502
          ],
          [
            87.1475364,
            53.7600454
          ],
          [
            87.1474228,
            53.7601139
          ],
          [
            87.147375,
            53.7601478
          ]
        ]
      },
      "id": "way/155241387"
    },
    {
      "type": "Feature",
      "properties": {
        "@id": "way/155268032",
        "highway": "primary",
        "lanes": "4",
        "maxspeed": "40",
        "name": "улица Куйбышева",
        "name:etymology:wikidata": "Q443703",
        "old_ref": "32К-2",
        "surface": "asphalt"
      },
      "geometry": {
        "type": "LineString",
        "coordinates": [
          [
            87.1034808,
            53.7569903
          ],
          [
            87.1033689,
            53.7569678
          ],
          [
            87.1030273,
            53.7569661
          ],
          [
            87.1029136,
            53.7569663
          ],
          [
            87.1023784,
            53.7569731
          ]
        ]
      },
      "id": "way/155268032"
    },
    {
      "type": "Feature",
      "properties": {
        "@id": "way/156459737",
        "highway": "primary",
        "lanes": "4",
        "maxspeed": "RU:urban",
        "name": "улица Куйбышева",
        "name:etymology:wikidata": "Q443703",
        "old_ref": "32К-2",
        "surface": "asphalt",
        "turn:lanes:forward": "left;through|through;right"
      },
      "geometry": {
        "type": "LineString",
        "coordinates": [
          [
            87.0927245,
            53.7570784
          ],
          [
            87.0921918,
            53.7570823
          ],
          [
            87.092048,
            53.7570831
          ]
        ]
      },
      "id": "way/156459737"
    },
    {
      "type": "Feature",
      "properties": {
        "@id": "way/156483843",
        "highway": "secondary",
        "oneway": "yes"
      },
      "geometry": {
        "type": "LineString",
        "coordinates": [
          [
            87.1086518,
            53.7500364
          ],
          [
            87.1080666,
            53.7504627
          ]
        ]
      },
      "id": "way/156483843"
    },
    {
      "type": "Feature",
      "properties": {
        "@id": "way/156483847",
        "highway": "secondary",
        "oneway": "yes"
      },
      "geometry": {
        "type": "LineString",
        "coordinates": [
          [
            87.107516,
            53.7500637
          ],
          [
            87.1077841,
            53.7502216
          ]
        ]
      },
      "id": "way/156483847"
    },
    {
      "type": "Feature",
      "properties": {
        "@id": "way/156483849",
        "highway": "primary",
        "name": "улица Кирова",
        "name:en": "Kirov street",
        "name:etymology:wikidata": "Q207682",
        "name:ru": "улица Кирова",
        "old_ref": "32К-2",
        "oneway": "yes",
        "surface": "asphalt"
      },
      "geometry": {
        "type": "LineString",
        "coordinates": [
          [
            87.1350076,
            53.7575883
          ],
          [
            87.1353585,
            53.7575199
          ]
        ]
      },
      "id": "way/156483849"
    },
    {
      "type": "Feature",
      "properties": {
        "@id": "way/156483852",
        "highway": "primary",
        "lanes": "6",
        "maxspeed": "60",
        "name": "улица Кирова",
        "name:etymology:wikidata": "Q207682",
        "old_ref": "32К-2",
        "surface": "asphalt"
      },
      "geometry": {
        "type": "LineString",
        "coordinates": [
          [
            87.142188,
            53.75752
          ],
          [
            87.1394723,
            53.7575488
          ]
        ]
      },
      "id": "way/156483852"
    },
    {
      "type": "Feature",
      "properties": {
        "@id": "way/156483853",
        "highway": "secondary",
        "name": "проспект Бардина",
        "name:en": "Bardin street",
        "name:ru": "проспект Бардина",
        "oneway": "yes",
        "surface": "asphalt"
      },
      "geometry": {
        "type": "LineString",
        "coordinates": [
          [
            87.1352616,
            53.7571113
          ],
          [
            87.1357378,
            53.7571943
          ]
        ]
      },
      "id": "way/156483853"
    },
    {
      "type": "Feature",
      "properties": {
        "@id": "way/156483855",
        "highway": "primary",
        "name": "улица Кирова",
        "name:etymology:wikidata": "Q207682",
        "old_ref": "32К-2",
        "oneway": "yes",
        "surface": "asphalt"
      },
      "geometry": {
        "type": "LineString",
        "coordinates": [
          [
            87.1372023,
            53.7575769
          ],
          [
            87.136794,
            53.7576959
          ]
        ]
      },
      "id": "way/156483855"
    },
    {
      "type": "Feature",
      "properties": {
        "@id": "way/156487043",
        "highway": "secondary",
        "maxspeed": "20",
        "name": "Кузнецкстроевский проспект",
        "oneway": "yes",
        "surface": "asphalt"
      },
      "geometry": {
        "type": "LineString",
        "coordinates": [
          [
            87.1330838,
            53.7618294
          ],
          [
            87.133212,
            53.7617563
          ],
          [
            87.1333623,
            53.7616706
          ]
        ]
      },
      "id": "way/156487043"
    },
    {
      "type": "Feature",
      "properties": {
        "@id": "way/156487045",
        "highway": "secondary",
        "maxspeed": "20",
        "name": "Кузнецкстроевский проспект",
        "oneway": "yes"
      },
      "geometry": {
        "type": "LineString",
        "coordinates": [
          [
            87.1334814,
            53.7617377
          ],
          [
            87.133321,
            53.761827
          ],
          [
            87.1332105,
            53.7618885
          ]
        ]
      },
      "id": "way/156487045"
    },
    {
      "type": "Feature",
      "properties": {
        "@id": "way/156487046",
        "highway": "secondary",
        "name": "Кузнецкстроевский проспект",
        "oneway": "yes",
        "surface": "asphalt"
      },
      "geometry": {
        "type": "LineString",
        "coordinates": [
          [
            87.1333623,
            53.7616706
          ],
          [
            87.1337998,
            53.7614254
          ]
        ]
      },
      "id": "way/156487046"
    },
    {
      "type": "Feature",
      "properties": {
        "@id": "way/156487047",
        "highway": "secondary",
        "name": "Кузнецкстроевский проспект",
        "oneway": "yes"
      },
      "geometry": {
        "type": "LineString",
        "coordinates": [
          [
            87.1321054,
            53.7625038
          ],
          [
            87.1307863,
            53.7632478
          ],
          [
            87.1304967,
            53.7634254
          ],
          [
            87.1302355,
            53.7635837
          ],
          [
            87.1294068,
            53.764066
          ]
        ]
      },
      "id": "way/156487047"
    },
    {
      "type": "Feature",
      "properties": {
        "@id": "way/156742954",
        "highway": "secondary",
        "lanes": "3",
        "maxspeed": "RU:urban",
        "name": "проспект Металлургов",
        "oneway": "yes",
        "surface": "asphalt"
      },
      "geometry": {
        "type": "LineString",
        "coordinates": [
          [
            87.1182144,
            53.7577316
          ],
          [
            87.1182124,
            53.7576057
          ],
          [
            87.1182007,
            53.7568682
          ],
          [
            87.1181898,
            53.7559025
          ],
          [
            87.1181862,
            53.7557859
          ],
          [
            87.118173,
            53.7552342
          ]
        ]
      },
      "id": "way/156742954"
    },
    {
      "type": "Feature",
      "properties": {
        "@id": "way/156742956",
        "highway": "secondary",
        "lanes": "3",
        "maxspeed": "RU:urban",
        "name": "проспект Металлургов",
        "oneway": "yes",
        "surface": "asphalt"
      },
      "geometry": {
        "type": "LineString",
        "coordinates": [
          [
            87.1184385,
            53.7577229
          ],
          [
            87.1184464,
            53.75787
          ],
          [
            87.1184833,
            53.7587971
          ],
          [
            87.1185034,
            53.7596886
          ]
        ]
      },
      "id": "way/156742956"
    },
    {
      "type": "Feature",
      "properties": {
        "@id": "way/156742957",
        "highway": "primary",
        "lanes": "2",
        "maxspeed": "RU:urban",
        "name": "улица Кирова",
        "name:en": "Kirov street",
        "name:etymology:wikidata": "Q207682",
        "name:ru": "улица Кирова",
        "old_ref": "32К-2",
        "surface": "asphalt"
      },
      "geometry": {
        "type": "LineString",
        "coordinates": [
          [
            87.1182144,
            53.7577316
          ],
          [
            87.1179939,
            53.757734
          ],
          [
            87.1175935,
            53.7577383
          ],
          [
            87.1170102,
            53.7577446
          ],
          [
            87.1164339,
            53.7577508
          ],
          [
            87.115877,
            53.7577568
          ],
          [
            87.1151985,
            53.757764
          ],
          [
            87.1150621,
            53.7577654
          ],
          [
            87.1140755,
            53.7577781
          ],
          [
            87.112688,
            53.7577907
          ],
          [
            87.1113939,
            53.7578093
          ],
          [
            87.1105806,
            53.7578186
          ],
          [
            87.1104266,
            53.7578148
          ],
          [
            87.110247,
            53.7578095
          ],
          [
            87.109917,
            53.7578071
          ],
          [
            87.1092944,
            53.757807
          ],
          [
            87.1084435,
            53.7578158
          ],
          [
            87.1078338,
            53.7578221
          ]
        ]
      },
      "id": "way/156742957"
    },
    {
      "type": "Feature",
      "properties": {
        "@id": "way/156814760",
        "highway": "primary",
        "maxspeed": "60",
        "name": "Музейная улица",
        "surface": "asphalt"
      },
      "geometry": {
        "type": "LineString",
        "coordinates": [
          [
            87.0988892,
            53.7694795
          ],
          [
            87.0986872,
            53.7693248
          ],
          [
            87.0984552,
            53.7690338
          ],
          [
            87.0980757,
            53.7685401
          ],
          [
            87.0977876,
            53.7682699
          ],
          [
            87.0973788,
            53.7680641
          ],
          [
            87.096509,
            53.7676853
          ],
          [
            87.0954387,
            53.7672227
          ],
          [
            87.0950539,
            53.7670546
          ]
        ]
      },
      "id": "way/156814760"
    },
    {
      "type": "Feature",
      "properties": {
        "@id": "way/157030716",
        "highway": "secondary",
        "name": "Кузнецкстроевский проспект",
        "oneway": "yes",
        "surface": "asphalt"
      },
      "geometry": {
        "type": "LineString",
        "coordinates": [
          [
            87.134671,
            53.7609357
          ],
          [
            87.1359346,
            53.7602048
          ],
          [
            87.1359774,
            53.7601341
          ],
          [
            87.1359977,
            53.7600827
          ],
          [
            87.1360083,
            53.7600573
          ],
          [
            87.1360139,
            53.7600368
          ],
          [
            87.1360444,
            53.7599253
          ]
        ]
      },
      "id": "way/157030716"
    },
    {
      "type": "Feature",
      "properties": {
        "@id": "way/159490497",
        "highway": "secondary",
        "oneway": "yes"
      },
      "geometry": {
        "type": "LineString",
        "coordinates": [
          [
            87.2666904,
            53.7773611
          ],
          [
            87.2667356,
            53.777408
          ],
          [
            87.266763,
            53.7774329
          ],
          [
            87.2668242,
            53.7774723
          ],
          [
            87.2668608,
            53.7774897
          ],
          [
            87.2669216,
            53.7775195
          ],
          [
            87.2670261,
            53.7775557
          ],
          [
            87.2671231,
            53.7775917
          ],
          [
            87.2672117,
            53.7776271
          ],
          [
            87.2676283,
            53.777828
          ],
          [
            87.2680003,
            53.7780112
          ],
          [
            87.2684342,
            53.7782613
          ],
          [
            87.2686708,
            53.7783941
          ],
          [
            87.2688378,
            53.7784948
          ],
          [
            87.2689834,
            53.7785898
          ],
          [
            87.2691344,
            53.7786959
          ],
          [
            87.2694536,
            53.7789359
          ],
          [
            87.2700896,
            53.7793929
          ],
          [
            87.2706809,
            53.7798313
          ],
          [
            87.271293,
            53.7802561
          ],
          [
            87.2714867,
            53.780367
          ],
          [
            87.2716771,
            53.7804724
          ],
          [
            87.2718769,
            53.7805675
          ],
          [
            87.2720756,
            53.780654
          ],
          [
            87.2722726,
            53.7807276
          ],
          [
            87.2724498,
            53.7807828
          ],
          [
            87.2727231,
            53.7808534
          ],
          [
            87.2730623,
            53.7809361
          ],
          [
            87.2734118,
            53.7809933
          ],
          [
            87.2737465,
            53.7810213
          ],
          [
            87.2741062,
            53.7810376
          ],
          [
            87.2744745,
            53.7810502
          ],
          [
            87.2748844,
            53.7810546
          ],
          [
            87.2770094,
            53.7810186
          ],
          [
            87.2788308,
            53.7809918
          ],
          [
            87.2796781,
            53.780975
          ],
          [
            87.2802499,
            53.7809664
          ]
        ]
      },
      "id": "way/159490497"
    },
    {
      "type": "Feature",
      "properties": {
        "@id": "way/160557005",
        "highway": "secondary",
        "name": "улица Обнорского"
      },
      "geometry": {
        "type": "LineString",
        "coordinates": [
          [
            87.21856,
            53.7759386
          ],
          [
            87.2174883,
            53.7759078
          ],
          [
            87.2152839,
            53.7758117
          ],
          [
            87.2127836,
            53.7757082
          ],
          [
            87.2123881,
            53.7756842
          ],
          [
            87.2121657,
            53.7756705
          ],
          [
            87.2120638,
            53.7756561
          ],
          [
            87.2119571,
            53.7756311
          ],
          [
            87.2117115,
            53.7755215
          ],
          [
            87.211454,
            53.7753936
          ],
          [
            87.2109654,
            53.7751657
          ],
          [
            87.2108599,
            53.775129
          ],
          [
            87.2107352,
            53.7750901
          ],
          [
            87.2105584,
            53.7750465
          ],
          [
            87.2103548,
            53.7750113
          ],
          [
            87.2096304,
            53.7748884
          ],
          [
            87.2091478,
            53.7748065
          ],
          [
            87.2085816,
            53.7747017
          ],
          [
            87.2059826,
            53.7742984
          ],
          [
            87.2045313,
            53.7740733
          ],
          [
            87.2041366,
            53.774012
          ],
          [
            87.2039364,
            53.7739809
          ],
          [
            87.2037791,
            53.7739566
          ]
        ]
      },
      "id": "way/160557005"
    },
    {
      "type": "Feature",
      "properties": {
        "@id": "way/160557006",
        "hgv": "no",
        "highway": "secondary",
        "name": "Мурманская улица"
      },
      "geometry": {
        "type": "LineString",
        "coordinates": [
          [
            87.3095955,
            53.779969
          ],
          [
            87.308879,
            53.7810096
          ],
          [
            87.308381,
            53.7816838
          ],
          [
            87.3081815,
            53.7819237
          ],
          [
            87.3081426,
            53.7819699
          ]
        ]
      },
      "id": "way/160557006"
    },
    {
      "type": "Feature",
      "properties": {
        "@id": "way/160575363",
        "highway": "secondary",
        "maxspeed": "60",
        "name": "Заводское шоссе"
      },
      "geometry": {
        "type": "LineString",
        "coordinates": [
          [
            87.1460551,
            53.7834003
          ],
          [
            87.1457056,
            53.7834385
          ]
        ]
      },
      "id": "way/160575363"
    },
    {
      "type": "Feature",
      "properties": {
        "@id": "way/160575617",
        "highway": "secondary",
        "lanes": "4",
        "maxspeed": "60",
        "name": "Заводское шоссе",
        "surface": "asphalt"
      },
      "geometry": {
        "type": "LineString",
        "coordinates": [
          [
            87.1457716,
            53.7835551
          ],
          [
            87.1466271,
            53.7849444
          ],
          [
            87.146706,
            53.7850673
          ],
          [
            87.1471219,
            53.7857151
          ],
          [
            87.1472447,
            53.7859092
          ],
          [
            87.1477039,
            53.7865551
          ],
          [
            87.1483873,
            53.7872824
          ],
          [
            87.1510455,
            53.7895739
          ],
          [
            87.1512315,
            53.7897473
          ],
          [
            87.1532517,
            53.7914465
          ],
          [
            87.1535084,
            53.7916769
          ],
          [
            87.1537138,
            53.7918612
          ],
          [
            87.1546897,
            53.7927607
          ]
        ]
      },
      "id": "way/160575617"
    },
    {
      "type": "Feature",
      "properties": {
        "@id": "way/160577179",
        "highway": "secondary",
        "lanes": "4",
        "maxspeed": "RU:urban",
        "name": "Заводское шоссе",
        "surface": "asphalt"
      },
      "geometry": {
        "type": "LineString",
        "coordinates": [
          [
            87.1452737,
            53.7828391
          ],
          [
            87.1455028,
            53.7831029
          ],
          [
            87.1457056,
            53.7834385
          ]
        ]
      },
      "id": "way/160577179"
    },
    {
      "type": "Feature",
      "properties": {
        "@id": "way/160577406",
        "highway": "secondary",
        "oneway": "yes"
      },
      "geometry": {
        "type": "LineString",
        "coordinates": [
          [
            87.1334649,
            53.781172
          ],
          [
            87.133357,
            53.7812601
          ],
          [
            87.1332563,
            53.7813109
          ]
        ]
      },
      "id": "way/160577406"
    },
    {
      "type": "Feature",
      "properties": {
        "@id": "way/162110253",
        "highway": "secondary",
        "name": "Кузнецкстроевский проспект",
        "oneway": "yes",
        "surface": "asphalt"
      },
      "geometry": {
        "type": "LineString",
        "coordinates": [
          [
            87.1337998,
            53.7614254
          ],
          [
            87.134671,
            53.7609357
          ]
        ]
      },
      "id": "way/162110253"
    },
    {
      "type": "Feature",
      "properties": {
        "@id": "way/162110257",
        "highway": "secondary",
        "name": "Кузнецкстроевский проспект",
        "oneway": "yes",
        "surface": "asphalt"
      },
      "geometry": {
        "type": "LineString",
        "coordinates": [
          [
            87.134778,
            53.7610119
          ],
          [
            87.1339196,
            53.7614931
          ]
        ]
      },
      "id": "way/162110257"
    },
    {
      "type": "Feature",
      "properties": {
        "@id": "way/162110260",
        "highway": "secondary",
        "maxspeed": "40",
        "name": "Кузнецкстроевский проспект",
        "oneway": "yes"
      },
      "geometry": {
        "type": "LineString",
        "coordinates": [
          [
            87.1324976,
            53.7621486
          ],
          [
            87.1330838,
            53.7618294
          ]
        ]
      },
      "id": "way/162110260"
    },
    {
      "type": "Feature",
      "properties": {
        "@id": "way/162110265",
        "highway": "secondary",
        "maxspeed": "40",
        "name": "Кузнецкстроевский проспект",
        "oneway": "yes",
        "surface": "asphalt"
      },
      "geometry": {
        "type": "LineString",
        "coordinates": [
          [
            87.1339196,
            53.7614931
          ],
          [
            87.1334814,
            53.7617377
          ]
        ]
      },
      "id": "way/162110265"
    },
    {
      "type": "Feature",
      "properties": {
        "@id": "way/162236271",
        "highway": "secondary",
        "maxspeed": "60",
        "oneway": "yes"
      },
      "geometry": {
        "type": "LineString",
        "coordinates": [
          [
            87.0957034,
            53.8710288
          ],
          [
            87.0963135,
            53.8713226
          ],
          [
            87.0974726,
            53.8719003
          ],
          [
            87.0990777,
            53.8726993
          ],
          [
            87.100476,
            53.8733953
          ],
          [
            87.1015538,
            53.8739318
          ],
          [
            87.1028782,
            53.8746021
          ],
          [
            87.105429,
            53.8758396
          ],
          [
            87.1089571,
            53.8776054
          ],
          [
            87.1112786,
            53.8787535
          ],
          [
            87.1123915,
            53.879303
          ],
          [
            87.112807,
            53.8794861
          ],
          [
            87.1133345,
            53.8797524
          ],
          [
            87.114198,
            53.8801805
          ],
          [
            87.1160136,
            53.8810901
          ],
          [
            87.1179125,
            53.8820182
          ],
          [
            87.1185252,
            53.8822969
          ],
          [
            87.1191625,
            53.8825384
          ],
          [
            87.1197531,
            53.8827283
          ],
          [
            87.1204847,
            53.8829163
          ],
          [
            87.1212249,
            53.883068
          ],
          [
            87.1225634,
            53.8833353
          ],
          [
            87.1240525,
            53.8836292
          ],
          [
            87.126993,
            53.8841679
          ],
          [
            87.1291157,
            53.8845684
          ],
          [
            87.1310148,
            53.8849116
          ],
          [
            87.1321579,
            53.8851314
          ],
          [
            87.1324172,
            53.8851601
          ],
          [
            87.1327497,
            53.8850856
          ]
        ]
      },
      "id": "way/162236271"
    },
    {
      "type": "Feature",
      "properties": {
        "@id": "way/162236273",
        "highway": "secondary",
        "maxspeed": "60",
        "name": "Ильинское шоссе",
        "oneway": "yes"
      },
      "geometry": {
        "type": "LineString",
        "coordinates": [
          [
            87.1324315,
            53.8853663
          ],
          [
            87.1322942,
            53.885329
          ],
          [
            87.1320832,
            53.885251
          ],
          [
            87.1269238,
            53.884287
          ],
          [
            87.1239106,
            53.8837196
          ],
          [
            87.1210013,
            53.8831542
          ],
          [
            87.1204482,
            53.8830398
          ],
          [
            87.1199353,
            53.8829068
          ],
          [
            87.1195004,
            53.8827834
          ],
          [
            87.1190012,
            53.8826172
          ],
          [
            87.1182616,
            53.8823313
          ],
          [
            87.1177703,
            53.8821084
          ],
          [
            87.114516,
            53.8804765
          ],
          [
            87.1142847,
            53.8803807
          ],
          [
            87.1140534,
            53.8803327
          ]
        ]
      },
      "id": "way/162236273"
    },
    {
      "type": "Feature",
      "properties": {
        "@id": "way/162236275",
        "highway": "secondary",
        "junction": "roundabout",
        "maxspeed": "60"
      },
      "geometry": {
        "type": "LineString",
        "coordinates": [
          [
            87.1133345,
            53.8797524
          ],
          [
            87.1133716,
            53.8799262
          ],
          [
            87.1133206,
            53.8800306
          ],
          [
            87.1130704,
            53.8801907
          ],
          [
            87.1128389,
            53.8801864
          ],
          [
            87.1119196,
            53.8797683
          ]
        ]
      },
      "id": "way/162236275"
    },
    {
      "type": "Feature",
      "properties": {
        "@id": "way/162236276",
        "highway": "secondary",
        "lanes": "2",
        "maxspeed": "60",
        "name": "Бызовское шоссе",
        "oneway": "yes",
        "surface": "asphalt"
      },
      "geometry": {
        "type": "LineString",
        "coordinates": [
          [
            87.1429709,
            53.8848015
          ],
          [
            87.140474,
            53.8855139
          ],
          [
            87.1394191,
            53.8857959
          ],
          [
            87.1388664,
            53.8859198
          ],
          [
            87.1383715,
            53.8859998
          ],
          [
            87.1380468,
            53.8860359
          ],
          [
            87.1376562,
            53.8860642
          ],
          [
            87.1374021,
            53.886072
          ],
          [
            87.1370977,
            53.8860667
          ],
          [
            87.1366451,
            53.8860443
          ],
          [
            87.1361296,
            53.8859935
          ],
          [
            87.1353642,
            53.8858619
          ],
          [
            87.1344593,
            53.88569
          ],
          [
            87.1336437,
            53.8855356
          ],
          [
            87.133476,
            53.8855161
          ],
          [
            87.1332809,
            53.8855182
          ]
        ]
      },
      "id": "way/162236276"
    },
    {
      "type": "Feature",
      "properties": {
        "@id": "way/162248347",
        "highway": "secondary",
        "lanes": "2",
        "maxspeed": "60",
        "name": "улица Павловского",
        "oneway": "yes"
      },
      "geometry": {
        "type": "LineString",
        "coordinates": [
          [
            87.1353322,
            53.771377
          ],
          [
            87.1353294,
            53.771235
          ],
          [
            87.1353145,
            53.7711092
          ],
          [
            87.1352613,
            53.7709582
          ],
          [
            87.1351634,
            53.7708399
          ],
          [
            87.1349744,
            53.7706394
          ]
        ]
      },
      "id": "way/162248347"
    },
    {
      "type": "Feature",
      "properties": {
        "@id": "way/163793017",
        "highway": "primary",
        "oneway": "yes",
        "surface": "asphalt"
      },
      "geometry": {
        "type": "LineString",
        "coordinates": [
          [
            87.1774174,
            53.7545048
          ],
          [
            87.177077,
            53.7541197
          ]
        ]
      },
      "id": "way/163793017"
    },
    {
      "type": "Feature",
      "properties": {
        "@id": "way/163793024",
        "highway": "primary",
        "lanes": "4",
        "maxspeed": "60",
        "oneway": "yes",
        "surface": "asphalt"
      },
      "geometry": {
        "type": "LineString",
        "coordinates": [
          [
            87.1765943,
            53.7531414
          ],
          [
            87.1772332,
            53.753537
          ]
        ]
      },
      "id": "way/163793024"
    },
    {
      "type": "Feature",
      "properties": {
        "@id": "way/163793033",
        "highway": "primary",
        "lanes": "4",
        "name": "Ноградская улица",
        "surface": "asphalt"
      },
      "geometry": {
        "type": "LineString",
        "coordinates": [
          [
            87.1347292,
            53.7728123
          ],
          [
            87.1347913,
            53.7727757
          ]
        ]
      },
      "id": "way/163793033"
    },
    {
      "type": "Feature",
      "properties": {
        "@id": "way/165175615",
        "highway": "secondary",
        "name": "Мурманская улица",
        "oneway": "yes"
      },
      "geometry": {
        "type": "LineString",
        "coordinates": [
          [
            87.306846,
            53.7893955
          ],
          [
            87.3068271,
            53.7892499
          ],
          [
            87.3068207,
            53.7881902
          ],
          [
            87.3068372,
            53.7867834
          ],
          [
            87.3068608,
            53.7853863
          ],
          [
            87.3068645,
            53.7840282
          ],
          [
            87.3068807,
            53.783682
          ],
          [
            87.3069242,
            53.7835042
          ],
          [
            87.3072373,
            53.7830057
          ],
          [
            87.3077374,
            53.7822807
          ],
          [
            87.3078288,
            53.782163
          ],
          [
            87.3078944,
            53.7821206
          ],
          [
            87.3079318,
            53.7821007
          ]
        ]
      },
      "id": "way/165175615"
    },
    {
      "type": "Feature",
      "properties": {
        "@id": "way/165175617",
        "highway": "secondary",
        "name": "улица Обнорского",
        "oneway": "yes"
      },
      "geometry": {
        "type": "LineString",
        "coordinates": [
          [
            87.1944957,
            53.7725272
          ],
          [
            87.1949919,
            53.7726046
          ],
          [
            87.1954974,
            53.7726855
          ]
        ]
      },
      "id": "way/165175617"
    },
    {
      "type": "Feature",
      "properties": {
        "@id": "way/165175619",
        "highway": "secondary",
        "maxspeed": "60",
        "name": "Пойменное шоссе",
        "oneway": "yes"
      },
      "geometry": {
        "type": "LineString",
        "coordinates": [
          [
            87.1595131,
            53.7995974
          ],
          [
            87.1595762,
            53.7991363
          ],
          [
            87.1595809,
            53.7988454
          ]
        ]
      },
      "id": "way/165175619"
    },
    {
      "type": "Feature",
      "properties": {
        "@id": "way/165175620",
        "highway": "secondary",
        "lanes": "2",
        "maxspeed": "60",
        "name": "Пойменное шоссе",
        "surface": "asphalt"
      },
      "geometry": {
        "type": "LineString",
        "coordinates": [
          [
            87.1595131,
            53.7995974
          ],
          [
            87.1593841,
            53.7998228
          ],
          [
            87.1593274,
            53.7999245
          ],
          [
            87.1592116,
            53.8000454
          ],
          [
            87.1589063,
            53.8002279
          ],
          [
            87.1585974,
            53.8003937
          ],
          [
            87.1581079,
            53.8006916
          ],
          [
            87.1578367,
            53.8008738
          ],
          [
            87.1576499,
            53.8010773
          ],
          [
            87.1574522,
            53.8012773
          ],
          [
            87.1573102,
            53.8013936
          ],
          [
            87.1571787,
            53.8014865
          ]
        ]
      },
      "id": "way/165175620"
    },
    {
      "type": "Feature",
      "properties": {
        "@id": "way/178582220",
        "highway": "secondary",
        "lanes": "2",
        "surface": "asphalt"
      },
      "geometry": {
        "type": "LineString",
        "coordinates": [
          [
            87.2396314,
            53.7903724
          ],
          [
            87.2379267,
            53.7916624
          ]
        ]
      },
      "id": "way/178582220"
    },
    {
      "type": "Feature",
      "properties": {
        "@id": "way/181974972",
        "covered": "yes",
        "highway": "secondary",
        "layer": "-1",
        "maxspeed": "60",
        "name": "Северное шоссе",
        "tunnel": "yes"
      },
      "geometry": {
        "type": "LineString",
        "coordinates": [
          [
            87.2270451,
            53.880779
          ],
          [
            87.2273368,
            53.8808858
          ]
        ]
      },
      "id": "way/181974972"
    },
    {
      "type": "Feature",
      "properties": {
        "@id": "way/181974973",
        "highway": "secondary",
        "maxspeed": "60",
        "name": "Северное шоссе"
      },
      "geometry": {
        "type": "LineString",
        "coordinates": [
          [
            87.2273368,
            53.8808858
          ],
          [
            87.2281737,
            53.8811346
          ],
          [
            87.2317833,
            53.8825868
          ],
          [
            87.2354147,
            53.8840917
          ],
          [
            87.2450949,
            53.888045
          ],
          [
            87.2460763,
            53.888443
          ],
          [
            87.253031,
            53.8912632
          ],
          [
            87.2657554,
            53.8964226
          ],
          [
            87.2708602,
            53.8984922
          ],
          [
            87.2751975,
            53.9002548
          ],
          [
            87.278679,
            53.901696
          ],
          [
            87.2794253,
            53.9020293
          ],
          [
            87.2802937,
            53.9025873
          ],
          [
            87.2807926,
            53.9029286
          ],
          [
            87.281453,
            53.9035239
          ],
          [
            87.2822214,
            53.9043605
          ],
          [
            87.283168,
            53.9055418
          ],
          [
            87.2837722,
            53.9061402
          ],
          [
            87.2841534,
            53.9064271
          ],
          [
            87.284577,
            53.9067103
          ],
          [
            87.2850117,
            53.9069722
          ],
          [
            87.2854912,
            53.9072174
          ],
          [
            87.2860524,
            53.907432
          ],
          [
            87.2866452,
            53.9075964
          ],
          [
            87.2872601,
            53.90772
          ],
          [
            87.2916015,
            53.9083307
          ],
          [
            87.293788,
            53.9086273
          ],
          [
            87.2959228,
            53.9089035
          ],
          [
            87.2967949,
            53.9089151
          ],
          [
            87.2976472,
            53.9088184
          ],
          [
            87.2985126,
            53.9086575
          ],
          [
            87.2988987,
            53.9085993
          ],
          [
            87.2992949,
            53.9084761
          ],
          [
            87.2996432,
            53.9082537
          ],
          [
            87.2999407,
            53.9079607
          ],
          [
            87.3037147,
            53.9046416
          ],
          [
            87.3075417,
            53.901329
          ]
        ]
      },
      "id": "way/181974973"
    },
    {
      "type": "Feature",
      "properties": {
        "@id": "way/190257239",
        "highway": "secondary",
        "lanes": "2",
        "surface": "asphalt"
      },
      "geometry": {
        "type": "LineString",
        "coordinates": [
          [
            87.2379267,
            53.7916624
          ],
          [
            87.2377309,
            53.791593
          ],
          [
            87.2369235,
            53.7912781
          ]
        ]
      },
      "id": "way/190257239"
    },
    {
      "type": "Feature",
      "properties": {
        "@id": "way/190257240",
        "highway": "secondary",
        "lanes": "2",
        "name": "Кузнецкое шоссе",
        "surface": "asphalt"
      },
      "geometry": {
        "type": "LineString",
        "coordinates": [
          [
            87.2396314,
            53.7903724
          ],
          [
            87.2403562,
            53.7899997
          ],
          [
            87.2408969,
            53.7897569
          ],
          [
            87.2411399,
            53.7896477
          ],
          [
            87.2429281,
            53.7888504
          ],
          [
            87.244157,
            53.7883022
          ],
          [
            87.2446958,
            53.7880618
          ],
          [
            87.2454048,
            53.7877247
          ],
          [
            87.2465927,
            53.7871983
          ],
          [
            87.2495923,
            53.7859094
          ],
          [
            87.2520878,
            53.7847927
          ],
          [
            87.2543564,
            53.7837763
          ],
          [
            87.2561409,
            53.7831025
          ],
          [
            87.2561622,
            53.7830936
          ],
          [
            87.2562899,
            53.7830403
          ],
          [
            87.2566526,
            53.7828888
          ],
          [
            87.257071,
            53.7827119
          ],
          [
            87.2588291,
            53.7819758
          ],
          [
            87.2588614,
            53.7819269
          ],
          [
            87.2588683,
            53.7818733
          ],
          [
            87.2588791,
            53.7817698
          ],
          [
            87.2588763,
            53.7817467
          ],
          [
            87.2588718,
            53.78171
          ],
          [
            87.2588598,
            53.7816121
          ],
          [
            87.2588458,
            53.7814977
          ]
        ]
      },
      "id": "way/190257240"
    },
    {
      "type": "Feature",
      "properties": {
        "@id": "way/216205109",
        "highway": "secondary",
        "lanes": "2",
        "maxspeed": "60",
        "name": "проспект Дружбы",
        "oneway": "yes"
      },
      "geometry": {
        "type": "LineString",
        "coordinates": [
          [
            87.1666524,
            53.7566983
          ],
          [
            87.1668748,
            53.7568467
          ],
          [
            87.1669999,
            53.7569322
          ],
          [
            87.1671595,
            53.7570075
          ]
        ]
      },
      "id": "way/216205109"
    },
    {
      "type": "Feature",
      "properties": {
        "@id": "way/216205111",
        "highway": "secondary",
        "name": "проспект Дружбы",
        "oneway": "yes",
        "surface": "asphalt"
      },
      "geometry": {
        "type": "LineString",
        "coordinates": [
          [
            87.1667608,
            53.7570458
          ],
          [
            87.1667429,
            53.7569168
          ],
          [
            87.1667345,
            53.7568793
          ],
          [
            87.1666524,
            53.7566983
          ]
        ]
      },
      "id": "way/216205111"
    },
    {
      "type": "Feature",
      "properties": {
        "@id": "way/216972149",
        "highway": "primary",
        "lanes": "6",
        "maxspeed": "60",
        "name": "улица Кирова",
        "name:etymology:wikidata": "Q207682",
        "old_ref": "32К-2",
        "surface": "asphalt"
      },
      "geometry": {
        "type": "LineString",
        "coordinates": [
          [
            87.1462317,
            53.7574902
          ],
          [
            87.1460157,
            53.7574918
          ]
        ]
      },
      "id": "way/216972149"
    },
    {
      "type": "Feature",
      "properties": {
        "@id": "way/221826593",
        "highway": "primary",
        "name": "Пролетарская улица",
        "old_ref": "Р366",
        "oneway": "yes",
        "surface": "asphalt"
      },
      "geometry": {
        "type": "LineString",
        "coordinates": [
          [
            87.1166565,
            53.7427056
          ],
          [
            87.1166757,
            53.7425815
          ],
          [
            87.1166946,
            53.742459
          ],
          [
            87.1166793,
            53.7415875
          ],
          [
            87.1167107,
            53.7410043
          ],
          [
            87.116762,
            53.7405384
          ],
          [
            87.1167803,
            53.7402625
          ],
          [
            87.1167079,
            53.7374886
          ],
          [
            87.1167082,
            53.7371762
          ],
          [
            87.1164855,
            53.7367335
          ],
          [
            87.1157307,
            53.7352567
          ],
          [
            87.1156763,
            53.7351676
          ],
          [
            87.1155278,
            53.7348575
          ],
          [
            87.1153515,
            53.7345401
          ],
          [
            87.1150766,
            53.7340304
          ],
          [
            87.1148547,
            53.7337023
          ],
          [
            87.1144861,
            53.7331919
          ],
          [
            87.11397,
            53.7325604
          ],
          [
            87.1130572,
            53.7314351
          ],
          [
            87.1121135,
            53.730337
          ],
          [
            87.1115359,
            53.7295944
          ],
          [
            87.1102548,
            53.7280013
          ],
          [
            87.1102176,
            53.7279552
          ],
          [
            87.1101554,
            53.7278743
          ],
          [
            87.1100043,
            53.7276778
          ],
          [
            87.1099227,
            53.7274997
          ],
          [
            87.1099857,
            53.7273166
          ],
          [
            87.1102936,
            53.7270407
          ],
          [
            87.1105273,
            53.7268807
          ],
          [
            87.110584,
            53.7268441
          ],
          [
            87.1109227,
            53.7265746
          ]
        ]
      },
      "id": "way/221826593"
    },
    {
      "type": "Feature",
      "properties": {
        "@id": "way/227665569",
        "highway": "primary",
        "lanes": "6",
        "maxspeed": "60",
        "name": "улица Кирова",
        "name:etymology:wikidata": "Q207682",
        "old_ref": "32К-2",
        "surface": "asphalt"
      },
      "geometry": {
        "type": "LineString",
        "coordinates": [
          [
            87.1445057,
            53.7575061
          ],
          [
            87.1428032,
            53.7575155
          ]
        ]
      },
      "id": "way/227665569"
    },
    {
      "type": "Feature",
      "properties": {
        "@id": "way/228212107",
        "highway": "secondary",
        "oneway": "yes"
      },
      "geometry": {
        "type": "LineString",
        "coordinates": [
          [
            86.9994686,
            53.6948413
          ],
          [
            86.9991614,
            53.6948989
          ]
        ]
      },
      "id": "way/228212107"
    },
    {
      "type": "Feature",
      "properties": {
        "@id": "way/237765560",
        "highway": "secondary",
        "lanes": "2",
        "maxspeed": "60",
        "name": "проспект Дружбы",
        "surface": "asphalt"
      },
      "geometry": {
        "type": "LineString",
        "coordinates": [
          [
            87.1515346,
            53.7480324
          ],
          [
            87.1518528,
            53.7482159
          ],
          [
            87.1537896,
            53.7493067
          ],
          [
            87.1547599,
            53.7498586
          ],
          [
            87.1562061,
            53.7506837
          ],
          [
            87.1571445,
            53.7512242
          ],
          [
            87.1578938,
            53.7516597
          ],
          [
            87.158041,
            53.7517465
          ]
        ]
      },
      "id": "way/237765560"
    },
    {
      "type": "Feature",
      "properties": {
        "@id": "way/240356950",
        "highway": "primary",
        "name": "Пролетарская улица",
        "old_ref": "Р366",
        "ref": "32Р-176",
        "surface": "asphalt"
      },
      "geometry": {
        "type": "LineString",
        "coordinates": [
          [
            87.1109227,
            53.7265746
          ],
          [
            87.1109743,
            53.7264879
          ],
          [
            87.111166,
            53.7262563
          ]
        ]
      },
      "id": "way/240356950"
    },
    {
      "type": "Feature",
      "properties": {
        "@id": "way/240356952",
        "highway": "primary",
        "name": "Вокзальная улица",
        "surface": "asphalt"
      },
      "geometry": {
        "type": "LineString",
        "coordinates": [
          [
            87.1204852,
            53.7414204
          ],
          [
            87.1210062,
            53.741227
          ],
          [
            87.1214524,
            53.7410721
          ],
          [
            87.1217806,
            53.7409808
          ],
          [
            87.1220181,
            53.7409286
          ]
        ]
      },
      "id": "way/240356952"
    },
    {
      "type": "Feature",
      "properties": {
        "@id": "way/245165521",
        "highway": "primary",
        "name": "2-й Андреевский переулок",
        "old_ref": "Р366",
        "surface": "asphalt"
      },
      "geometry": {
        "type": "LineString",
        "coordinates": [
          [
            87.1250047,
            53.7421854
          ],
          [
            87.1248953,
            53.741969
          ],
          [
            87.1247496,
            53.7415925
          ],
          [
            87.124369,
            53.7408755
          ],
          [
            87.1242106,
            53.7407053
          ],
          [
            87.124012,
            53.7406004
          ]
        ]
      },
      "id": "way/245165521"
    },
    {
      "type": "Feature",
      "properties": {
        "@id": "way/264402397",
        "highway": "primary",
        "lanes": "6",
        "maxspeed": "60",
        "name": "улица Кирова",
        "name:etymology:wikidata": "Q207682",
        "old_ref": "32К-2",
        "surface": "asphalt"
      },
      "geometry": {
        "type": "LineString",
        "coordinates": [
          [
            87.1631921,
            53.7572987
          ],
          [
            87.1611268,
            53.7573177
          ]
        ]
      },
      "id": "way/264402397"
    },
    {
      "type": "Feature",
      "properties": {
        "@id": "way/264402398",
        "highway": "primary",
        "lanes": "6",
        "maxspeed": "60",
        "name": "улица Кирова",
        "name:etymology:wikidata": "Q207682",
        "old_ref": "32К-2",
        "surface": "asphalt"
      },
      "geometry": {
        "type": "LineString",
        "coordinates": [
          [
            87.1642298,
            53.7572936
          ],
          [
            87.1634593,
            53.7572963
          ]
        ]
      },
      "id": "way/264402398"
    },
    {
      "type": "Feature",
      "properties": {
        "@id": "way/264402399",
        "highway": "secondary",
        "lanes": "4",
        "lanes:backward": "2",
        "lanes:forward": "2",
        "maxspeed": "60",
        "name": "улица Тольятти",
        "surface": "asphalt"
      },
      "geometry": {
        "type": "LineString",
        "coordinates": [
          [
            87.152908,
            53.757771
          ],
          [
            87.1517107,
            53.7584802
          ],
          [
            87.1515383,
            53.7585852
          ],
          [
            87.1513991,
            53.7586675
          ],
          [
            87.1510212,
            53.7588919
          ],
          [
            87.1503957,
            53.7592661
          ]
        ]
      },
      "id": "way/264402399"
    },
    {
      "type": "Feature",
      "properties": {
        "@id": "way/264415235",
        "highway": "primary",
        "lanes": "6",
        "maxspeed": "60",
        "name": "улица Кирова",
        "name:etymology:wikidata": "Q207682",
        "old_ref": "32К-2",
        "surface": "asphalt"
      },
      "geometry": {
        "type": "LineString",
        "coordinates": [
          [
            87.1460157,
            53.7574918
          ],
          [
            87.1455564,
            53.7574952
          ]
        ]
      },
      "id": "way/264415235"
    },
    {
      "type": "Feature",
      "properties": {
        "@id": "way/264415236",
        "highway": "primary",
        "lanes": "6",
        "maxspeed": "60",
        "name": "улица Кирова",
        "name:etymology:wikidata": "Q207682",
        "old_ref": "32К-2",
        "surface": "asphalt"
      },
      "geometry": {
        "type": "LineString",
        "coordinates": [
          [
            87.1455564,
            53.7574952
          ],
          [
            87.1445057,
            53.7575061
          ]
        ]
      },
      "id": "way/264415236"
    },
    {
      "type": "Feature",
      "properties": {
        "@id": "way/264415237",
        "highway": "primary",
        "lanes": "6",
        "maxspeed": "60",
        "name": "улица Кирова",
        "name:etymology:wikidata": "Q207682",
        "old_ref": "32К-2",
        "surface": "asphalt"
      },
      "geometry": {
        "type": "LineString",
        "coordinates": [
          [
            87.1428032,
            53.7575155
          ],
          [
            87.142188,
            53.75752
          ]
        ]
      },
      "id": "way/264415237"
    },
    {
      "type": "Feature",
      "properties": {
        "@id": "way/264415238",
        "highway": "secondary",
        "maxspeed": "60",
        "name": "улица Тольятти"
      },
      "geometry": {
        "type": "LineString",
        "coordinates": [
          [
            87.1355849,
            53.7673558
          ],
          [
            87.1353192,
            53.7675086
          ]
        ]
      },
      "id": "way/264415238"
    },
    {
      "type": "Feature",
      "properties": {
        "@id": "way/264548819",
        "highway": "primary",
        "lanes": "6",
        "maxspeed": "60",
        "name": "улица Кирова",
        "name:etymology:wikidata": "Q207682",
        "old_ref": "32К-2",
        "surface": "asphalt"
      },
      "geometry": {
        "type": "LineString",
        "coordinates": [
          [
            87.1493425,
            53.7574553
          ],
          [
            87.1487055,
            53.7574605
          ]
        ]
      },
      "id": "way/264548819"
    },
    {
      "type": "Feature",
      "properties": {
        "@id": "way/264548821",
        "highway": "primary",
        "lanes": "6",
        "maxspeed": "60",
        "name": "улица Кирова",
        "name:etymology:wikidata": "Q207682",
        "old_ref": "32К-2",
        "surface": "asphalt"
      },
      "geometry": {
        "type": "LineString",
        "coordinates": [
          [
            87.1561194,
            53.7573949
          ],
          [
            87.1560498,
            53.7573968
          ]
        ]
      },
      "id": "way/264548821"
    },
    {
      "type": "Feature",
      "properties": {
        "@id": "way/264548822",
        "highway": "primary",
        "lanes": "6",
        "maxspeed": "60",
        "name": "улица Кирова",
        "name:etymology:wikidata": "Q207682",
        "old_ref": "32К-2",
        "surface": "asphalt"
      },
      "geometry": {
        "type": "LineString",
        "coordinates": [
          [
            87.1569855,
            53.7573812
          ],
          [
            87.1561194,
            53.7573949
          ]
        ]
      },
      "id": "way/264548822"
    },
    {
      "type": "Feature",
      "properties": {
        "@id": "way/264548823",
        "highway": "primary",
        "lanes": "6",
        "maxspeed": "60",
        "name": "улица Кирова",
        "name:etymology:wikidata": "Q207682",
        "old_ref": "32К-2",
        "surface": "asphalt"
      },
      "geometry": {
        "type": "LineString",
        "coordinates": [
          [
            87.1503349,
            53.7574472
          ],
          [
            87.1493425,
            53.7574553
          ]
        ]
      },
      "id": "way/264548823"
    },
    {
      "type": "Feature",
      "properties": {
        "@id": "way/319575080",
        "highway": "secondary",
        "name": "улица Разведчиков",
        "oneway": "yes"
      },
      "geometry": {
        "type": "LineString",
        "coordinates": [
          [
            87.3080645,
            53.7820563
          ],
          [
            87.3083389,
            53.7821209
          ],
          [
            87.3127688,
            53.7831666
          ],
          [
            87.3129707,
            53.7832143
          ],
          [
            87.313047,
            53.7832388
          ],
          [
            87.3131402,
            53.7832866
          ],
          [
            87.3131706,
            53.7832962
          ],
          [
            87.3132618,
            53.7833152
          ],
          [
            87.313491,
            53.783357
          ],
          [
            87.3136842,
            53.7833842
          ],
          [
            87.3138235,
            53.7833962
          ],
          [
            87.3141125,
            53.7834054
          ],
          [
            87.3142451,
            53.7834087
          ],
          [
            87.3149211,
            53.783453
          ]
        ]
      },
      "id": "way/319575080"
    },
    {
      "type": "Feature",
      "properties": {
        "@id": "way/362697955",
        "highway": "primary",
        "lanes": "6",
        "name": "улица Кирова",
        "name:etymology:wikidata": "Q207682",
        "old_ref": "32К-2",
        "surface": "asphalt"
      },
      "geometry": {
        "type": "LineString",
        "coordinates": [
          [
            87.1484287,
            53.7574647
          ],
          [
            87.1476055,
            53.7574718
          ]
        ]
      },
      "id": "way/362697955"
    },
    {
      "type": "Feature",
      "properties": {
        "@id": "way/403011846",
        "highway": "primary",
        "old_ref": "32К-2",
        "surface": "asphalt"
      },
      "geometry": {
        "type": "LineString",
        "coordinates": [
          [
            87.3131096,
            53.774486
          ],
          [
            87.3128459,
            53.7748736
          ]
        ]
      },
      "id": "way/403011846"
    },
    {
      "type": "Feature",
      "properties": {
        "@id": "way/430330296",
        "highway": "secondary",
        "name": "Кузнецкстроевский проспект",
        "oneway": "yes"
      },
      "geometry": {
        "type": "LineString",
        "coordinates": [
          [
            87.1332105,
            53.7618885
          ],
          [
            87.1321054,
            53.7625038
          ]
        ]
      },
      "id": "way/430330296"
    },
    {
      "type": "Feature",
      "properties": {
        "@id": "way/430330297",
        "highway": "secondary",
        "name": "Кузнецкстроевский проспект",
        "oneway": "yes"
      },
      "geometry": {
        "type": "LineString",
        "coordinates": [
          [
            87.1294068,
            53.764066
          ],
          [
            87.1287315,
            53.764456
          ],
          [
            87.1286522,
            53.7645018
          ],
          [
            87.1280303,
            53.7648485
          ],
          [
            87.1279508,
            53.7649069
          ],
          [
            87.1278807,
            53.764971
          ],
          [
            87.1276894,
            53.765258
          ],
          [
            87.1275489,
            53.7654687
          ],
          [
            87.1273362,
            53.765803
          ]
        ]
      },
      "id": "way/430330297"
    },
    {
      "type": "Feature",
      "properties": {
        "@id": "way/430330311",
        "highway": "secondary",
        "lanes": "3",
        "maxspeed": "RU:urban",
        "name": "проспект Металлургов",
        "oneway": "yes",
        "surface": "asphalt"
      },
      "geometry": {
        "type": "LineString",
        "coordinates": [
          [
            87.1183042,
            53.7596791
          ],
          [
            87.1182829,
            53.7589111
          ]
        ]
      },
      "id": "way/430330311"
    },
    {
      "type": "Feature",
      "properties": {
        "@id": "way/430330312",
        "highway": "secondary",
        "lanes": "3",
        "maxspeed": "RU:urban",
        "name": "проспект Металлургов",
        "oneway": "yes",
        "surface": "asphalt",
        "turn:lanes": "through|through|through;right"
      },
      "geometry": {
        "type": "LineString",
        "coordinates": [
          [
            87.1182829,
            53.7589111
          ],
          [
            87.1182299,
            53.7578722
          ],
          [
            87.1182144,
            53.7577316
          ]
        ]
      },
      "id": "way/430330312"
    },
    {
      "type": "Feature",
      "properties": {
        "@id": "way/430330313",
        "highway": "primary",
        "lanes": "4",
        "maxspeed": "40",
        "name": "улица Куйбышева",
        "name:etymology:wikidata": "Q443703",
        "old_ref": "32К-2",
        "surface": "asphalt",
        "turn:lanes:forward": "left|through;right"
      },
      "geometry": {
        "type": "LineString",
        "coordinates": [
          [
            87.1003701,
            53.7569902
          ],
          [
            87.0988178,
            53.7570245
          ]
        ]
      },
      "id": "way/430330313"
    },
    {
      "type": "Feature",
      "properties": {
        "@id": "way/430330326",
        "highway": "secondary",
        "lanes": "4",
        "maxspeed": "60",
        "name": "улица Павловского"
      },
      "geometry": {
        "type": "LineString",
        "coordinates": [
          [
            87.1332774,
            53.7696499
          ],
          [
            87.1325554,
            53.7692182
          ]
        ]
      },
      "id": "way/430330326"
    },
    {
      "type": "Feature",
      "properties": {
        "@id": "way/430330327",
        "highway": "secondary",
        "lanes": "4",
        "maxspeed": "60",
        "name": "улица Павловского"
      },
      "geometry": {
        "type": "LineString",
        "coordinates": [
          [
            87.134303,
            53.7702414
          ],
          [
            87.1332774,
            53.7696499
          ]
        ]
      },
      "id": "way/430330327"
    },
    {
      "type": "Feature",
      "properties": {
        "@id": "way/430330328",
        "highway": "secondary",
        "lanes": "4",
        "maxspeed": "60",
        "name": "улица Павловского"
      },
      "geometry": {
        "type": "LineString",
        "coordinates": [
          [
            87.1349744,
            53.7706394
          ],
          [
            87.1344722,
            53.7703431
          ]
        ]
      },
      "id": "way/430330328"
    },
    {
      "type": "Feature",
      "properties": {
        "@id": "way/430330330",
        "highway": "secondary",
        "lanes": "4",
        "maxspeed": "60",
        "name": "улица Павловского"
      },
      "geometry": {
        "type": "LineString",
        "coordinates": [
          [
            87.1325554,
            53.7692182
          ],
          [
            87.1314843,
            53.7686454
          ]
        ]
      },
      "id": "way/430330330"
    },
    {
      "type": "Feature",
      "properties": {
        "@id": "way/430330332",
        "highway": "secondary",
        "lanes": "4",
        "maxspeed": "60",
        "name": "улица Павловского"
      },
      "geometry": {
        "type": "LineString",
        "coordinates": [
          [
            87.1314843,
            53.7686454
          ],
          [
            87.1307436,
            53.7682208
          ],
          [
            87.1304879,
            53.7680742
          ]
        ]
      },
      "id": "way/430330332"
    },
    {
      "type": "Feature",
      "properties": {
        "@id": "way/430330335",
        "highway": "secondary",
        "lanes": "4",
        "maxspeed": "60",
        "name": "улица Павловского"
      },
      "geometry": {
        "type": "LineString",
        "coordinates": [
          [
            87.1304879,
            53.7680742
          ],
          [
            87.1297993,
            53.7676764
          ]
        ]
      },
      "id": "way/430330335"
    },
    {
      "type": "Feature",
      "properties": {
        "@id": "way/430330338",
        "highway": "secondary",
        "lanes": "4",
        "maxspeed": "60",
        "name": "улица Павловского"
      },
      "geometry": {
        "type": "LineString",
        "coordinates": [
          [
            87.1297993,
            53.7676764
          ],
          [
            87.1283906,
            53.7668564
          ],
          [
            87.1275624,
            53.7663972
          ]
        ]
      },
      "id": "way/430330338"
    },
    {
      "type": "Feature",
      "properties": {
        "@id": "way/430330342",
        "highway": "secondary",
        "lanes": "4",
        "lanes:backward": "2",
        "lanes:forward": "2",
        "maxspeed": "60",
        "name": "улица Тольятти"
      },
      "geometry": {
        "type": "LineString",
        "coordinates": [
          [
            87.1353192,
            53.7675086
          ],
          [
            87.1336522,
            53.7685398
          ],
          [
            87.1325554,
            53.7692182
          ]
        ]
      },
      "id": "way/430330342"
    },
    {
      "type": "Feature",
      "properties": {
        "@id": "way/430330343",
        "highway": "secondary",
        "lanes": "4",
        "lanes:backward": "2",
        "lanes:forward": "2",
        "maxspeed": "60",
        "name": "улица Тольятти"
      },
      "geometry": {
        "type": "LineString",
        "coordinates": [
          [
            87.1442162,
            53.7620552
          ],
          [
            87.1436817,
            53.7623778
          ],
          [
            87.1420925,
            53.7633434
          ]
        ]
      },
      "id": "way/430330343"
    },
    {
      "type": "Feature",
      "properties": {
        "@id": "way/430330344",
        "highway": "secondary",
        "lanes": "4",
        "lanes:backward": "2",
        "lanes:forward": "2",
        "maxspeed": "60",
        "name": "улица Тольятти"
      },
      "geometry": {
        "type": "LineString",
        "coordinates": [
          [
            87.1420925,
            53.7633434
          ],
          [
            87.1398891,
            53.7647089
          ]
        ]
      },
      "id": "way/430330344"
    },
    {
      "type": "Feature",
      "properties": {
        "@id": "way/430330345",
        "highway": "secondary",
        "lanes": "4",
        "lanes:backward": "2",
        "lanes:forward": "2",
        "maxspeed": "60",
        "name": "улица Тольятти"
      },
      "geometry": {
        "type": "LineString",
        "coordinates": [
          [
            87.1398891,
            53.7647089
          ],
          [
            87.139033,
            53.7652444
          ],
          [
            87.1355849,
            53.7673558
          ]
        ]
      },
      "id": "way/430330345"
    },
    {
      "type": "Feature",
      "properties": {
        "@id": "way/439668847",
        "highway": "primary",
        "maxspeed": "RU:rural",
        "name": "Обход г. Новокузнецка",
        "ref": "32К-178",
        "surface": "asphalt"
      },
      "geometry": {
        "type": "LineString",
        "coordinates": [
          [
            86.9991614,
            53.6948989
          ],
          [
            86.9997924,
            53.6944539
          ]
        ]
      },
      "id": "way/439668847"
    },
    {
      "type": "Feature",
      "properties": {
        "@id": "way/439668848",
        "highway": "primary",
        "maxspeed": "RU:rural",
        "name": "Обход г. Новокузнецка",
        "ref": "32К-178",
        "surface": "asphalt"
      },
      "geometry": {
        "type": "LineString",
        "coordinates": [
          [
            86.9997924,
            53.6944539
          ],
          [
            87.0002082,
            53.6940992
          ],
          [
            87.0005275,
            53.6938057
          ],
          [
            87.0007913,
            53.6934915
          ],
          [
            87.000968,
            53.6932712
          ],
          [
            87.0011764,
            53.6929438
          ],
          [
            87.0013138,
            53.6926381
          ],
          [
            87.0014024,
            53.6924143
          ],
          [
            87.0014771,
            53.6921968
          ],
          [
            87.0015273,
            53.6919793
          ],
          [
            87.0015669,
            53.6917889
          ],
          [
            87.0015982,
            53.6914876
          ]
        ]
      },
      "id": "way/439668848"
    },
    {
      "type": "Feature",
      "properties": {
        "@id": "way/472986482",
        "highway": "primary",
        "name": "Туркменская улица",
        "old_ref": "Р366",
        "ref": "32Р-176",
        "surface": "asphalt"
      },
      "geometry": {
        "type": "LineString",
        "coordinates": [
          [
            87.1211686,
            53.7037009
          ],
          [
            87.1215844,
            53.7034956
          ],
          [
            87.1226289,
            53.7029705
          ],
          [
            87.1239409,
            53.7022794
          ],
          [
            87.1247161,
            53.7019112
          ],
          [
            87.1248701,
            53.7018432
          ],
          [
            87.1250493,
            53.701764
          ],
          [
            87.1252999,
            53.701676
          ],
          [
            87.1258478,
            53.7015126
          ],
          [
            87.1264461,
            53.7013562
          ],
          [
            87.1269408,
            53.7012403
          ]
        ]
      },
      "id": "way/472986482"
    },
    {
      "type": "Feature",
      "properties": {
        "@id": "way/547824412",
        "highway": "secondary",
        "lanes": "3",
        "maxspeed": "RU:urban",
        "oneway": "yes",
        "surface": "asphalt",
        "turn:lanes": "left|left|through"
      },
      "geometry": {
        "type": "LineString",
        "coordinates": [
          [
            87.1184117,
            53.747839
          ],
          [
            87.1188349,
            53.7476136
          ]
        ]
      },
      "id": "way/547824412"
    },
    {
      "type": "Feature",
      "properties": {
        "@id": "way/547824413",
        "highway": "secondary",
        "lanes": "3",
        "maxspeed": "RU:urban",
        "oneway": "yes",
        "surface": "asphalt"
      },
      "geometry": {
        "type": "LineString",
        "coordinates": [
          [
            87.1189819,
            53.7476944
          ],
          [
            87.118543,
            53.7479519
          ],
          [
            87.1184002,
            53.7480356
          ]
        ]
      },
      "id": "way/547824413"
    },
    {
      "type": "Feature",
      "properties": {
        "@id": "way/582335363",
        "highway": "secondary"
      },
      "geometry": {
        "type": "LineString",
        "coordinates": [
          [
            87.036502,
            53.740863
          ],
          [
            87.0364418,
            53.740899
          ],
          [
            87.036403,
            53.7409291
          ],
          [
            87.0363895,
            53.7409441
          ],
          [
            87.0358845,
            53.7414321
          ],
          [
            87.0349114,
            53.7420697
          ],
          [
            87.0346322,
            53.7422225
          ],
          [
            87.034559,
            53.7422626
          ]
        ]
      },
      "id": "way/582335363"
    },
    {
      "type": "Feature",
      "properties": {
        "@id": "way/596110910",
        "highway": "primary",
        "name": "Нижнепролетарская улица",
        "old_ref": "Р366",
        "oneway": "yes",
        "surface": "asphalt"
      },
      "geometry": {
        "type": "LineString",
        "coordinates": [
          [
            87.1109227,
            53.7265746
          ],
          [
            87.1107124,
            53.7268849
          ],
          [
            87.1107025,
            53.7270507
          ],
          [
            87.1108599,
            53.7272516
          ],
          [
            87.1121949,
            53.7286633
          ],
          [
            87.1137857,
            53.7301623
          ],
          [
            87.11467,
            53.7310641
          ],
          [
            87.1156324,
            53.7324378
          ],
          [
            87.1158382,
            53.7327709
          ],
          [
            87.1164467,
            53.7336497
          ],
          [
            87.1170764,
            53.7346585
          ],
          [
            87.1175043,
            53.7353564
          ],
          [
            87.1178141,
            53.7359766
          ],
          [
            87.1179158,
            53.7363328
          ],
          [
            87.1179148,
            53.7366484
          ],
          [
            87.117783,
            53.7383652
          ],
          [
            87.1178046,
            53.7386328
          ],
          [
            87.1178687,
            53.7388832
          ],
          [
            87.117999,
            53.7392075
          ],
          [
            87.1181292,
            53.7394559
          ],
          [
            87.1183779,
            53.7397625
          ]
        ]
      },
      "id": "way/596110910"
    },
    {
      "type": "Feature",
      "properties": {
        "@id": "way/703332272",
        "highway": "secondary",
        "lanes": "2",
        "name": "Улица Зыряновская",
        "oneway": "yes",
        "oneway:psv": "no",
        "surface": "asphalt"
      },
      "geometry": {
        "type": "LineString",
        "coordinates": [
          [
            87.3679945,
            53.7997668
          ],
          [
            87.366941,
            53.7995534
          ],
          [
            87.3663301,
            53.7994311
          ],
          [
            87.3629331,
            53.7987362
          ],
          [
            87.3619334,
            53.7985393
          ],
          [
            87.3617868,
            53.798516
          ],
          [
            87.3614124,
            53.7984902
          ],
          [
            87.3611895,
            53.7984577
          ],
          [
            87.3610979,
            53.7984393
          ],
          [
            87.360891,
            53.7983805
          ],
          [
            87.3594216,
            53.797856
          ],
          [
            87.3572576,
            53.7970878
          ],
          [
            87.3569501,
            53.7969789
          ],
          [
            87.3542675,
            53.7960788
          ],
          [
            87.3540281,
            53.7959792
          ],
          [
            87.3538399,
            53.7958846
          ],
          [
            87.3537269,
            53.7958209
          ],
          [
            87.3527402,
            53.7951683
          ],
          [
            87.3526803,
            53.7951284
          ],
          [
            87.3505956,
            53.7937673
          ],
          [
            87.3503418,
            53.7936016
          ],
          [
            87.3502941,
            53.7935708
          ],
          [
            87.3497944,
            53.7932473
          ],
          [
            87.3496892,
            53.7931792
          ],
          [
            87.3489099,
            53.7926746
          ],
          [
            87.34879,
            53.7925996
          ],
          [
            87.348595,
            53.792474
          ],
          [
            87.3483735,
            53.792331
          ],
          [
            87.3482212,
            53.7922327
          ],
          [
            87.3480903,
            53.7921521
          ],
          [
            87.3479265,
            53.7920618
          ],
          [
            87.3477618,
            53.7919843
          ],
          [
            87.3472503,
            53.7917824
          ],
          [
            87.3469451,
            53.7916651
          ],
          [
            87.346135,
            53.7913641
          ],
          [
            87.3447346,
            53.7908472
          ],
          [
            87.342459,
            53.790002
          ],
          [
            87.3420611,
            53.7898544
          ],
          [
            87.3410724,
            53.7894862
          ],
          [
            87.3409598,
            53.7894424
          ],
          [
            87.3389725,
            53.7886871
          ],
          [
            87.3384715,
            53.7884967
          ],
          [
            87.3373538,
            53.7880858
          ],
          [
            87.3372072,
            53.7880246
          ],
          [
            87.3370963,
            53.7879562
          ]
        ]
      },
      "id": "way/703332272"
    },
    {
      "type": "Feature",
      "properties": {
        "@id": "way/757360007",
        "highway": "secondary",
        "name": "улица Циолковского",
        "name:etymology:wikidata": "Q41239",
        "oneway": "yes",
        "service": "parking_aisle",
        "surface": "asphalt"
      },
      "geometry": {
        "type": "LineString",
        "coordinates": [
          [
            87.1318693,
            53.7461676
          ],
          [
            87.1319123,
            53.7461919
          ],
          [
            87.1319716,
            53.746226
          ],
          [
            87.1319804,
            53.7462346
          ]
        ]
      },
      "id": "way/757360007"
    },
    {
      "type": "Feature",
      "properties": {
        "@id": "way/757360008",
        "highway": "secondary",
        "maxspeed": "60",
        "name": "улица Кутузова",
        "name:en": "Kutuzov street",
        "name:ru": "улица Кутузова",
        "surface": "asphalt"
      },
      "geometry": {
        "type": "LineString",
        "coordinates": [
          [
            87.1322425,
            53.7460625
          ],
          [
            87.132157,
            53.7461174
          ]
        ]
      },
      "id": "way/757360008"
    },
    {
      "type": "Feature",
      "properties": {
        "@id": "way/757360009",
        "highway": "secondary",
        "name": "улица Кутузова",
        "name:en": "Kutuzov street",
        "name:ru": "улица Кутузова",
        "oneway": "yes",
        "surface": "asphalt"
      },
      "geometry": {
        "type": "LineString",
        "coordinates": [
          [
            87.1318693,
            53.7461676
          ],
          [
            87.1320144,
            53.7461423
          ],
          [
            87.132157,
            53.7461174
          ]
        ]
      },
      "id": "way/757360009"
    },
    {
      "type": "Feature",
      "properties": {
        "@id": "way/783055686",
        "highway": "secondary",
        "name": "улица Разведчиков",
        "oneway": "yes"
      },
      "geometry": {
        "type": "LineString",
        "coordinates": [
          [
            87.3148968,
            53.7835661
          ],
          [
            87.3141067,
            53.7835108
          ],
          [
            87.3134201,
            53.7834437
          ],
          [
            87.3131438,
            53.7834038
          ],
          [
            87.3126867,
            53.7832973
          ],
          [
            87.3098741,
            53.7826421
          ],
          [
            87.309234,
            53.7824927
          ],
          [
            87.3082529,
            53.7822647
          ],
          [
            87.3080257,
            53.7822119
          ]
        ]
      },
      "id": "way/783055686"
    },
    {
      "type": "Feature",
      "properties": {
        "@id": "way/784547127",
        "highway": "secondary",
        "lanes": "4",
        "maxspeed": "60",
        "name": "проспект Курако",
        "name:en": "Kurako avenue",
        "name:ru": "проспект Курако",
        "oneway": "yes"
      },
      "geometry": {
        "type": "LineString",
        "coordinates": [
          [
            87.0938176,
            53.7662603
          ],
          [
            87.0937511,
            53.7663163
          ],
          [
            87.0937259,
            53.7663378
          ],
          [
            87.0936292,
            53.7664196
          ]
        ]
      },
      "id": "way/784547127"
    },
    {
      "type": "Feature",
      "properties": {
        "@id": "way/784547128",
        "highway": "primary",
        "maxspeed": "60",
        "oneway": "yes",
        "surface": "asphalt"
      },
      "geometry": {
        "type": "LineString",
        "coordinates": [
          [
            87.0938176,
            53.7662603
          ],
          [
            87.0937989,
            53.7663374
          ],
          [
            87.0937888,
            53.7663657
          ],
          [
            87.0937989,
            53.7664376
          ],
          [
            87.0938642,
            53.7665288
          ]
        ]
      },
      "id": "way/784547128"
    },
    {
      "type": "Feature",
      "properties": {
        "@id": "way/849288010",
        "highway": "secondary",
        "lanes": "2",
        "maxspeed": "60",
        "name": "Бызовское шоссе",
        "oneway": "yes",
        "surface": "asphalt"
      },
      "geometry": {
        "type": "LineString",
        "coordinates": [
          [
            87.1333644,
            53.8852726
          ],
          [
            87.1335068,
            53.8853375
          ],
          [
            87.1336991,
            53.885412
          ],
          [
            87.1345928,
            53.8856102
          ],
          [
            87.1354167,
            53.8857633
          ],
          [
            87.1361346,
            53.8858822
          ],
          [
            87.1366344,
            53.8859389
          ],
          [
            87.1371211,
            53.8859634
          ],
          [
            87.1374213,
            53.8859637
          ],
          [
            87.1376864,
            53.8859551
          ],
          [
            87.1380337,
            53.8859301
          ],
          [
            87.1383796,
            53.8858853
          ],
          [
            87.1387983,
            53.8858142
          ],
          [
            87.1393919,
            53.8856784
          ],
          [
            87.1404038,
            53.8854145
          ],
          [
            87.1424216,
            53.8848401
          ],
          [
            87.1428855,
            53.8847128
          ]
        ]
      },
      "id": "way/849288010"
    },
    {
      "type": "Feature",
      "properties": {
        "@id": "way/849288011",
        "highway": "secondary",
        "lanes": "2",
        "lit": "yes",
        "maxspeed": "60",
        "name": "Бызовское шоссе",
        "oneway": "yes",
        "shoulder": "both",
        "sidewalk": "left",
        "sidewalk:left:surface": "compacted",
        "smoothness": "excellent",
        "surface": "asphalt"
      },
      "geometry": {
        "type": "LineString",
        "coordinates": [
          [
            87.1428855,
            53.8847128
          ],
          [
            87.1459452,
            53.8838651
          ],
          [
            87.1465734,
            53.8836838
          ],
          [
            87.1468957,
            53.8835909
          ],
          [
            87.1469599,
            53.8835723
          ],
          [
            87.1504677,
            53.8825558
          ]
        ]
      },
      "id": "way/849288011"
    },
    {
      "type": "Feature",
      "properties": {
        "@id": "way/849288012",
        "bridge": "yes",
        "highway": "secondary",
        "lanes": "2",
        "layer": "1",
        "maxspeed": "60",
        "name": "Бызовское шоссе (Ильинский мост)",
        "name:en": "Byzovskoe highway (Ilyinsky bridge)",
        "oneway": "yes",
        "surface": "asphalt"
      },
      "geometry": {
        "type": "LineString",
        "coordinates": [
          [
            87.1504677,
            53.8825558
          ],
          [
            87.1572333,
            53.8806365
          ]
        ]
      },
      "id": "way/849288012"
    },
    {
      "type": "Feature",
      "properties": {
        "@id": "way/849288013",
        "foot": "no",
        "highway": "secondary",
        "lanes": "2",
        "lit": "yes",
        "maxspeed": "60",
        "name": "Бызовское шоссе",
        "oneway": "yes",
        "shoulder": "no",
        "sidewalk": "no",
        "smoothness": "excellent",
        "surface": "asphalt"
      },
      "geometry": {
        "type": "LineString",
        "coordinates": [
          [
            87.1572333,
            53.8806365
          ],
          [
            87.1583388,
            53.8803086
          ],
          [
            87.1606897,
            53.879678
          ],
          [
            87.1618249,
            53.8793224
          ],
          [
            87.1630441,
            53.8788879
          ],
          [
            87.1637176,
            53.8786332
          ],
          [
            87.1728931,
            53.874542
          ],
          [
            87.1731844,
            53.8744566
          ]
        ]
      },
      "id": "way/849288013"
    },
    {
      "type": "Feature",
      "properties": {
        "@id": "way/849288014",
        "highway": "secondary",
        "lanes": "2",
        "lit": "yes",
        "maxspeed": "60",
        "name": "Бызовское шоссе",
        "oneway": "yes",
        "shoulder": "right",
        "sidewalk": "right",
        "sidewalk:right:surface": "asphalt",
        "smoothness": "excellent",
        "surface": "asphalt"
      },
      "geometry": {
        "type": "LineString",
        "coordinates": [
          [
            87.1743213,
            53.8739662
          ],
          [
            87.1744567,
            53.8738502
          ],
          [
            87.1796009,
            53.8715362
          ],
          [
            87.1828413,
            53.8700923
          ],
          [
            87.1861349,
            53.8686437
          ],
          [
            87.1893975,
            53.8671815
          ],
          [
            87.1926479,
            53.8657534
          ],
          [
            87.1942866,
            53.8650767
          ],
          [
            87.1962287,
            53.8643912
          ],
          [
            87.1981326,
            53.8637961
          ],
          [
            87.198811,
            53.8636024
          ],
          [
            87.1993126,
            53.8634775
          ],
          [
            87.2004288,
            53.863195
          ],
          [
            87.2011401,
            53.8630242
          ],
          [
            87.2012888,
            53.8629944
          ],
          [
            87.2063423,
            53.8620306
          ],
          [
            87.2090193,
            53.86154
          ],
          [
            87.2091892,
            53.8615434
          ]
        ]
      },
      "id": "way/849288014"
    },
    {
      "type": "Feature",
      "properties": {
        "@id": "way/849288016",
        "highway": "secondary",
        "maxspeed": "60",
        "surface": "asphalt"
      },
      "geometry": {
        "type": "LineString",
        "coordinates": [
          [
            87.2005009,
            53.8632869
          ],
          [
            87.2004288,
            53.863195
          ]
        ]
      },
      "id": "way/849288016"
    },
    {
      "type": "Feature",
      "properties": {
        "@id": "way/849288017",
        "foot": "no",
        "highway": "secondary",
        "lanes": "2",
        "lit": "yes",
        "maxspeed": "60",
        "name": "Бызовское шоссе",
        "oneway": "yes",
        "shoulder": "right",
        "sidewalk": "no",
        "smoothness": "excellent",
        "surface": "asphalt"
      },
      "geometry": {
        "type": "LineString",
        "coordinates": [
          [
            87.2091892,
            53.8615434
          ],
          [
            87.2090373,
            53.8616036
          ],
          [
            87.2063307,
            53.8621165
          ],
          [
            87.2013597,
            53.8630931
          ],
          [
            87.2005009,
            53.8632869
          ],
          [
            87.1993791,
            53.8635638
          ],
          [
            87.1988315,
            53.8637065
          ],
          [
            87.1981996,
            53.8638844
          ],
          [
            87.1962886,
            53.8644807
          ],
          [
            87.1944241,
            53.865157
          ],
          [
            87.192818,
            53.8658046
          ],
          [
            87.18954,
            53.8672523
          ],
          [
            87.1862392,
            53.868719
          ],
          [
            87.1829797,
            53.8701499
          ],
          [
            87.1797158,
            53.8716103
          ],
          [
            87.1745177,
            53.873913
          ],
          [
            87.1743213,
            53.8739662
          ]
        ]
      },
      "id": "way/849288017"
    },
    {
      "type": "Feature",
      "properties": {
        "@id": "way/854202705",
        "highway": "primary",
        "junction": "roundabout",
        "lanes": "3",
        "old_ref": "32К-2",
        "oneway": "yes",
        "surface": "asphalt",
        "width": "20"
      },
      "geometry": {
        "type": "LineString",
        "coordinates": [
          [
            87.1357378,
            53.7571943
          ],
          [
            87.1358519,
            53.7571649
          ],
          [
            87.1359727,
            53.7571473
          ],
          [
            87.1361097,
            53.7571422
          ],
          [
            87.1362595,
            53.7571541
          ]
        ]
      },
      "id": "way/854202705"
    },
    {
      "type": "Feature",
      "properties": {
        "@id": "way/854202706",
        "highway": "primary",
        "junction": "roundabout",
        "lanes": "3",
        "old_ref": "32К-2",
        "oneway": "yes",
        "surface": "asphalt",
        "width": "20"
      },
      "geometry": {
        "type": "LineString",
        "coordinates": [
          [
            87.1354122,
            53.7574047
          ],
          [
            87.135545,
            53.7572832
          ],
          [
            87.1357378,
            53.7571943
          ]
        ]
      },
      "id": "way/854202706"
    },
    {
      "type": "Feature",
      "properties": {
        "@id": "way/854202707",
        "highway": "primary",
        "junction": "roundabout",
        "lanes": "3",
        "old_ref": "32К-2",
        "oneway": "yes",
        "surface": "asphalt",
        "width": "20"
      },
      "geometry": {
        "type": "LineString",
        "coordinates": [
          [
            87.1353585,
            53.7575199
          ],
          [
            87.1354122,
            53.7574047
          ]
        ]
      },
      "id": "way/854202707"
    },
    {
      "type": "Feature",
      "properties": {
        "@id": "way/854202708",
        "highway": "primary",
        "junction": "roundabout",
        "lanes": "3",
        "old_ref": "32К-2",
        "oneway": "yes",
        "surface": "asphalt",
        "width": "20"
      },
      "geometry": {
        "type": "LineString",
        "coordinates": [
          [
            87.1354689,
            53.7578115
          ],
          [
            87.1353936,
            53.7577203
          ],
          [
            87.1353561,
            53.7576213
          ],
          [
            87.1353585,
            53.7575199
          ]
        ]
      },
      "id": "way/854202708"
    },
    {
      "type": "Feature",
      "properties": {
        "@id": "way/854202709",
        "highway": "primary",
        "junction": "roundabout",
        "lanes": "3",
        "old_ref": "32К-2",
        "oneway": "yes",
        "surface": "asphalt",
        "width": "20"
      },
      "geometry": {
        "type": "LineString",
        "coordinates": [
          [
            87.1357915,
            53.7579744
          ],
          [
            87.1356099,
            53.757907
          ],
          [
            87.1354689,
            53.7578115
          ]
        ]
      },
      "id": "way/854202709"
    },
    {
      "type": "Feature",
      "properties": {
        "@id": "way/854202710",
        "highway": "primary",
        "junction": "roundabout",
        "lanes": "3",
        "old_ref": "32К-2",
        "oneway": "yes",
        "surface": "asphalt",
        "width": "20"
      },
      "geometry": {
        "type": "LineString",
        "coordinates": [
          [
            87.136794,
            53.7576959
          ],
          [
            87.1367178,
            53.7577999
          ],
          [
            87.1365987,
            53.7578886
          ],
          [
            87.1364449,
            53.7579562
          ]
        ]
      },
      "id": "way/854202710"
    },
    {
      "type": "Feature",
      "properties": {
        "@id": "way/854202711",
        "highway": "primary",
        "junction": "roundabout",
        "lanes": "3",
        "old_ref": "32К-2",
        "oneway": "yes",
        "surface": "asphalt",
        "width": "20"
      },
      "geometry": {
        "type": "LineString",
        "coordinates": [
          [
            87.1367782,
            53.7574285
          ],
          [
            87.1368218,
            53.7575615
          ],
          [
            87.136794,
            53.7576959
          ]
        ]
      },
      "id": "way/854202711"
    },
    {
      "type": "Feature",
      "properties": {
        "@id": "way/854202712",
        "highway": "primary",
        "junction": "roundabout",
        "lanes": "3",
        "old_ref": "32К-2",
        "oneway": "yes",
        "surface": "asphalt",
        "width": "20"
      },
      "geometry": {
        "type": "LineString",
        "coordinates": [
          [
            87.136714,
            53.7573496
          ],
          [
            87.1367782,
            53.7574285
          ]
        ]
      },
      "id": "way/854202712"
    },
    {
      "type": "Feature",
      "properties": {
        "@id": "way/854202713",
        "highway": "primary",
        "junction": "roundabout",
        "lanes": "3",
        "old_ref": "32К-2",
        "oneway": "yes",
        "surface": "asphalt",
        "width": "20"
      },
      "geometry": {
        "type": "LineString",
        "coordinates": [
          [
            87.1362595,
            53.7571541
          ],
          [
            87.1364257,
            53.7571908
          ],
          [
            87.1364904,
            53.7572171
          ],
          [
            87.1365325,
            53.7572367
          ],
          [
            87.136714,
            53.7573496
          ]
        ]
      },
      "id": "way/854202713"
    },
    {
      "type": "Feature",
      "properties": {
        "@id": "way/854202714",
        "highway": "secondary",
        "junction": "roundabout",
        "lanes": "3",
        "maxspeed": "RU:urban",
        "oneway": "yes",
        "surface": "asphalt"
      },
      "geometry": {
        "type": "LineString",
        "coordinates": [
          [
            87.1184117,
            53.747839
          ],
          [
            87.1184501,
            53.7478715
          ],
          [
            87.1184745,
            53.7479227
          ],
          [
            87.118461,
            53.7479815
          ],
          [
            87.1184002,
            53.7480356
          ]
        ]
      },
      "id": "way/854202714"
    },
    {
      "type": "Feature",
      "properties": {
        "@id": "way/854202715",
        "highway": "secondary",
        "junction": "roundabout",
        "lanes": "3",
        "maxspeed": "RU:urban",
        "oneway": "yes",
        "surface": "asphalt"
      },
      "geometry": {
        "type": "LineString",
        "coordinates": [
          [
            87.1171697,
            53.7477778
          ],
          [
            87.1171958,
            53.7477408
          ],
          [
            87.1172327,
            53.7477122
          ]
        ]
      },
      "id": "way/854202715"
    },
    {
      "type": "Feature",
      "properties": {
        "@id": "way/854202716",
        "highway": "secondary",
        "junction": "roundabout",
        "lanes": "3",
        "maxspeed": "RU:urban",
        "oneway": "yes",
        "surface": "asphalt"
      },
      "geometry": {
        "type": "LineString",
        "coordinates": [
          [
            87.1173233,
            53.7479499
          ],
          [
            87.1172705,
            53.7479406
          ],
          [
            87.1172087,
            53.7479047
          ],
          [
            87.1171662,
            53.7478475
          ],
          [
            87.1171697,
            53.7477778
          ]
        ]
      },
      "id": "way/854202716"
    },
    {
      "type": "Feature",
      "properties": {
        "@id": "way/854202717",
        "highway": "secondary",
        "junction": "roundabout",
        "lanes": "3",
        "maxspeed": "RU:urban",
        "oneway": "yes",
        "surface": "asphalt",
        "turn:lanes": "left|left;slight_right|slight_right"
      },
      "geometry": {
        "type": "LineString",
        "coordinates": [
          [
            87.1178179,
            53.748024
          ],
          [
            87.1173233,
            53.7479499
          ]
        ]
      },
      "id": "way/854202717"
    },
    {
      "type": "Feature",
      "properties": {
        "@id": "way/854202718",
        "highway": "secondary",
        "junction": "roundabout",
        "lanes": "3",
        "maxspeed": "RU:urban",
        "oneway": "yes",
        "surface": "asphalt"
      },
      "geometry": {
        "type": "LineString",
        "coordinates": [
          [
            87.118337,
            53.7480604
          ],
          [
            87.1182577,
            53.7480723
          ],
          [
            87.1181692,
            53.7480661
          ],
          [
            87.1178179,
            53.748024
          ]
        ]
      },
      "id": "way/854202718"
    },
    {
      "type": "Feature",
      "properties": {
        "@id": "way/854202719",
        "highway": "secondary",
        "junction": "roundabout",
        "lanes": "3",
        "maxspeed": "RU:urban",
        "oneway": "yes",
        "surface": "asphalt",
        "turn:lanes": "left|left;right|right"
      },
      "geometry": {
        "type": "LineString",
        "coordinates": [
          [
            87.1184002,
            53.7480356
          ],
          [
            87.118337,
            53.7480604
          ]
        ]
      },
      "id": "way/854202719"
    },
    {
      "type": "Feature",
      "properties": {
        "@id": "way/856953400",
        "highway": "secondary",
        "name": "Театральный проезд",
        "oneway": "yes"
      },
      "geometry": {
        "type": "LineString",
        "coordinates": [
          [
            87.0954538,
            53.7648289
          ],
          [
            87.0955966,
            53.7648966
          ],
          [
            87.0966857,
            53.7653819
          ],
          [
            87.0968228,
            53.7655106
          ],
          [
            87.0969965,
            53.7657724
          ]
        ]
      },
      "id": "way/856953400"
    },
    {
      "type": "Feature",
      "properties": {
        "@id": "way/857216476",
        "highway": "primary",
        "maxspeed": "60",
        "name": "Музейная улица",
        "surface": "asphalt"
      },
      "geometry": {
        "type": "LineString",
        "coordinates": [
          [
            87.0950539,
            53.7670546
          ],
          [
            87.0938642,
            53.7665288
          ]
        ]
      },
      "id": "way/857216476"
    },
    {
      "type": "Feature",
      "properties": {
        "@id": "way/857216477",
        "highway": "primary",
        "maxspeed": "60",
        "oneway": "yes",
        "surface": "asphalt"
      },
      "geometry": {
        "type": "LineString",
        "coordinates": [
          [
            87.0938642,
            53.7665288
          ],
          [
            87.0936292,
            53.7664196
          ],
          [
            87.0935129,
            53.7663665
          ]
        ]
      },
      "id": "way/857216477"
    },
    {
      "type": "Feature",
      "properties": {
        "@id": "way/963955533",
        "highway": "primary",
        "lanes": "4",
        "maxspeed": "60",
        "name": "Транспортная улица",
        "surface": "asphalt"
      },
      "geometry": {
        "type": "LineString",
        "coordinates": [
          [
            87.1771499,
            53.7551605
          ],
          [
            87.1770656,
            53.755259
          ],
          [
            87.1769715,
            53.7553441
          ]
        ]
      },
      "id": "way/963955533"
    },
    {
      "type": "Feature",
      "properties": {
        "@id": "way/972508243",
        "highway": "primary",
        "lanes": "4",
        "maxspeed": "60",
        "name": "Транспортная улица",
        "surface": "asphalt"
      },
      "geometry": {
        "type": "LineString",
        "coordinates": [
          [
            87.1739466,
            53.7570183
          ],
          [
            87.1737328,
            53.7571289
          ]
        ]
      },
      "id": "way/972508243"
    },
    {
      "type": "Feature",
      "properties": {
        "@id": "way/972508244",
        "highway": "primary",
        "lanes": "4",
        "maxspeed": "60",
        "name": "Транспортная улица",
        "surface": "asphalt"
      },
      "geometry": {
        "type": "LineString",
        "coordinates": [
          [
            87.1760881,
            53.7558939
          ],
          [
            87.1742847,
            53.756844
          ],
          [
            87.1739466,
            53.7570183
          ]
        ]
      },
      "id": "way/972508244"
    },
    {
      "type": "Feature",
      "properties": {
        "@id": "way/983835170",
        "highway": "primary",
        "lanes": "4",
        "maxspeed": "60",
        "name": "Хлебозаводская улица",
        "surface": "asphalt"
      },
      "geometry": {
        "type": "LineString",
        "coordinates": [
          [
            87.1093748,
            53.7720097
          ],
          [
            87.109232,
            53.7719736
          ],
          [
            87.1084415,
            53.7717977
          ],
          [
            87.1072235,
            53.7715267
          ],
          [
            87.1069953,
            53.7714793
          ]
        ]
      },
      "id": "way/983835170"
    },
    {
      "type": "Feature",
      "properties": {
        "@id": "way/983838396",
        "highway": "primary",
        "lanes": "4",
        "maxspeed": "60",
        "name": "Хлебозаводская улица",
        "surface": "asphalt"
      },
      "geometry": {
        "type": "LineString",
        "coordinates": [
          [
            87.1167134,
            53.7740735
          ],
          [
            87.1166014,
            53.774041
          ]
        ]
      },
      "id": "way/983838396"
    },
    {
      "type": "Feature",
      "properties": {
        "@id": "way/983838397",
        "highway": "primary",
        "lanes": "4",
        "maxspeed": "60",
        "name": "Хлебозаводская улица",
        "surface": "asphalt"
      },
      "geometry": {
        "type": "LineString",
        "coordinates": [
          [
            87.1166014,
            53.774041
          ],
          [
            87.1165675,
            53.7740314
          ],
          [
            87.1165026,
            53.774013
          ],
          [
            87.1164377,
            53.7739947
          ],
          [
            87.1153402,
            53.7736824
          ],
          [
            87.1144999,
            53.7734442
          ],
          [
            87.1105834,
            53.7723265
          ]
        ]
      },
      "id": "way/983838397"
    },
    {
      "type": "Feature",
      "properties": {
        "@id": "way/985463355",
        "highway": "secondary",
        "name": "улица Ленина",
        "name:etymology:wikidata": "Q1394"
      },
      "geometry": {
        "type": "LineString",
        "coordinates": [
          [
            87.1944957,
            53.7725272
          ],
          [
            87.1949178,
            53.7726871
          ]
        ]
      },
      "id": "way/985463355"
    },
    {
      "type": "Feature",
      "properties": {
        "@id": "way/987602196",
        "highway": "primary",
        "lanes": "4",
        "maxspeed": "60",
        "name": "Ноградская улица",
        "surface": "asphalt"
      },
      "geometry": {
        "type": "LineString",
        "coordinates": [
          [
            87.1296889,
            53.775866
          ],
          [
            87.1312682,
            53.7749166
          ],
          [
            87.1314474,
            53.77481
          ],
          [
            87.1315064,
            53.7747769
          ]
        ]
      },
      "id": "way/987602196"
    },
    {
      "type": "Feature",
      "properties": {
        "@id": "way/987609600",
        "highway": "primary",
        "lanes": "4",
        "maxspeed": "60",
        "name": "Ноградская улица",
        "surface": "asphalt"
      },
      "geometry": {
        "type": "LineString",
        "coordinates": [
          [
            87.1332829,
            53.773676
          ],
          [
            87.1338036,
            53.77336
          ]
        ]
      },
      "id": "way/987609600"
    },
    {
      "type": "Feature",
      "properties": {
        "@id": "way/987609601",
        "highway": "primary",
        "lanes": "4",
        "maxspeed": "60",
        "name": "Ноградская улица",
        "surface": "asphalt"
      },
      "geometry": {
        "type": "LineString",
        "coordinates": [
          [
            87.1331771,
            53.773743
          ],
          [
            87.1332829,
            53.773676
          ]
        ]
      },
      "id": "way/987609601"
    },
    {
      "type": "Feature",
      "properties": {
        "@id": "way/987617956",
        "highway": "secondary",
        "lanes": "3",
        "maxspeed": "RU:urban",
        "name": "проспект Металлургов",
        "oneway": "yes",
        "surface": "asphalt"
      },
      "geometry": {
        "type": "LineString",
        "coordinates": [
          [
            87.1186622,
            53.7654683
          ],
          [
            87.1186889,
            53.7661606
          ],
          [
            87.1186993,
            53.7669497
          ],
          [
            87.1187221,
            53.7677341
          ],
          [
            87.1187265,
            53.7684328
          ],
          [
            87.1187693,
            53.768502
          ],
          [
            87.1188422,
            53.7685661
          ]
        ]
      },
      "id": "way/987617956"
    },
    {
      "type": "Feature",
      "properties": {
        "@id": "way/987617958",
        "highway": "secondary",
        "lanes": "3",
        "maxspeed": "RU:urban",
        "name": "проспект Металлургов",
        "oneway": "yes",
        "surface": "asphalt"
      },
      "geometry": {
        "type": "LineString",
        "coordinates": [
          [
            87.1184779,
            53.7654739
          ],
          [
            87.1184744,
            53.7653575
          ],
          [
            87.1184586,
            53.7647571
          ],
          [
            87.1184279,
            53.7640022
          ]
        ]
      },
      "id": "way/987617958"
    },
    {
      "type": "Feature",
      "properties": {
        "@id": "way/987622132",
        "highway": "secondary",
        "maxspeed": "60",
        "name": "Заводское шоссе"
      },
      "geometry": {
        "type": "LineString",
        "coordinates": [
          [
            87.1597307,
            53.7993522
          ],
          [
            87.1598223,
            53.7997423
          ],
          [
            87.1599321,
            53.8003689
          ],
          [
            87.1599924,
            53.8011027
          ]
        ]
      },
      "id": "way/987622132"
    },
    {
      "type": "Feature",
      "properties": {
        "@id": "way/987662605",
        "highway": "primary",
        "lanes": "4",
        "maxspeed": "60",
        "name": "Ноградская улица",
        "surface": "asphalt"
      },
      "geometry": {
        "type": "LineString",
        "coordinates": [
          [
            87.1315064,
            53.7747769
          ],
          [
            87.1331771,
            53.773743
          ]
        ]
      },
      "id": "way/987662605"
    },
    {
      "type": "Feature",
      "properties": {
        "@id": "way/987664843",
        "highway": "primary",
        "maxspeed": "60",
        "name": "улица Кирова",
        "name:en": "Kirov street",
        "name:etymology:wikidata": "Q207682",
        "name:ru": "улица Кирова",
        "old_ref": "32К-2",
        "surface": "asphalt"
      },
      "geometry": {
        "type": "LineString",
        "coordinates": [
          [
            87.129337,
            53.7576385
          ],
          [
            87.1283392,
            53.757649
          ],
          [
            87.1280161,
            53.7576532
          ]
        ]
      },
      "id": "way/987664843"
    },
    {
      "type": "Feature",
      "properties": {
        "@id": "way/987664844",
        "highway": "primary",
        "maxspeed": "60",
        "name": "улица Кирова",
        "name:en": "Kirov street",
        "name:etymology:wikidata": "Q207682",
        "name:ru": "улица Кирова",
        "old_ref": "32К-2",
        "surface": "asphalt"
      },
      "geometry": {
        "type": "LineString",
        "coordinates": [
          [
            87.1297005,
            53.7576333
          ],
          [
            87.129337,
            53.7576385
          ]
        ]
      },
      "id": "way/987664844"
    },
    {
      "type": "Feature",
      "properties": {
        "@id": "way/987664939",
        "highway": "primary",
        "maxspeed": "60",
        "name": "улица Кирова",
        "name:en": "Kirov street",
        "name:etymology:wikidata": "Q207682",
        "name:ru": "улица Кирова",
        "old_ref": "32К-2",
        "surface": "asphalt"
      },
      "geometry": {
        "type": "LineString",
        "coordinates": [
          [
            87.1307471,
            53.7576238
          ],
          [
            87.1297005,
            53.7576333
          ]
        ]
      },
      "id": "way/987664939"
    },
    {
      "type": "Feature",
      "properties": {
        "@id": "way/987665044",
        "highway": "primary",
        "maxspeed": "60",
        "name": "улица Кирова",
        "name:en": "Kirov street",
        "name:etymology:wikidata": "Q207682",
        "name:ru": "улица Кирова",
        "old_ref": "32К-2",
        "surface": "asphalt"
      },
      "geometry": {
        "type": "LineString",
        "coordinates": [
          [
            87.1320524,
            53.7576149
          ],
          [
            87.1307471,
            53.7576238
          ]
        ]
      },
      "id": "way/987665044"
    },
    {
      "type": "Feature",
      "properties": {
        "@id": "way/987665393",
        "highway": "primary",
        "maxspeed": "60",
        "name": "улица Кирова",
        "name:en": "Kirov street",
        "name:etymology:wikidata": "Q207682",
        "name:ru": "улица Кирова",
        "old_ref": "32К-2",
        "surface": "asphalt"
      },
      "geometry": {
        "type": "LineString",
        "coordinates": [
          [
            87.1340378,
            53.7575974
          ],
          [
            87.1320524,
            53.7576149
          ]
        ]
      },
      "id": "way/987665393"
    },
    {
      "type": "Feature",
      "properties": {
        "@id": "way/987823352",
        "highway": "primary",
        "name": "улица Кирова",
        "name:etymology:wikidata": "Q207682",
        "oneway": "yes"
      },
      "geometry": {
        "type": "LineString",
        "coordinates": [
          [
            87.1661933,
            53.7572725
          ],
          [
            87.1664119,
            53.7572093
          ],
          [
            87.1666261,
            53.7571331
          ]
        ]
      },
      "id": "way/987823352"
    },
    {
      "type": "Feature",
      "properties": {
        "@id": "way/987823353",
        "highway": "primary",
        "name": "улица Кирова",
        "name:etymology:wikidata": "Q207682",
        "oneway": "yes"
      },
      "geometry": {
        "type": "LineString",
        "coordinates": [
          [
            87.1666985,
            53.7572678
          ],
          [
            87.1661933,
            53.7572725
          ]
        ]
      },
      "id": "way/987823353"
    },
    {
      "type": "Feature",
      "properties": {
        "@id": "way/987838599",
        "bridge": "yes",
        "highway": "primary",
        "layer": "1",
        "name": "2-й Андреевский переулок",
        "old_ref": "Р366",
        "surface": "asphalt"
      },
      "geometry": {
        "type": "LineString",
        "coordinates": [
          [
            87.1252375,
            53.7424616
          ],
          [
            87.1250047,
            53.7421854
          ]
        ]
      },
      "id": "way/987838599"
    },
    {
      "type": "Feature",
      "properties": {
        "@id": "way/987838600",
        "bridge": "yes",
        "highway": "primary",
        "layer": "1",
        "name": "Вокзальная улица",
        "surface": "asphalt"
      },
      "geometry": {
        "type": "LineString",
        "coordinates": [
          [
            87.1220181,
            53.7409286
          ],
          [
            87.1223778,
            53.7408435
          ]
        ]
      },
      "id": "way/987838600"
    },
    {
      "type": "Feature",
      "properties": {
        "@id": "way/987838601",
        "highway": "primary",
        "name": "Вокзальная улица",
        "surface": "asphalt"
      },
      "geometry": {
        "type": "LineString",
        "coordinates": [
          [
            87.1223778,
            53.7408435
          ],
          [
            87.1227277,
            53.7407696
          ],
          [
            87.1230534,
            53.7407008
          ],
          [
            87.1234616,
            53.740613
          ],
          [
            87.1237437,
            53.740578
          ],
          [
            87.1238819,
            53.7405797
          ],
          [
            87.124012,
            53.7406004
          ]
        ]
      },
      "id": "way/987838601"
    },
    {
      "type": "Feature",
      "properties": {
        "@id": "way/987919640",
        "highway": "primary",
        "lanes": "4",
        "maxspeed": "60",
        "name": "Хлебозаводская улица",
        "surface": "asphalt"
      },
      "geometry": {
        "type": "LineString",
        "coordinates": [
          [
            87.1202991,
            53.7750943
          ],
          [
            87.1176379,
            53.7743342
          ],
          [
            87.1169738,
            53.7741463
          ],
          [
            87.1167134,
            53.7740735
          ]
        ]
      },
      "id": "way/987919640"
    },
    {
      "type": "Feature",
      "properties": {
        "@id": "way/987922631",
        "highway": "secondary",
        "maxspeed": "60",
        "name": "Заводское шоссе"
      },
      "geometry": {
        "type": "LineString",
        "coordinates": [
          [
            87.1595809,
            53.7988454
          ],
          [
            87.1596489,
            53.7990116
          ],
          [
            87.1596869,
            53.7991258
          ],
          [
            87.1597307,
            53.7993522
          ]
        ]
      },
      "id": "way/987922631"
    },
    {
      "type": "Feature",
      "properties": {
        "@id": "way/987927583",
        "highway": "secondary",
        "maxspeed": "60",
        "name": "Заводское шоссе"
      },
      "geometry": {
        "type": "LineString",
        "coordinates": [
          [
            87.1571343,
            53.7948904
          ],
          [
            87.157618,
            53.795376
          ],
          [
            87.1579784,
            53.7958403
          ],
          [
            87.1592459,
            53.7978999
          ],
          [
            87.1595809,
            53.7988454
          ]
        ]
      },
      "id": "way/987927583"
    },
    {
      "type": "Feature",
      "properties": {
        "@id": "way/987927584",
        "highway": "secondary",
        "lanes": "2",
        "maxspeed": "60",
        "name": "Пойменное шоссе",
        "surface": "asphalt"
      },
      "geometry": {
        "type": "LineString",
        "coordinates": [
          [
            87.1571787,
            53.8014865
          ],
          [
            87.1570546,
            53.8015461
          ],
          [
            87.1569403,
            53.801585
          ],
          [
            87.1567626,
            53.8016243
          ],
          [
            87.1565903,
            53.8016373
          ],
          [
            87.1564474,
            53.8016341
          ],
          [
            87.1561842,
            53.8015932
          ],
          [
            87.1559592,
            53.8015739
          ],
          [
            87.1558095,
            53.8015617
          ],
          [
            87.1556644,
            53.8015776
          ],
          [
            87.1554698,
            53.801617
          ],
          [
            87.1553184,
            53.8017043
          ],
          [
            87.1552043,
            53.8018325
          ],
          [
            87.1549538,
            53.802114
          ],
          [
            87.1547905,
            53.8022543
          ],
          [
            87.1544037,
            53.8024742
          ],
          [
            87.1519472,
            53.8038488
          ],
          [
            87.1513145,
            53.8042004
          ],
          [
            87.1504851,
            53.8045644
          ],
          [
            87.1489029,
            53.8054165
          ],
          [
            87.1486248,
            53.8055006
          ],
          [
            87.1482357,
            53.8055389
          ],
          [
            87.1479947,
            53.8056149
          ],
          [
            87.1477492,
            53.8057974
          ],
          [
            87.1475709,
            53.8060033
          ],
          [
            87.1472385,
            53.8063288
          ],
          [
            87.1468191,
            53.806648
          ],
          [
            87.145917,
            53.8072528
          ],
          [
            87.1449113,
            53.8078458
          ],
          [
            87.1438902,
            53.8084256
          ],
          [
            87.1435177,
            53.8086746
          ],
          [
            87.1433358,
            53.8087962
          ],
          [
            87.1427876,
            53.8092552
          ],
          [
            87.1423119,
            53.8097526
          ],
          [
            87.1417042,
            53.8105935
          ],
          [
            87.1414122,
            53.8110288
          ],
          [
            87.1411481,
            53.811448
          ],
          [
            87.1410794,
            53.8116632
          ],
          [
            87.1410227,
            53.8118405
          ],
          [
            87.1410227,
            53.8122062
          ],
          [
            87.1410391,
            53.8129131
          ],
          [
            87.1408994,
            53.8142205
          ],
          [
            87.1407527,
            53.8156122
          ],
          [
            87.1407447,
            53.8156775
          ],
          [
            87.1406474,
            53.8163093
          ],
          [
            87.1406141,
            53.8169283
          ],
          [
            87.1406143,
            53.817066
          ],
          [
            87.1406146,
            53.8173089
          ],
          [
            87.140615,
            53.8175585
          ],
          [
            87.1407202,
            53.8183042
          ],
          [
            87.1407933,
            53.818621
          ],
          [
            87.1409206,
            53.8189871
          ],
          [
            87.1412392,
            53.8197122
          ],
          [
            87.1415893,
            53.8204188
          ],
          [
            87.1418482,
            53.8208338
          ],
          [
            87.142452,
            53.8217692
          ],
          [
            87.1444217,
            53.824694
          ],
          [
            87.1446552,
            53.8250768
          ],
          [
            87.14479,
            53.8254771
          ],
          [
            87.1451951,
            53.8273346
          ],
          [
            87.1452871,
            53.8277566
          ],
          [
            87.1453169,
            53.8279164
          ],
          [
            87.145565,
            53.829264
          ],
          [
            87.1456572,
            53.8298181
          ],
          [
            87.1456977,
            53.8299359
          ],
          [
            87.1457613,
            53.8301306
          ],
          [
            87.1457905,
            53.8302241
          ],
          [
            87.1459222,
            53.830589
          ],
          [
            87.1459992,
            53.8308008
          ],
          [
            87.1468548,
            53.8329187
          ],
          [
            87.1478169,
            53.8350927
          ],
          [
            87.1482425,
            53.8361691
          ],
          [
            87.1486046,
            53.8372522
          ],
          [
            87.148847,
            53.8379926
          ],
          [
            87.1489721,
            53.8382979
          ],
          [
            87.1491896,
            53.8385752
          ],
          [
            87.1525235,
            53.8420442
          ],
          [
            87.1531044,
            53.8425156
          ],
          [
            87.1539054,
            53.8430868
          ],
          [
            87.1543367,
            53.8434493
          ],
          [
            87.1546781,
            53.8438159
          ],
          [
            87.1553153,
            53.8446498
          ],
          [
            87.1554846,
            53.8447827
          ],
          [
            87.155688,
            53.8448639
          ],
          [
            87.1560589,
            53.8449416
          ],
          [
            87.1564585,
            53.8449669
          ]
        ]
      },
      "id": "way/987927584"
    },
    {
      "type": "Feature",
      "properties": {
        "@id": "way/987927585",
        "highway": "secondary",
        "maxspeed": "60",
        "name": "Заводское шоссе",
        "trolley_wire": "no"
      },
      "geometry": {
        "type": "LineString",
        "coordinates": [
          [
            87.1599924,
            53.8011027
          ],
          [
            87.1600226,
            53.8015803
          ],
          [
            87.1601592,
            53.8024339
          ],
          [
            87.1602129,
            53.8026795
          ],
          [
            87.1603035,
            53.8029724
          ],
          [
            87.1604983,
            53.8034455
          ],
          [
            87.1607751,
            53.8040249
          ],
          [
            87.1611966,
            53.8048348
          ],
          [
            87.1616295,
            53.8056579
          ],
          [
            87.162077,
            53.8064981
          ],
          [
            87.1624856,
            53.8072924
          ],
          [
            87.1638107,
            53.8096333
          ],
          [
            87.1643183,
            53.8105688
          ],
          [
            87.165243,
            53.8121847
          ],
          [
            87.1661033,
            53.813819
          ],
          [
            87.1667263,
            53.8148721
          ],
          [
            87.167366,
            53.81592
          ],
          [
            87.1687925,
            53.8177534
          ],
          [
            87.1702579,
            53.8197111
          ],
          [
            87.1705574,
            53.8201548
          ],
          [
            87.1706288,
            53.8202429
          ],
          [
            87.1712262,
            53.8210856
          ],
          [
            87.1715087,
            53.8214408
          ],
          [
            87.1717671,
            53.8217845
          ],
          [
            87.1727463,
            53.8229567
          ]
        ]
      },
      "id": "way/987927585"
    },
    {
      "type": "Feature",
      "properties": {
        "@id": "way/987949009",
        "highway": "secondary",
        "lanes": "4",
        "maxspeed": "60",
        "name": "Октябрьский проспект",
        "name:etymology:wikidata": "Q42976",
        "surface": "asphalt",
        "trolley_wire": "yes"
      },
      "geometry": {
        "type": "LineString",
        "coordinates": [
          [
            87.1518186,
            53.7478676
          ],
          [
            87.1532386,
            53.7469819
          ],
          [
            87.1536126,
            53.7467475
          ],
          [
            87.1536973,
            53.7466961
          ],
          [
            87.1542754,
            53.746347
          ],
          [
            87.1547752,
            53.7460476
          ],
          [
            87.1549386,
            53.7459537
          ],
          [
            87.1560189,
            53.7453008
          ],
          [
            87.1562261,
            53.7451756
          ]
        ]
      },
      "id": "way/987949009"
    },
    {
      "type": "Feature",
      "properties": {
        "@id": "way/987951626",
        "highway": "secondary",
        "lanes": "4",
        "maxspeed": "60",
        "name": "проспект Бардина",
        "name:en": "Bardin street",
        "name:ru": "проспект Бардина",
        "old_name": "проспект Бардина",
        "old_name:en": "Bardin avenue"
      },
      "geometry": {
        "type": "LineString",
        "coordinates": [
          [
            87.1277222,
            53.7527568
          ],
          [
            87.1278604,
            53.7528334
          ],
          [
            87.1285289,
            53.753214
          ],
          [
            87.1298752,
            53.7539913
          ]
        ]
      },
      "id": "way/987951626"
    },
    {
      "type": "Feature",
      "properties": {
        "@id": "way/988470481",
        "highway": "primary",
        "lanes": "4",
        "maxspeed": "60",
        "name": "Ноградская улица",
        "surface": "asphalt"
      },
      "geometry": {
        "type": "LineString",
        "coordinates": [
          [
            87.1291188,
            53.7761602
          ],
          [
            87.1291645,
            53.7761362
          ],
          [
            87.1292322,
            53.7761007
          ],
          [
            87.1296889,
            53.775866
          ]
        ]
      },
      "id": "way/988470481"
    },
    {
      "type": "Feature",
      "properties": {
        "@id": "way/988747249",
        "highway": "secondary",
        "lanes": "2",
        "name": "Кузнецкое шоссе",
        "surface": "asphalt"
      },
      "geometry": {
        "type": "LineString",
        "coordinates": [
          [
            87.259121,
            53.7811585
          ],
          [
            87.2590881,
            53.781188
          ],
          [
            87.259058,
            53.781215
          ],
          [
            87.2590168,
            53.7812519
          ],
          [
            87.2588458,
            53.7814977
          ]
        ]
      },
      "id": "way/988747249"
    },
    {
      "type": "Feature",
      "properties": {
        "@id": "way/989771986",
        "highway": "primary",
        "lanes": "4",
        "maxspeed": "60",
        "name": "Хлебозаводская улица",
        "surface": "asphalt"
      },
      "geometry": {
        "type": "LineString",
        "coordinates": [
          [
            87.1239421,
            53.7761087
          ],
          [
            87.1237922,
            53.7760678
          ],
          [
            87.1223522,
            53.7756615
          ],
          [
            87.1219979,
            53.7755641
          ],
          [
            87.1207348,
            53.7752148
          ],
          [
            87.1202991,
            53.7750943
          ]
        ]
      },
      "id": "way/989771986"
    },
    {
      "type": "Feature",
      "properties": {
        "@id": "way/995417514",
        "highway": "secondary",
        "maxspeed": "60",
        "name": "Заводское шоссе"
      },
      "geometry": {
        "type": "LineString",
        "coordinates": [
          [
            87.1546897,
            53.7927607
          ],
          [
            87.1556155,
            53.7935519
          ],
          [
            87.1557539,
            53.7936702
          ],
          [
            87.1564648,
            53.7942764
          ],
          [
            87.1571343,
            53.7948904
          ]
        ]
      },
      "id": "way/995417514"
    },
    {
      "type": "Feature",
      "properties": {
        "@id": "way/998099223",
        "highway": "secondary",
        "name": "улица Обнорского"
      },
      "geometry": {
        "type": "LineString",
        "coordinates": [
          [
            87.2037791,
            53.7739566
          ],
          [
            87.2033242,
            53.7738849
          ]
        ]
      },
      "id": "way/998099223"
    },
    {
      "type": "Feature",
      "properties": {
        "@id": "way/998099224",
        "highway": "secondary",
        "name": "улица Обнорского"
      },
      "geometry": {
        "type": "LineString",
        "coordinates": [
          [
            87.2033242,
            53.7738849
          ],
          [
            87.2025325,
            53.7737495
          ],
          [
            87.2023934,
            53.7737272
          ],
          [
            87.1983916,
            53.7731344
          ],
          [
            87.1982604,
            53.7731142
          ],
          [
            87.1954974,
            53.7726855
          ]
        ]
      },
      "id": "way/998099224"
    },
    {
      "type": "Feature",
      "properties": {
        "@id": "way/1005195027",
        "highway": "secondary",
        "lanes": "4",
        "maxspeed": "60",
        "name": "проспект Курако",
        "name:en": "Kurako avenue",
        "name:ru": "проспект Курако",
        "oneway": "yes",
        "surface": "asphalt"
      },
      "geometry": {
        "type": "LineString",
        "coordinates": [
          [
            87.1132427,
            53.7510226
          ],
          [
            87.1124068,
            53.7516912
          ],
          [
            87.1123545,
            53.7517272
          ],
          [
            87.1122512,
            53.7518106
          ],
          [
            87.1118552,
            53.7521255
          ],
          [
            87.111062,
            53.7527448
          ],
          [
            87.1107163,
            53.7530135
          ],
          [
            87.1103201,
            53.7533217
          ],
          [
            87.1091056,
            53.7542999
          ],
          [
            87.1089993,
            53.7543859
          ],
          [
            87.1088282,
            53.7545163
          ],
          [
            87.1085152,
            53.7547656
          ],
          [
            87.1077178,
            53.7554007
          ],
          [
            87.1068177,
            53.7561136
          ],
          [
            87.1059259,
            53.7568279
          ],
          [
            87.1048913,
            53.7576274
          ],
          [
            87.1046721,
            53.7578005
          ],
          [
            87.1044398,
            53.7579816
          ],
          [
            87.103249,
            53.7589107
          ],
          [
            87.1031004,
            53.7590267
          ],
          [
            87.1017866,
            53.7600518
          ]
        ]
      },
      "id": "way/1005195027"
    },
    {
      "type": "Feature",
      "properties": {
        "@id": "way/1005195028",
        "highway": "secondary",
        "lanes": "4",
        "maxspeed": "60",
        "name": "проспект Курако",
        "name:en": "Kurako avenue",
        "name:ru": "проспект Курако",
        "oneway": "yes",
        "surface": "asphalt"
      },
      "geometry": {
        "type": "LineString",
        "coordinates": [
          [
            87.1130851,
            53.7509467
          ],
          [
            87.1133856,
            53.7507125
          ],
          [
            87.1142476,
            53.7500407
          ],
          [
            87.1146206,
            53.7497506
          ],
          [
            87.1155233,
            53.7490446
          ],
          [
            87.1158279,
            53.7488069
          ],
          [
            87.1160687,
            53.7486216
          ],
          [
            87.1168848,
            53.7479951
          ],
          [
            87.1170419,
            53.7478637
          ],
          [
            87.1171697,
            53.7477778
          ]
        ]
      },
      "id": "way/1005195028"
    },
    {
      "type": "Feature",
      "properties": {
        "@id": "way/1005203619",
        "highway": "primary",
        "lanes": "4",
        "maxspeed": "60",
        "name": "Хлебозаводская улица",
        "surface": "asphalt"
      },
      "geometry": {
        "type": "LineString",
        "coordinates": [
          [
            87.1105834,
            53.7723265
          ],
          [
            87.1093748,
            53.7720097
          ]
        ]
      },
      "id": "way/1005203619"
    },
    {
      "type": "Feature",
      "properties": {
        "@id": "way/1005204450",
        "highway": "primary",
        "lanes": "4",
        "maxspeed": "60",
        "name": "Хлебозаводская улица",
        "surface": "asphalt"
      },
      "geometry": {
        "type": "LineString",
        "coordinates": [
          [
            87.1069953,
            53.7714793
          ],
          [
            87.1066612,
            53.7714099
          ],
          [
            87.104182,
            53.7708928
          ],
          [
            87.1038771,
            53.7708263
          ],
          [
            87.1013005,
            53.7702582
          ],
          [
            87.1012221,
            53.7702453
          ]
        ]
      },
      "id": "way/1005204450"
    },
    {
      "type": "Feature",
      "properties": {
        "@id": "way/1021070285",
        "highway": "secondary",
        "maxspeed": "60",
        "name": "Заводское шоссе",
        "oneway": "yes"
      },
      "geometry": {
        "type": "LineString",
        "coordinates": [
          [
            87.1452737,
            53.7828391
          ],
          [
            87.1455532,
            53.7827414
          ]
        ]
      },
      "id": "way/1021070285"
    },
    {
      "type": "Feature",
      "properties": {
        "@id": "way/1021070286",
        "highway": "secondary",
        "maxspeed": "60",
        "name": "Заводское шоссе",
        "oneway": "yes"
      },
      "geometry": {
        "type": "LineString",
        "coordinates": [
          [
            87.1455532,
            53.7827414
          ],
          [
            87.1458752,
            53.7826534
          ],
          [
            87.1460785,
            53.7826461
          ],
          [
            87.1463261,
            53.782691
          ],
          [
            87.146481,
            53.7827778
          ],
          [
            87.1465376,
            53.7828894
          ],
          [
            87.146543,
            53.7830161
          ],
          [
            87.146488,
            53.7831495
          ],
          [
            87.1463395,
            53.7832518
          ],
          [
            87.1462068,
            53.7833183
          ],
          [
            87.1460551,
            53.7834003
          ]
        ]
      },
      "id": "way/1021070286"
    },
    {
      "type": "Feature",
      "properties": {
        "@id": "way/1021070288",
        "highway": "secondary",
        "maxspeed": "60",
        "name": "Заводское шоссе"
      },
      "geometry": {
        "type": "LineString",
        "coordinates": [
          [
            87.1457056,
            53.7834385
          ],
          [
            87.1457716,
            53.7835551
          ]
        ]
      },
      "id": "way/1021070288"
    },
    {
      "type": "Feature",
      "properties": {
        "@id": "way/1029531460",
        "highway": "primary",
        "maxspeed": "60",
        "name": "улица Кирова",
        "name:en": "Kirov street",
        "name:etymology:wikidata": "Q207682",
        "name:ru": "улица Кирова",
        "old_ref": "32К-2",
        "surface": "asphalt"
      },
      "geometry": {
        "type": "LineString",
        "coordinates": [
          [
            87.1280161,
            53.7576532
          ],
          [
            87.127603,
            53.7576557
          ]
        ]
      },
      "id": "way/1029531460"
    },
    {
      "type": "Feature",
      "properties": {
        "@id": "way/1029531461",
        "highway": "primary",
        "maxspeed": "60",
        "name": "улица Кирова",
        "name:en": "Kirov street",
        "name:etymology:wikidata": "Q207682",
        "name:ru": "улица Кирова",
        "old_ref": "32К-2",
        "surface": "asphalt"
      },
      "geometry": {
        "type": "LineString",
        "coordinates": [
          [
            87.127603,
            53.7576557
          ],
          [
            87.1262196,
            53.7576592
          ],
          [
            87.1260683,
            53.7576596
          ],
          [
            87.1258622,
            53.7576622
          ],
          [
            87.1249872,
            53.7576688
          ],
          [
            87.1246149,
            53.7576713
          ],
          [
            87.1243738,
            53.7576748
          ],
          [
            87.123453,
            53.7576817
          ],
          [
            87.1226871,
            53.7576874
          ],
          [
            87.1224751,
            53.7576892
          ],
          [
            87.1220399,
            53.7576929
          ],
          [
            87.1216389,
            53.7576964
          ],
          [
            87.1213938,
            53.7576983
          ],
          [
            87.120699,
            53.7577037
          ],
          [
            87.1201475,
            53.7577081
          ],
          [
            87.1187679,
            53.7577191
          ],
          [
            87.1184385,
            53.7577229
          ]
        ]
      },
      "id": "way/1029531461"
    },
    {
      "type": "Feature",
      "properties": {
        "@id": "way/1056135327",
        "highway": "secondary",
        "lanes": "6",
        "maxspeed": "RU:urban",
        "name": "улица ДОЗ",
        "surface": "asphalt"
      },
      "geometry": {
        "type": "LineString",
        "coordinates": [
          [
            87.1289673,
            53.782907
          ],
          [
            87.1289779,
            53.7824887
          ]
        ]
      },
      "id": "way/1056135327"
    },
    {
      "type": "Feature",
      "properties": {
        "@id": "way/1056135377",
        "highway": "secondary",
        "lanes": "6",
        "maxspeed": "RU:urban",
        "name": "улица ДОЗ",
        "surface": "asphalt"
      },
      "geometry": {
        "type": "LineString",
        "coordinates": [
          [
            87.1289609,
            53.7833151
          ],
          [
            87.1289673,
            53.782907
          ]
        ]
      },
      "id": "way/1056135377"
    },
    {
      "type": "Feature",
      "properties": {
        "@id": "way/1056135582",
        "highway": "secondary",
        "lanes": "6",
        "maxspeed": "RU:urban",
        "name": "улица ДОЗ",
        "surface": "asphalt"
      },
      "geometry": {
        "type": "LineString",
        "coordinates": [
          [
            87.1289125,
            53.7847078
          ],
          [
            87.1289609,
            53.7833151
          ]
        ]
      },
      "id": "way/1056135582"
    },
    {
      "type": "Feature",
      "properties": {
        "@id": "way/1056776624",
        "highway": "secondary",
        "lanes": "6",
        "maxspeed": "RU:urban",
        "name": "улица ДОЗ",
        "surface": "asphalt"
      },
      "geometry": {
        "type": "LineString",
        "coordinates": [
          [
            87.1288746,
            53.7855975
          ],
          [
            87.1289125,
            53.7847078
          ]
        ]
      },
      "id": "way/1056776624"
    },
    {
      "type": "Feature",
      "properties": {
        "@id": "way/1056776626",
        "highway": "secondary",
        "lanes": "6",
        "maxspeed": "RU:urban",
        "name": "улица ДОЗ",
        "surface": "asphalt"
      },
      "geometry": {
        "type": "LineString",
        "coordinates": [
          [
            87.1288144,
            53.7870098
          ],
          [
            87.1288746,
            53.7855975
          ]
        ]
      },
      "id": "way/1056776626"
    },
    {
      "type": "Feature",
      "properties": {
        "@id": "way/1056776627",
        "highway": "secondary",
        "lanes": "6",
        "maxspeed": "RU:urban",
        "name": "улица ДОЗ",
        "surface": "asphalt"
      },
      "geometry": {
        "type": "LineString",
        "coordinates": [
          [
            87.1287832,
            53.7877417
          ],
          [
            87.1288144,
            53.7870098
          ]
        ]
      },
      "id": "way/1056776627"
    },
    {
      "type": "Feature",
      "properties": {
        "@id": "way/1056776628",
        "highway": "secondary",
        "lanes": "6",
        "maxspeed": "RU:urban",
        "name": "улица ДОЗ",
        "surface": "asphalt"
      },
      "geometry": {
        "type": "LineString",
        "coordinates": [
          [
            87.1287883,
            53.7879775
          ],
          [
            87.1287766,
            53.787897
          ],
          [
            87.1287832,
            53.7877417
          ]
        ]
      },
      "id": "way/1056776628"
    },
    {
      "type": "Feature",
      "properties": {
        "@id": "way/1056776629",
        "highway": "secondary",
        "lanes": "6",
        "maxspeed": "RU:urban",
        "name": "улица ДОЗ",
        "surface": "asphalt"
      },
      "geometry": {
        "type": "LineString",
        "coordinates": [
          [
            87.1287935,
            53.7880251
          ],
          [
            87.1287883,
            53.7879775
          ]
        ]
      },
      "id": "way/1056776629"
    },
    {
      "type": "Feature",
      "properties": {
        "@id": "way/1057073063",
        "highway": "secondary",
        "lanes": "6",
        "maxspeed": "RU:urban",
        "name": "улица ДОЗ",
        "surface": "asphalt"
      },
      "geometry": {
        "type": "LineString",
        "coordinates": [
          [
            87.1289779,
            53.7824887
          ],
          [
            87.1290067,
            53.7820565
          ]
        ]
      },
      "id": "way/1057073063"
    },
    {
      "type": "Feature",
      "properties": {
        "@id": "way/1126970571",
        "highway": "secondary",
        "name": "Мурманская улица",
        "oneway": "yes"
      },
      "geometry": {
        "type": "LineString",
        "coordinates": [
          [
            87.3079318,
            53.7821007
          ],
          [
            87.3080645,
            53.7820563
          ]
        ]
      },
      "id": "way/1126970571"
    },
    {
      "type": "Feature",
      "properties": {
        "@id": "way/1126970572",
        "highway": "secondary",
        "name": "Мурманская улица"
      },
      "geometry": {
        "type": "LineString",
        "coordinates": [
          [
            87.3080645,
            53.7820563
          ],
          [
            87.3081426,
            53.7819699
          ]
        ]
      },
      "id": "way/1126970572"
    },
    {
      "type": "Feature",
      "properties": {
        "@id": "way/1147826402",
        "highway": "secondary",
        "lanes": "4",
        "maxspeed": "60",
        "name": "проспект Бардина",
        "name:en": "Bardin street",
        "name:ru": "проспект Бардина",
        "old_name": "проспект Бардина",
        "old_name:en": "Bardin avenue"
      },
      "geometry": {
        "type": "LineString",
        "coordinates": [
          [
            87.1244756,
            53.750883
          ],
          [
            87.1246029,
            53.750957
          ],
          [
            87.1247909,
            53.7510653
          ]
        ]
      },
      "id": "way/1147826402"
    },
    {
      "type": "Feature",
      "properties": {
        "@id": "way/1147826403",
        "highway": "secondary",
        "lanes": "4",
        "maxspeed": "60",
        "name": "проспект Бардина",
        "name:en": "Bardin street",
        "name:ru": "проспект Бардина",
        "old_name": "проспект Бардина",
        "old_name:en": "Bardin avenue"
      },
      "geometry": {
        "type": "LineString",
        "coordinates": [
          [
            87.1243381,
            53.7508026
          ],
          [
            87.1244756,
            53.750883
          ]
        ]
      },
      "id": "way/1147826403"
    },
    {
      "type": "Feature",
      "properties": {
        "@id": "way/1147826404",
        "highway": "secondary",
        "name": "улица Кутузова",
        "name:en": "Kutuzov street",
        "name:ru": "улица Кутузова",
        "oneway": "yes",
        "surface": "asphalt"
      },
      "geometry": {
        "type": "LineString",
        "coordinates": [
          [
            87.1243381,
            53.7508026
          ],
          [
            87.1245689,
            53.7506574
          ],
          [
            87.126044,
            53.7497522
          ],
          [
            87.1269863,
            53.7491773
          ],
          [
            87.1279393,
            53.7485985
          ],
          [
            87.1283491,
            53.7483519
          ],
          [
            87.128821,
            53.7480709
          ],
          [
            87.1289318,
            53.7480051
          ],
          [
            87.1290265,
            53.7479483
          ],
          [
            87.1301096,
            53.7472847
          ],
          [
            87.1316255,
            53.7463439
          ],
          [
            87.1317485,
            53.7462528
          ],
          [
            87.1317973,
            53.7462111
          ],
          [
            87.1318394,
            53.7461857
          ],
          [
            87.1318693,
            53.7461676
          ]
        ]
      },
      "id": "way/1147826404"
    },
    {
      "type": "Feature",
      "properties": {
        "@id": "way/1147826405",
        "highway": "secondary",
        "lanes": "4",
        "maxspeed": "60",
        "name": "проспект Бардина",
        "name:en": "Bardin street",
        "name:ru": "проспект Бардина",
        "old_name": "проспект Бардина",
        "old_name:en": "Bardin avenue"
      },
      "geometry": {
        "type": "LineString",
        "coordinates": [
          [
            87.1257749,
            53.7516394
          ],
          [
            87.1273792,
            53.7525606
          ],
          [
            87.1277222,
            53.7527568
          ]
        ]
      },
      "id": "way/1147826405"
    },
    {
      "type": "Feature",
      "properties": {
        "@id": "way/1198125681",
        "highway": "secondary",
        "lanes": "3",
        "maxspeed": "RU:urban",
        "name": "проспект Металлургов",
        "oneway": "yes",
        "surface": "asphalt"
      },
      "geometry": {
        "type": "LineString",
        "coordinates": [
          [
            87.118337,
            53.7480604
          ],
          [
            87.1182883,
            53.7481033
          ],
          [
            87.118248,
            53.7481557
          ],
          [
            87.1182051,
            53.7482151
          ],
          [
            87.118181,
            53.7483317
          ],
          [
            87.1182503,
            53.7498371
          ]
        ]
      },
      "id": "way/1198125681"
    },
    {
      "type": "Feature",
      "properties": {
        "@id": "way/1198125682",
        "highway": "secondary",
        "lanes": "3",
        "maxspeed": "RU:urban",
        "name": "проспект Металлургов",
        "oneway": "yes",
        "surface": "asphalt",
        "turn:lanes": "left|through|through;right"
      },
      "geometry": {
        "type": "LineString",
        "coordinates": [
          [
            87.1182636,
            53.7510058
          ],
          [
            87.1182748,
            53.7519734
          ]
        ]
      },
      "id": "way/1198125682"
    },
    {
      "type": "Feature",
      "properties": {
        "@id": "way/1198125683",
        "highway": "secondary",
        "lanes": "3",
        "maxspeed": "RU:urban",
        "name": "проспект Металлургов",
        "oneway": "yes",
        "surface": "asphalt"
      },
      "geometry": {
        "type": "LineString",
        "coordinates": [
          [
            87.118103,
            53.7520944
          ],
          [
            87.1180947,
            53.7519758
          ],
          [
            87.1180743,
            53.7510231
          ],
          [
            87.1180578,
            53.7498276
          ]
        ]
      },
      "id": "way/1198125683"
    },
    {
      "type": "Feature",
      "properties": {
        "@id": "way/1198125684",
        "highway": "secondary",
        "lanes": "4",
        "maxspeed": "RU:urban",
        "name": "проспект Металлургов",
        "oneway": "yes",
        "surface": "asphalt",
        "turn:lanes": "left|through|through;right|right"
      },
      "geometry": {
        "type": "LineString",
        "coordinates": [
          [
            87.1181244,
            53.7529698
          ],
          [
            87.118103,
            53.7520944
          ]
        ]
      },
      "id": "way/1198125684"
    },
    {
      "type": "Feature",
      "properties": {
        "@id": "way/1198125685",
        "highway": "secondary",
        "lanes": "3",
        "maxspeed": "RU:urban",
        "name": "проспект Металлургов",
        "oneway": "yes",
        "surface": "asphalt",
        "turn:lanes": "through;left|through|through"
      },
      "geometry": {
        "type": "LineString",
        "coordinates": [
          [
            87.1182748,
            53.7519734
          ],
          [
            87.1182761,
            53.752095
          ],
          [
            87.1183121,
            53.7529682
          ]
        ]
      },
      "id": "way/1198125685"
    },
    {
      "type": "Feature",
      "properties": {
        "@id": "way/1198125689",
        "highway": "secondary",
        "lanes": "4",
        "maxspeed": "40",
        "name": "проспект Металлургов",
        "oneway": "yes",
        "surface": "asphalt",
        "turn:lanes": "through|through|through|right"
      },
      "geometry": {
        "type": "LineString",
        "coordinates": [
          [
            87.1183942,
            53.7568753
          ],
          [
            87.1184323,
            53.7576047
          ],
          [
            87.1184385,
            53.7577229
          ]
        ]
      },
      "id": "way/1198125689"
    },
    {
      "type": "Feature",
      "properties": {
        "@id": "way/1198125691",
        "highway": "secondary",
        "lanes": "3",
        "maxspeed": "RU:urban",
        "name": "проспект Металлургов",
        "oneway": "yes",
        "surface": "asphalt"
      },
      "geometry": {
        "type": "LineString",
        "coordinates": [
          [
            87.1185472,
            53.7607462
          ],
          [
            87.1185465,
            53.7607985
          ]
        ]
      },
      "id": "way/1198125691"
    },
    {
      "type": "Feature",
      "properties": {
        "@id": "way/1198125692",
        "highway": "secondary",
        "lanes": "3",
        "maxspeed": "RU:urban",
        "name": "проспект Металлургов",
        "oneway": "yes",
        "surface": "asphalt",
        "turn:lanes": "through;left|through|through"
      },
      "geometry": {
        "type": "LineString",
        "coordinates": [
          [
            87.1185034,
            53.7596886
          ],
          [
            87.1185428,
            53.7606404
          ],
          [
            87.1185472,
            53.7607462
          ]
        ]
      },
      "id": "way/1198125692"
    },
    {
      "type": "Feature",
      "properties": {
        "@id": "way/1198125693",
        "highway": "secondary",
        "lanes": "3",
        "maxspeed": "RU:urban",
        "name": "проспект Металлургов",
        "oneway": "yes",
        "surface": "asphalt"
      },
      "geometry": {
        "type": "LineString",
        "coordinates": [
          [
            87.1183611,
            53.7607484
          ],
          [
            87.1183553,
            53.7606397
          ],
          [
            87.1183042,
            53.7596791
          ]
        ]
      },
      "id": "way/1198125693"
    },
    {
      "type": "Feature",
      "properties": {
        "@id": "way/1198125697",
        "highway": "secondary",
        "lanes": "3",
        "maxspeed": "RU:urban",
        "name": "проспект Металлургов",
        "oneway": "yes",
        "surface": "asphalt"
      },
      "geometry": {
        "type": "LineString",
        "coordinates": [
          [
            87.1185465,
            53.7607985
          ],
          [
            87.1185457,
            53.7608592
          ],
          [
            87.1185612,
            53.7616121
          ]
        ]
      },
      "id": "way/1198125697"
    },
    {
      "type": "Feature",
      "properties": {
        "@id": "way/1198125700",
        "highway": "secondary",
        "lanes": "3",
        "maxspeed": "RU:urban",
        "name": "проспект Металлургов",
        "oneway": "yes",
        "surface": "asphalt",
        "turn:lanes": "through;reverse|through|through;right"
      },
      "geometry": {
        "type": "LineString",
        "coordinates": [
          [
            87.1183606,
            53.7608041
          ],
          [
            87.1183611,
            53.7607484
          ]
        ]
      },
      "id": "way/1198125700"
    },
    {
      "type": "Feature",
      "properties": {
        "@id": "way/1198125701",
        "highway": "secondary",
        "lanes": "4",
        "maxspeed": "RU:urban",
        "name": "проспект Металлургов",
        "oneway": "yes",
        "surface": "asphalt",
        "turn:lanes": "left|through|through;right|right"
      },
      "geometry": {
        "type": "LineString",
        "coordinates": [
          [
            87.1185741,
            53.7625346
          ],
          [
            87.1185972,
            53.7632379
          ]
        ]
      },
      "id": "way/1198125701"
    },
    {
      "type": "Feature",
      "properties": {
        "@id": "way/1198125702",
        "highway": "secondary",
        "lanes": "3",
        "maxspeed": "40",
        "name": "проспект Металлургов",
        "oneway": "yes",
        "surface": "asphalt",
        "turn:lanes": "through;left|through|through;right"
      },
      "geometry": {
        "type": "LineString",
        "coordinates": [
          [
            87.118633,
            53.7647745
          ],
          [
            87.1186556,
            53.7652518
          ]
        ]
      },
      "id": "way/1198125702"
    },
    {
      "type": "Feature",
      "properties": {
        "@id": "way/1198125703",
        "highway": "secondary",
        "lanes": "3",
        "maxspeed": "20",
        "name": "проспект Металлургов",
        "oneway": "yes",
        "surface": "asphalt",
        "turn:lanes": "through;left|through|through;right"
      },
      "geometry": {
        "type": "LineString",
        "coordinates": [
          [
            87.1186556,
            53.7652518
          ],
          [
            87.1186581,
            53.7653569
          ],
          [
            87.1186622,
            53.7654683
          ]
        ]
      },
      "id": "way/1198125703"
    },
    {
      "type": "Feature",
      "properties": {
        "@id": "way/1198125704",
        "highway": "secondary",
        "lanes": "3",
        "maxspeed": "20",
        "name": "проспект Металлургов",
        "oneway": "yes",
        "surface": "asphalt",
        "turn:lanes": "through;left|through|through;right"
      },
      "geometry": {
        "type": "LineString",
        "coordinates": [
          [
            87.1184804,
            53.7655775
          ],
          [
            87.1184779,
            53.7654739
          ]
        ]
      },
      "id": "way/1198125704"
    },
    {
      "type": "Feature",
      "properties": {
        "@id": "way/1198125705",
        "highway": "secondary",
        "lanes": "3",
        "maxspeed": "40",
        "name": "проспект Металлургов",
        "oneway": "yes",
        "surface": "asphalt",
        "turn:lanes": "through;left|through|through;right"
      },
      "geometry": {
        "type": "LineString",
        "coordinates": [
          [
            87.1184944,
            53.7661693
          ],
          [
            87.1184816,
            53.765606
          ],
          [
            87.1184804,
            53.7655775
          ]
        ]
      },
      "id": "way/1198125705"
    },
    {
      "type": "Feature",
      "properties": {
        "@id": "way/1198125706",
        "highway": "secondary",
        "lanes": "3",
        "maxspeed": "RU:urban",
        "oneway": "yes",
        "surface": "asphalt"
      },
      "geometry": {
        "type": "LineString",
        "coordinates": [
          [
            87.1186513,
            53.7698842
          ],
          [
            87.1184571,
            53.7694916
          ],
          [
            87.1183502,
            53.7693354
          ]
        ]
      },
      "id": "way/1198125706"
    },
    {
      "type": "Feature",
      "properties": {
        "@id": "way/1198125709",
        "highway": "secondary",
        "lanes": "6",
        "maxspeed:backward": "40",
        "maxspeed:forward": "RU:urban",
        "name": "проспект Строителей",
        "surface": "asphalt"
      },
      "geometry": {
        "type": "LineString",
        "coordinates": [
          [
            87.1216193,
            53.7718198
          ],
          [
            87.1209267,
            53.7713731
          ]
        ]
      },
      "id": "way/1198125709"
    },
    {
      "type": "Feature",
      "properties": {
        "@id": "way/1198125710",
        "highway": "secondary",
        "lanes": "6",
        "maxspeed:backward": "20",
        "maxspeed:forward": "RU:urban",
        "name": "проспект Строителей",
        "surface": "asphalt"
      },
      "geometry": {
        "type": "LineString",
        "coordinates": [
          [
            87.1217515,
            53.7719079
          ],
          [
            87.1216193,
            53.7718198
          ]
        ]
      },
      "id": "way/1198125710"
    },
    {
      "type": "Feature",
      "properties": {
        "@id": "way/1198125711",
        "highway": "secondary",
        "lanes": "6",
        "maxspeed:backward": "RU:urban",
        "maxspeed:forward": "20",
        "name": "проспект Строителей",
        "surface": "asphalt"
      },
      "geometry": {
        "type": "LineString",
        "coordinates": [
          [
            87.1219019,
            53.7720074
          ],
          [
            87.1217515,
            53.7719079
          ]
        ]
      },
      "id": "way/1198125711"
    },
    {
      "type": "Feature",
      "properties": {
        "@id": "way/1198125712",
        "highway": "secondary",
        "lanes": "6",
        "maxspeed:backward": "RU:urban",
        "maxspeed:forward": "40",
        "name": "проспект Строителей",
        "surface": "asphalt"
      },
      "geometry": {
        "type": "LineString",
        "coordinates": [
          [
            87.1226429,
            53.7724977
          ],
          [
            87.1225325,
            53.7724246
          ],
          [
            87.1219019,
            53.7720074
          ]
        ]
      },
      "id": "way/1198125712"
    },
    {
      "type": "Feature",
      "properties": {
        "@id": "way/1198125713",
        "highway": "secondary",
        "lanes": "6",
        "maxspeed": "RU:urban",
        "name": "проспект Строителей",
        "surface": "asphalt"
      },
      "geometry": {
        "type": "LineString",
        "coordinates": [
          [
            87.1267638,
            53.7754658
          ],
          [
            87.1267326,
            53.7754403
          ]
        ]
      },
      "id": "way/1198125713"
    },
    {
      "type": "Feature",
      "properties": {
        "@id": "way/1198125714",
        "highway": "secondary",
        "lanes": "6",
        "maxspeed": "RU:urban",
        "name": "проспект Строителей",
        "surface": "asphalt",
        "turn:lanes:backward": "through|through|through;right"
      },
      "geometry": {
        "type": "LineString",
        "coordinates": [
          [
            87.1250165,
            53.7740886
          ],
          [
            87.1240056,
            53.7734013
          ]
        ]
      },
      "id": "way/1198125714"
    },
    {
      "type": "Feature",
      "properties": {
        "@id": "way/1198125715",
        "highway": "secondary",
        "lanes": "6",
        "maxspeed": "RU:urban",
        "name": "проспект Строителей",
        "surface": "asphalt",
        "turn:lanes:forward": "through;left|through|through"
      },
      "geometry": {
        "type": "LineString",
        "coordinates": [
          [
            87.1259164,
            53.7747652
          ],
          [
            87.1254927,
            53.7744255
          ],
          [
            87.1251659,
            53.7741933
          ],
          [
            87.1250165,
            53.7740886
          ]
        ]
      },
      "id": "way/1198125715"
    },
    {
      "type": "Feature",
      "properties": {
        "@id": "way/1198125716",
        "highway": "secondary",
        "lanes": "5",
        "lanes:backward": "2",
        "lanes:forward": "3",
        "maxspeed:backward": "50",
        "maxspeed:forward": "RU:urban",
        "name": "улица ДОЗ",
        "surface": "asphalt"
      },
      "geometry": {
        "type": "LineString",
        "coordinates": [
          [
            87.1310341,
            53.7794882
          ],
          [
            87.1307874,
            53.7789335
          ]
        ]
      },
      "id": "way/1198125716"
    },
    {
      "type": "Feature",
      "properties": {
        "@id": "way/1198125717",
        "highway": "secondary",
        "lanes": "5",
        "lanes:backward": "3",
        "lanes:forward": "2",
        "maxspeed:backward": "50",
        "maxspeed:forward": "RU:urban",
        "name": "улица ДОЗ",
        "surface": "asphalt"
      },
      "geometry": {
        "type": "LineString",
        "coordinates": [
          [
            87.1310422,
            53.7798908
          ],
          [
            87.1310878,
            53.7797418
          ],
          [
            87.1310341,
            53.7794882
          ]
        ]
      },
      "id": "way/1198125717"
    },
    {
      "type": "Feature",
      "properties": {
        "@id": "way/1198125718",
        "highway": "secondary",
        "lanes": "3",
        "maxspeed": "50",
        "oneway": "yes",
        "surface": "asphalt",
        "turn:lanes": "slight_right|slight_right|slight_right"
      },
      "geometry": {
        "type": "LineString",
        "coordinates": [
          [
            87.1296005,
            53.778765
          ],
          [
            87.1296532,
            53.7786568
          ],
          [
            87.1298343,
            53.7782851
          ],
          [
            87.1297108,
            53.7779291
          ]
        ]
      },
      "id": "way/1198125718"
    },
    {
      "type": "Feature",
      "properties": {
        "@id": "way/1198125719",
        "highway": "secondary",
        "lanes": "2",
        "maxspeed": "RU:urban",
        "oneway": "yes",
        "surface": "asphalt",
        "turn:lanes": "left|left"
      },
      "geometry": {
        "type": "LineString",
        "coordinates": [
          [
            87.1314847,
            53.7809146
          ],
          [
            87.132631,
            53.7810907
          ],
          [
            87.1328379,
            53.7810818
          ],
          [
            87.1331974,
            53.7810238
          ]
        ]
      },
      "id": "way/1198125719"
    },
    {
      "type": "Feature",
      "properties": {
        "@id": "way/1198125720",
        "highway": "secondary",
        "lanes": "6",
        "maxspeed": "RU:urban",
        "name": "проспект Строителей",
        "surface": "asphalt"
      },
      "geometry": {
        "type": "LineString",
        "coordinates": [
          [
            87.1306533,
            53.7787988
          ],
          [
            87.1304548,
            53.7786149
          ],
          [
            87.1297108,
            53.7779291
          ]
        ]
      },
      "id": "way/1198125720"
    },
    {
      "type": "Feature",
      "properties": {
        "@id": "way/1211610247",
        "highway": "primary",
        "name": "улица Димитрова",
        "old_ref": "32К-2",
        "surface": "asphalt"
      },
      "geometry": {
        "type": "LineString",
        "coordinates": [
          [
            87.0604963,
            53.7515839
          ],
          [
            87.0599914,
            53.751698
          ]
        ]
      },
      "id": "way/1211610247"
    },
    {
      "type": "Feature",
      "properties": {
        "@id": "way/1211610249",
        "highway": "primary",
        "name": "улица Димитрова",
        "old_ref": "32К-2",
        "surface": "asphalt"
      },
      "geometry": {
        "type": "LineString",
        "coordinates": [
          [
            87.0606755,
            53.7515467
          ],
          [
            87.0604963,
            53.7515839
          ]
        ]
      },
      "id": "way/1211610249"
    },
    {
      "type": "Feature",
      "properties": {
        "@id": "way/1223353268",
        "highway": "primary",
        "lanes": "4",
        "maxspeed": "RU:urban",
        "name": "улица Куйбышева",
        "name:etymology:wikidata": "Q443703",
        "old_ref": "32К-2",
        "surface": "asphalt"
      },
      "geometry": {
        "type": "LineString",
        "coordinates": [
          [
            87.0946215,
            53.7570708
          ],
          [
            87.0945427,
            53.7570698
          ]
        ]
      },
      "id": "way/1223353268"
    },
    {
      "type": "Feature",
      "properties": {
        "@id": "way/1223353269",
        "highway": "primary",
        "lanes": "4",
        "maxspeed": "RU:urban",
        "name": "улица Куйбышева",
        "name:etymology:wikidata": "Q443703",
        "old_ref": "32К-2",
        "surface": "asphalt",
        "turn:lanes:backward": "left;through|through;right"
      },
      "geometry": {
        "type": "LineString",
        "coordinates": [
          [
            87.0945427,
            53.7570698
          ],
          [
            87.0927245,
            53.7570784
          ]
        ]
      },
      "id": "way/1223353269"
    },
    {
      "type": "Feature",
      "properties": {
        "@id": "way/1223994872",
        "highway": "secondary",
        "name": "Кузнецкстроевский проспект",
        "oneway": "yes"
      },
      "geometry": {
        "type": "LineString",
        "coordinates": [
          [
            87.1231403,
            53.767294
          ],
          [
            87.1233384,
            53.7671897
          ]
        ]
      },
      "id": "way/1223994872"
    },
    {
      "type": "Feature",
      "properties": {
        "@id": "way/1230434815",
        "highway": "primary",
        "lanes": "3",
        "lanes:backward": "1",
        "lanes:forward": "2",
        "maxspeed": "RU:urban",
        "name": "улица Кирова",
        "name:en": "Kirov street",
        "name:etymology:wikidata": "Q207682",
        "name:ru": "улица Кирова",
        "old_ref": "32К-2",
        "surface": "asphalt",
        "turn:lanes:forward": "left|through;right"
      },
      "geometry": {
        "type": "LineString",
        "coordinates": [
          [
            87.1050205,
            53.7578556
          ],
          [
            87.1048991,
            53.7578491
          ],
          [
            87.1046721,
            53.7578005
          ]
        ]
      },
      "id": "way/1230434815"
    },
    {
      "type": "Feature",
      "properties": {
        "@id": "way/1230434816",
        "highway": "primary",
        "lanes": "3",
        "lanes:backward": "1",
        "lanes:forward": "2",
        "maxspeed": "40",
        "name": "улица Кирова",
        "name:en": "Kirov street",
        "name:etymology:wikidata": "Q207682",
        "name:ru": "улица Кирова",
        "old_ref": "32К-2",
        "surface": "asphalt"
      },
      "geometry": {
        "type": "LineString",
        "coordinates": [
          [
            87.1078338,
            53.7578221
          ],
          [
            87.1072443,
            53.7578298
          ],
          [
            87.1061602,
            53.7578424
          ],
          [
            87.1050205,
            53.7578556
          ]
        ]
      },
      "id": "way/1230434816"
    },
    {
      "type": "Feature",
      "properties": {
        "@id": "way/1230434817",
        "highway": "primary",
        "lanes": "4",
        "maxspeed": "RU:urban",
        "name": "улица Куйбышева",
        "name:etymology:wikidata": "Q443703",
        "old_ref": "32К-2",
        "surface": "asphalt"
      },
      "geometry": {
        "type": "LineString",
        "coordinates": [
          [
            87.0965861,
            53.7570465
          ],
          [
            87.0955295,
            53.7570608
          ],
          [
            87.0946215,
            53.7570708
          ]
        ]
      },
      "id": "way/1230434817"
    },
    {
      "type": "Feature",
      "properties": {
        "@id": "way/1230434818",
        "highway": "primary",
        "lanes": "5",
        "lanes:backward": "2",
        "lanes:forward": "3",
        "maxspeed": "RU:urban",
        "name": "улица Куйбышева",
        "name:etymology:wikidata": "Q443703",
        "old_ref": "32К-2",
        "surface": "asphalt",
        "turn:lanes:backward": "left;through|through;right"
      },
      "geometry": {
        "type": "LineString",
        "coordinates": [
          [
            87.092048,
            53.7570831
          ],
          [
            87.0917135,
            53.7570851
          ],
          [
            87.0909428,
            53.7570937
          ]
        ]
      },
      "id": "way/1230434818"
    },
    {
      "type": "Feature",
      "properties": {
        "@id": "way/1272635872",
        "highway": "primary",
        "lanes": "4",
        "maxspeed": "60",
        "name": "Транспортная улица",
        "surface": "asphalt"
      },
      "geometry": {
        "type": "LineString",
        "coordinates": [
          [
            87.1706831,
            53.7500207
          ],
          [
            87.1718911,
            53.7505431
          ],
          [
            87.1727683,
            53.7509754
          ],
          [
            87.1738822,
            53.7515943
          ]
        ]
      },
      "id": "way/1272635872"
    },
    {
      "type": "Feature",
      "properties": {
        "@id": "way/1272635873",
        "highway": "primary",
        "lanes": "4",
        "maxspeed": "60",
        "name": "Транспортная улица",
        "surface": "asphalt"
      },
      "geometry": {
        "type": "LineString",
        "coordinates": [
          [
            87.1738822,
            53.7515943
          ],
          [
            87.1750854,
            53.7522144
          ],
          [
            87.175909,
            53.7527163
          ],
          [
            87.1765943,
            53.7531414
          ]
        ]
      },
      "id": "way/1272635873"
    },
    {
      "type": "Feature",
      "properties": {
        "@id": "way/1289545279",
        "highway": "secondary",
        "name": "Октябрьский проспект",
        "name:etymology:wikidata": "Q42976",
        "oneway": "yes"
      },
      "geometry": {
        "type": "LineString",
        "coordinates": [
          [
            87.1421209,
            53.7537284
          ],
          [
            87.1433061,
            53.7530058
          ],
          [
            87.1434342,
            53.7529291
          ],
          [
            87.1438103,
            53.7527021
          ],
          [
            87.1438865,
            53.7526552
          ],
          [
            87.1446874,
            53.7521608
          ],
          [
            87.144935,
            53.7520111
          ],
          [
            87.1455674,
            53.7516226
          ],
          [
            87.146153,
            53.7512629
          ],
          [
            87.1465078,
            53.7510422
          ],
          [
            87.147271,
            53.7505795
          ],
          [
            87.1483894,
            53.7498949
          ],
          [
            87.1485951,
            53.7497701
          ],
          [
            87.1492309,
            53.749376
          ],
          [
            87.1501807,
            53.7487873
          ],
          [
            87.1510743,
            53.7482509
          ],
          [
            87.1511027,
            53.7482357
          ],
          [
            87.1511204,
            53.7482252
          ],
          [
            87.1513601,
            53.7481007
          ],
          [
            87.1514057,
            53.7480828
          ],
          [
            87.1515346,
            53.7480324
          ]
        ]
      },
      "id": "way/1289545279"
    },
    {
      "type": "Feature",
      "properties": {
        "@id": "way/1302993132",
        "highway": "secondary",
        "name": "улица Ленина",
        "name:etymology:wikidata": "Q1394",
        "oneway": "yes"
      },
      "geometry": {
        "type": "LineString",
        "coordinates": [
          [
            87.2134412,
            53.780758
          ],
          [
            87.2146588,
            53.7812813
          ],
          [
            87.2151027,
            53.7814803
          ],
          [
            87.2153045,
            53.7815687
          ],
          [
            87.2169677,
            53.7822973
          ],
          [
            87.2175354,
            53.7825486
          ],
          [
            87.2185404,
            53.7829921
          ],
          [
            87.2195349,
            53.7834406
          ],
          [
            87.2203228,
            53.7837923
          ],
          [
            87.2204671,
            53.783857
          ],
          [
            87.2207247,
            53.7839705
          ],
          [
            87.2207933,
            53.7840008
          ],
          [
            87.2208848,
            53.7840425
          ],
          [
            87.2209968,
            53.7840913
          ],
          [
            87.2210879,
            53.7841508
          ],
          [
            87.2211423,
            53.7842054
          ],
          [
            87.2211434,
            53.7842137
          ],
          [
            87.2211475,
            53.7842444
          ],
          [
            87.2211523,
            53.7842569
          ],
          [
            87.2211672,
            53.784314
          ],
          [
            87.2211745,
            53.7843756
          ]
        ]
      },
      "id": "way/1302993132"
    },
    {
      "type": "Feature",
      "properties": {
        "@id": "way/1302993133",
        "highway": "secondary",
        "name": "улица Ленина",
        "name:etymology:wikidata": "Q1394",
        "oneway": "yes"
      },
      "geometry": {
        "type": "LineString",
        "coordinates": [
          [
            87.2211745,
            53.7843756
          ],
          [
            87.218521,
            53.7831836
          ],
          [
            87.2168005,
            53.7824127
          ],
          [
            87.2156347,
            53.7818883
          ],
          [
            87.2150576,
            53.7816349
          ],
          [
            87.214783,
            53.7815144
          ],
          [
            87.2136932,
            53.781036
          ]
        ]
      },
      "id": "way/1302993133"
    },
    {
      "type": "Feature",
      "properties": {
        "@id": "way/1303403035",
        "access": "bus",
        "bicycle": "yes",
        "foot": "yes",
        "highway": "secondary",
        "horse": "yes",
        "lanes": "1",
        "motor_vehicle": "no",
        "name": "Улица Разведчиков",
        "oneway": "yes",
        "surface": "asphalt"
      },
      "geometry": {
        "type": "LineString",
        "coordinates": [
          [
            87.3209972,
            53.7838658
          ],
          [
            87.323382,
            53.7840377
          ],
          [
            87.3247224,
            53.7841322
          ],
          [
            87.3260862,
            53.7842305
          ],
          [
            87.3273687,
            53.7843149
          ],
          [
            87.3285375,
            53.7843967
          ],
          [
            87.329791,
            53.7844802
          ],
          [
            87.3310621,
            53.7845922
          ],
          [
            87.3332627,
            53.7848776
          ],
          [
            87.3333942,
            53.7848951
          ],
          [
            87.3337321,
            53.7849374
          ],
          [
            87.3341676,
            53.7850217
          ],
          [
            87.3343924,
            53.7850759
          ],
          [
            87.33465,
            53.7851541
          ],
          [
            87.3347317,
            53.7851887
          ],
          [
            87.3348121,
            53.7852291
          ],
          [
            87.334875,
            53.785269
          ],
          [
            87.335029,
            53.785383
          ],
          [
            87.3351856,
            53.7855371
          ],
          [
            87.3353747,
            53.7857453
          ],
          [
            87.3361082,
            53.7866901
          ],
          [
            87.3366985,
            53.7875019
          ],
          [
            87.3368646,
            53.7876974
          ],
          [
            87.3370102,
            53.7878279
          ],
          [
            87.3371407,
            53.787923
          ]
        ]
      },
      "id": "way/1303403035"
    },
    {
      "type": "Feature",
      "properties": {
        "@id": "way/1303403036",
        "access": "bus",
        "bicycle": "no",
        "foot": "yes",
        "highway": "secondary",
        "horse": "no",
        "lanes": "1",
        "motor_vehicle": "no",
        "name": "Улица Зыряновская",
        "oneway": "yes",
        "surface": "asphalt"
      },
      "geometry": {
        "type": "LineString",
        "coordinates": [
          [
            87.3371407,
            53.787923
          ],
          [
            87.3372558,
            53.7879942
          ],
          [
            87.3373909,
            53.7880553
          ],
          [
            87.3385068,
            53.7884635
          ],
          [
            87.3390089,
            53.7886555
          ],
          [
            87.3409926,
            53.7894083
          ],
          [
            87.3421713,
            53.7898501
          ],
          [
            87.3423735,
            53.7899254
          ],
          [
            87.34616,
            53.7913372
          ],
          [
            87.3472802,
            53.7917561
          ],
          [
            87.3477975,
            53.7919618
          ],
          [
            87.3479666,
            53.792044
          ],
          [
            87.3481295,
            53.7921339
          ],
          [
            87.3488201,
            53.7925851
          ],
          [
            87.3489519,
            53.7926682
          ],
          [
            87.3497121,
            53.7931531
          ],
          [
            87.3498401,
            53.7932343
          ],
          [
            87.3506326,
            53.7937452
          ],
          [
            87.3527253,
            53.7951026
          ],
          [
            87.353761,
            53.7958014
          ],
          [
            87.3538748,
            53.7958636
          ],
          [
            87.3540518,
            53.7959507
          ],
          [
            87.3542966,
            53.7960462
          ],
          [
            87.3572843,
            53.797059
          ],
          [
            87.3594574,
            53.7978302
          ],
          [
            87.3609118,
            53.7983425
          ],
          [
            87.361121,
            53.7984008
          ],
          [
            87.3612115,
            53.7984217
          ],
          [
            87.3614335,
            53.7984566
          ],
          [
            87.3617923,
            53.7984855
          ],
          [
            87.3619464,
            53.7985102
          ],
          [
            87.3629539,
            53.7987111
          ],
          [
            87.3663446,
            53.7994011
          ],
          [
            87.3669571,
            53.7995241
          ],
          [
            87.3680065,
            53.7997383
          ],
          [
            87.3684507,
            53.7998289
          ],
          [
            87.3696773,
            53.8000793
          ],
          [
            87.3696921,
            53.8001107
          ]
        ]
      },
      "id": "way/1303403036"
    },
    {
      "type": "Feature",
      "properties": {
        "@id": "way/1303604122",
        "highway": "secondary",
        "lanes": "4",
        "maxspeed": "60",
        "name": "проспект Бардина",
        "name:en": "Bardin street",
        "name:ru": "проспект Бардина",
        "old_name": "проспект Бардина",
        "old_name:en": "Bardin avenue"
      },
      "geometry": {
        "type": "LineString",
        "coordinates": [
          [
            87.1232258,
            53.7501594
          ],
          [
            87.1242451,
            53.7507492
          ],
          [
            87.1243381,
            53.7508026
          ]
        ]
      },
      "id": "way/1303604122"
    },
    {
      "type": "Feature",
      "properties": {
        "@id": "way/1303604125",
        "highway": "secondary",
        "lanes": "4",
        "maxspeed": "60",
        "name": "проспект Бардина",
        "name:en": "Bardin street",
        "name:ru": "проспект Бардина",
        "old_name": "проспект Бардина",
        "old_name:en": "Bardin avenue"
      },
      "geometry": {
        "type": "LineString",
        "coordinates": [
          [
            87.1227576,
            53.7498855
          ],
          [
            87.1232258,
            53.7501594
          ]
        ]
      },
      "id": "way/1303604125"
    },
    {
      "type": "Feature",
      "properties": {
        "@id": "way/1303604126",
        "highway": "secondary",
        "lanes": "4",
        "maxspeed": "60",
        "name": "проспект Бардина",
        "name:en": "Bardin street",
        "name:ru": "проспект Бардина",
        "old_name": "проспект Бардина",
        "old_name:en": "Bardin avenue"
      },
      "geometry": {
        "type": "LineString",
        "coordinates": [
          [
            87.1208609,
            53.7487906
          ],
          [
            87.1213299,
            53.7490597
          ]
        ]
      },
      "id": "way/1303604126"
    },
    {
      "type": "Feature",
      "properties": {
        "@id": "way/1303604127",
        "highway": "secondary",
        "lanes": "4",
        "maxspeed": "60",
        "name": "проспект Бардина",
        "name:en": "Bardin street",
        "name:ru": "проспект Бардина",
        "old_name": "проспект Бардина",
        "old_name:en": "Bardin avenue"
      },
      "geometry": {
        "type": "LineString",
        "coordinates": [
          [
            87.1205137,
            53.7485873
          ],
          [
            87.1208609,
            53.7487906
          ]
        ]
      },
      "id": "way/1303604127"
    },
    {
      "type": "Feature",
      "properties": {
        "@id": "way/1303604128",
        "highway": "secondary",
        "lanes": "4",
        "maxspeed": "60",
        "name": "проспект Бардина",
        "name:en": "Bardin street",
        "name:ru": "проспект Бардина",
        "old_name": "проспект Бардина",
        "old_name:en": "Bardin avenue"
      },
      "geometry": {
        "type": "LineString",
        "coordinates": [
          [
            87.1196422,
            53.748084
          ],
          [
            87.1205137,
            53.7485873
          ]
        ]
      },
      "id": "way/1303604128"
    },
    {
      "type": "Feature",
      "properties": {
        "@id": "way/1314300409",
        "highway": "secondary",
        "lanes": "2",
        "maxspeed": "60",
        "name": "проспект Дружбы",
        "surface": "asphalt"
      },
      "geometry": {
        "type": "LineString",
        "coordinates": [
          [
            87.1593558,
            53.7525043
          ],
          [
            87.1621797,
            53.7541272
          ],
          [
            87.1639596,
            53.7551539
          ],
          [
            87.1644219,
            53.7554145
          ],
          [
            87.1663165,
            53.7565034
          ],
          [
            87.1666524,
            53.7566983
          ]
        ]
      },
      "id": "way/1314300409"
    },
    {
      "type": "Feature",
      "properties": {
        "@id": "way/1314300438",
        "highway": "secondary",
        "lanes": "2",
        "maxspeed": "60",
        "name": "проспект Дружбы",
        "surface": "asphalt"
      },
      "geometry": {
        "type": "LineString",
        "coordinates": [
          [
            87.158041,
            53.7517465
          ],
          [
            87.1585096,
            53.7520166
          ],
          [
            87.1593558,
            53.7525043
          ]
        ]
      },
      "id": "way/1314300438"
    },
    {
      "type": "Feature",
      "properties": {
        "@id": "way/1314300794",
        "highway": "secondary",
        "lanes": "4",
        "maxspeed": "60",
        "name": "проспект Бардина",
        "name:en": "Bardin street",
        "name:ru": "проспект Бардина",
        "old_name": "проспект Бардина",
        "old_name:en": "Bardin avenue"
      },
      "geometry": {
        "type": "LineString",
        "coordinates": [
          [
            87.1213299,
            53.7490597
          ],
          [
            87.1227576,
            53.7498855
          ]
        ]
      },
      "id": "way/1314300794"
    },
    {
      "type": "Feature",
      "properties": {
        "@id": "way/1315041257",
        "highway": "secondary",
        "lanes": "3",
        "maxspeed": "RU:urban",
        "name": "проспект Металлургов",
        "oneway": "yes",
        "surface": "asphalt",
        "turn:lanes": "through;left|through|through"
      },
      "geometry": {
        "type": "LineString",
        "coordinates": [
          [
            87.1183121,
            53.7529682
          ],
          [
            87.1183363,
            53.7537182
          ]
        ]
      },
      "id": "way/1315041257"
    },
    {
      "type": "Feature",
      "properties": {
        "@id": "way/1315041258",
        "highway": "secondary",
        "lanes": "3",
        "maxspeed": "RU:urban",
        "name": "проспект Металлургов",
        "oneway": "yes",
        "surface": "asphalt",
        "turn:lanes": "through;left|through|through"
      },
      "geometry": {
        "type": "LineString",
        "coordinates": [
          [
            87.1183363,
            53.7537182
          ],
          [
            87.118367,
            53.7545549
          ],
          [
            87.1183715,
            53.7546762
          ]
        ]
      },
      "id": "way/1315041258"
    },
    {
      "type": "Feature",
      "properties": {
        "@id": "way/1315041259",
        "highway": "secondary",
        "lanes": "3",
        "maxspeed": "RU:urban",
        "name": "проспект Металлургов",
        "oneway": "yes",
        "surface": "asphalt"
      },
      "geometry": {
        "type": "LineString",
        "coordinates": [
          [
            87.1181444,
            53.7537197
          ],
          [
            87.1181244,
            53.7529698
          ]
        ]
      },
      "id": "way/1315041259"
    },
    {
      "type": "Feature",
      "properties": {
        "@id": "way/1315041260",
        "highway": "secondary",
        "lanes": "3",
        "maxspeed": "40",
        "name": "проспект Металлургов",
        "oneway": "yes",
        "surface": "asphalt"
      },
      "geometry": {
        "type": "LineString",
        "coordinates": [
          [
            87.1183861,
            53.755232
          ],
          [
            87.1183812,
            53.755783
          ],
          [
            87.1183834,
            53.7558991
          ],
          [
            87.1183942,
            53.7568753
          ]
        ]
      },
      "id": "way/1315041260"
    },
    {
      "type": "Feature",
      "properties": {
        "@id": "way/1315041262",
        "highway": "secondary",
        "lanes": "3",
        "maxspeed": "RU:urban",
        "name": "проспект Металлургов",
        "oneway": "yes",
        "surface": "asphalt"
      },
      "geometry": {
        "type": "LineString",
        "coordinates": [
          [
            87.118173,
            53.7552342
          ],
          [
            87.1181678,
            53.7548248
          ],
          [
            87.118166,
            53.7546807
          ],
          [
            87.1181632,
            53.7545579
          ],
          [
            87.1181444,
            53.7537197
          ]
        ]
      },
      "id": "way/1315041262"
    },
    {
      "type": "Feature",
      "properties": {
        "@id": "way/1315042182",
        "highway": "secondary",
        "lanes": "6",
        "maxspeed": "RU:urban",
        "name": "проспект Строителей",
        "surface": "asphalt"
      },
      "geometry": {
        "type": "LineString",
        "coordinates": [
          [
            87.1267326,
            53.7754403
          ],
          [
            87.1261976,
            53.7749977
          ],
          [
            87.1259164,
            53.7747652
          ]
        ]
      },
      "id": "way/1315042182"
    },
    {
      "type": "Feature",
      "properties": {
        "@id": "way/1315042264",
        "highway": "secondary",
        "lanes": "6",
        "maxspeed": "RU:urban",
        "name": "проспект Строителей",
        "surface": "asphalt"
      },
      "geometry": {
        "type": "LineString",
        "coordinates": [
          [
            87.1238941,
            53.7733256
          ],
          [
            87.1226429,
            53.7724977
          ]
        ]
      },
      "id": "way/1315042264"
    },
    {
      "type": "Feature",
      "properties": {
        "@id": "way/1315047477",
        "highway": "primary"
      },
      "geometry": {
        "type": "LineString",
        "coordinates": [
          [
            87.1264496,
            53.7768259
          ],
          [
            87.1253726,
            53.776516
          ],
          [
            87.1239421,
            53.7761087
          ]
        ]
      },
      "id": "way/1315047477"
    },
    {
      "type": "Feature",
      "properties": {
        "@id": "way/1316287989",
        "highway": "secondary",
        "lanes": "4",
        "maxspeed": "60",
        "name": "проспект Курако",
        "name:en": "Kurako avenue",
        "name:ru": "проспект Курако",
        "oneway": "yes",
        "surface": "asphalt"
      },
      "geometry": {
        "type": "LineString",
        "coordinates": [
          [
            87.1016385,
            53.7599816
          ],
          [
            87.1029303,
            53.758952
          ],
          [
            87.1035822,
            53.7584324
          ],
          [
            87.1042636,
            53.7579002
          ],
          [
            87.1044671,
            53.7577331
          ],
          [
            87.1047207,
            53.7575407
          ],
          [
            87.1071562,
            53.7556303
          ],
          [
            87.108734,
            53.7543927
          ],
          [
            87.1089438,
            53.7542243
          ],
          [
            87.1098875,
            53.7534671
          ],
          [
            87.1100537,
            53.7533337
          ],
          [
            87.1110182,
            53.7525665
          ],
          [
            87.1118119,
            53.7519361
          ],
          [
            87.1121105,
            53.751699
          ],
          [
            87.1121387,
            53.7516818
          ],
          [
            87.1122287,
            53.7516097
          ],
          [
            87.1130851,
            53.7509467
          ]
        ]
      },
      "id": "way/1316287989"
    },
    {
      "type": "Feature",
      "properties": {
        "@id": "way/1316287991",
        "highway": "secondary",
        "lanes": "4",
        "maxspeed": "60",
        "name": "проспект Курако",
        "name:en": "Kurako avenue",
        "name:ru": "проспект Курако",
        "oneway": "yes",
        "surface": "asphalt"
      },
      "geometry": {
        "type": "LineString",
        "coordinates": [
          [
            87.1017866,
            53.7600518
          ],
          [
            87.1010866,
            53.7605704
          ],
          [
            87.100843,
            53.7607508
          ],
          [
            87.0991441,
            53.7621205
          ],
          [
            87.099029,
            53.7622154
          ]
        ]
      },
      "id": "way/1316287991"
    },
    {
      "type": "Feature",
      "properties": {
        "@id": "way/1320000850",
        "highway": "primary",
        "lanes": "4",
        "maxspeed": "60",
        "name": "Транспортная улица",
        "surface": "asphalt"
      },
      "geometry": {
        "type": "LineString",
        "coordinates": [
          [
            87.1307289,
            53.7417735
          ],
          [
            87.1303076,
            53.7418412
          ],
          [
            87.1297883,
            53.7419497
          ],
          [
            87.1293079,
            53.7420904
          ],
          [
            87.1286033,
            53.7423142
          ],
          [
            87.1275304,
            53.7426843
          ]
        ]
      },
      "id": "way/1320000850"
    },
    {
      "type": "Feature",
      "properties": {
        "@id": "way/1320000851",
        "highway": "primary",
        "lanes": "4",
        "maxspeed": "60",
        "name": "Транспортная улица",
        "surface": "asphalt"
      },
      "geometry": {
        "type": "LineString",
        "coordinates": [
          [
            87.1337628,
            53.7414337
          ],
          [
            87.1327688,
            53.7415328
          ],
          [
            87.1316347,
            53.7416532
          ],
          [
            87.1307289,
            53.7417735
          ]
        ]
      },
      "id": "way/1320000851"
    },
    {
      "type": "Feature",
      "properties": {
        "@id": "way/1320000852",
        "bicycle": "yes",
        "cycleway": "no",
        "foot": "no",
        "highway": "primary",
        "lanes": "4",
        "maxspeed": "60",
        "name": "Транспортная улица",
        "surface": "asphalt"
      },
      "geometry": {
        "type": "LineString",
        "coordinates": [
          [
            87.1367134,
            53.7412894
          ],
          [
            87.1363798,
            53.7412931
          ]
        ]
      },
      "id": "way/1320000852"
    },
    {
      "type": "Feature",
      "properties": {
        "@id": "way/1320000853",
        "bicycle": "yes",
        "cycleway": "no",
        "foot": "no",
        "highway": "primary",
        "lanes": "4",
        "maxspeed": "60",
        "name": "Транспортная улица",
        "surface": "asphalt"
      },
      "geometry": {
        "type": "LineString",
        "coordinates": [
          [
            87.1375564,
            53.7412807
          ],
          [
            87.1367134,
            53.7412894
          ]
        ]
      },
      "id": "way/1320000853"
    },
    {
      "type": "Feature",
      "properties": {
        "@id": "way/1320000855",
        "bicycle": "yes",
        "cycleway": "no",
        "foot": "no",
        "highway": "primary",
        "lanes": "4",
        "maxspeed": "60",
        "name": "Транспортная улица",
        "surface": "asphalt"
      },
      "geometry": {
        "type": "LineString",
        "coordinates": [
          [
            87.1390882,
            53.7412671
          ],
          [
            87.1385087,
            53.7412709
          ],
          [
            87.1375564,
            53.7412807
          ]
        ]
      },
      "id": "way/1320000855"
    },
    {
      "type": "Feature",
      "properties": {
        "@id": "way/1320000856",
        "bicycle": "yes",
        "cycleway": "no",
        "foot": "no",
        "highway": "primary",
        "lanes": "4",
        "maxspeed": "60",
        "name": "Транспортная улица",
        "surface": "asphalt"
      },
      "geometry": {
        "type": "LineString",
        "coordinates": [
          [
            87.1409396,
            53.7412458
          ],
          [
            87.1390882,
            53.7412671
          ]
        ]
      },
      "id": "way/1320000856"
    },
    {
      "type": "Feature",
      "properties": {
        "@id": "way/1320000857",
        "bicycle": "yes",
        "cycleway": "no",
        "foot": "no",
        "highway": "primary",
        "lanes": "4",
        "maxspeed": "60",
        "name": "Транспортная улица",
        "surface": "asphalt"
      },
      "geometry": {
        "type": "LineString",
        "coordinates": [
          [
            87.1430091,
            53.7412244
          ],
          [
            87.1419643,
            53.7412352
          ],
          [
            87.1409396,
            53.7412458
          ]
        ]
      },
      "id": "way/1320000857"
    },
    {
      "type": "Feature",
      "properties": {
        "@id": "way/1320000858",
        "bicycle": "yes",
        "cycleway": "no",
        "foot": "no",
        "highway": "primary",
        "lanes": "4",
        "maxspeed": "60",
        "name": "Транспортная улица",
        "surface": "asphalt"
      },
      "geometry": {
        "type": "LineString",
        "coordinates": [
          [
            87.1532082,
            53.7426867
          ],
          [
            87.1496594,
            53.7414514
          ],
          [
            87.1489948,
            53.7412753
          ],
          [
            87.148479,
            53.7412126
          ],
          [
            87.1477937,
            53.741175
          ],
          [
            87.1465047,
            53.741193
          ],
          [
            87.1449022,
            53.7412092
          ],
          [
            87.1446795,
            53.7412116
          ],
          [
            87.1438242,
            53.741213
          ],
          [
            87.1430091,
            53.7412244
          ]
        ]
      },
      "id": "way/1320000858"
    },
    {
      "type": "Feature",
      "properties": {
        "@id": "way/1320000859",
        "bicycle": "yes",
        "cycleway": "no",
        "foot": "no",
        "highway": "primary",
        "lanes": "4",
        "maxspeed": "60",
        "name": "Транспортная улица",
        "surface": "asphalt"
      },
      "geometry": {
        "type": "LineString",
        "coordinates": [
          [
            87.1551541,
            53.74336
          ],
          [
            87.154907,
            53.7432617
          ],
          [
            87.1532082,
            53.7426867
          ]
        ]
      },
      "id": "way/1320000859"
    },
    {
      "type": "Feature",
      "properties": {
        "@id": "way/1320000860",
        "highway": "primary",
        "lanes": "4",
        "maxspeed": "60",
        "name": "Транспортная улица",
        "surface": "asphalt"
      },
      "geometry": {
        "type": "LineString",
        "coordinates": [
          [
            87.1604285,
            53.7457003
          ],
          [
            87.1608523,
            53.7458716
          ],
          [
            87.1625728,
            53.7466128
          ]
        ]
      },
      "id": "way/1320000860"
    },
    {
      "type": "Feature",
      "properties": {
        "@id": "way/1320000861",
        "highway": "primary",
        "lanes": "4",
        "maxspeed": "60",
        "name": "Транспортная улица",
        "surface": "asphalt"
      },
      "geometry": {
        "type": "LineString",
        "coordinates": [
          [
            87.1625728,
            53.7466128
          ],
          [
            87.16277,
            53.7466996
          ]
        ]
      },
      "id": "way/1320000861"
    },
    {
      "type": "Feature",
      "properties": {
        "@id": "way/1320000862",
        "highway": "primary",
        "lanes": "4",
        "maxspeed": "60",
        "name": "Транспортная улица",
        "surface": "asphalt"
      },
      "geometry": {
        "type": "LineString",
        "coordinates": [
          [
            87.16277,
            53.7466996
          ],
          [
            87.1635747,
            53.7470533
          ],
          [
            87.1641621,
            53.7473103
          ],
          [
            87.164771,
            53.7475625
          ]
        ]
      },
      "id": "way/1320000862"
    },
    {
      "type": "Feature",
      "properties": {
        "@id": "way/1320000863",
        "highway": "primary",
        "maxspeed": "60",
        "name": "Транспортная улица",
        "surface": "asphalt"
      },
      "geometry": {
        "type": "LineString",
        "coordinates": [
          [
            87.1722892,
            53.7578438
          ],
          [
            87.1718807,
            53.7580467
          ]
        ]
      },
      "id": "way/1320000863"
    },
    {
      "type": "Feature",
      "properties": {
        "@id": "way/1320000864",
        "highway": "primary",
        "maxspeed": "60",
        "name": "Транспортная улица",
        "surface": "asphalt"
      },
      "geometry": {
        "type": "LineString",
        "coordinates": [
          [
            87.1725585,
            53.7577127
          ],
          [
            87.1722892,
            53.7578438
          ]
        ]
      },
      "id": "way/1320000864"
    },
    {
      "type": "Feature",
      "properties": {
        "@id": "way/1320000865",
        "highway": "primary",
        "lanes": "4",
        "maxspeed": "60",
        "name": "Транспортная улица",
        "surface": "asphalt"
      },
      "geometry": {
        "type": "LineString",
        "coordinates": [
          [
            87.1733745,
            53.757309
          ],
          [
            87.172772,
            53.7576047
          ]
        ]
      },
      "id": "way/1320000865"
    },
    {
      "type": "Feature",
      "properties": {
        "@id": "way/1320000867",
        "highway": "primary",
        "lanes": "4",
        "maxspeed": "60",
        "name": "Транспортная улица",
        "surface": "asphalt"
      },
      "geometry": {
        "type": "LineString",
        "coordinates": [
          [
            87.1736816,
            53.7571543
          ],
          [
            87.1733745,
            53.757309
          ]
        ]
      },
      "id": "way/1320000867"
    },
    {
      "type": "Feature",
      "properties": {
        "@id": "way/1320000868",
        "highway": "primary",
        "lanes": "4",
        "maxspeed": "60",
        "name": "Транспортная улица",
        "surface": "asphalt"
      },
      "geometry": {
        "type": "LineString",
        "coordinates": [
          [
            87.1737328,
            53.7571289
          ],
          [
            87.1736816,
            53.7571543
          ]
        ]
      },
      "id": "way/1320000868"
    },
    {
      "type": "Feature",
      "properties": {
        "@id": "way/1320000869",
        "highway": "primary",
        "lanes": "4",
        "maxspeed": "60",
        "name": "Транспортная улица",
        "surface": "asphalt"
      },
      "geometry": {
        "type": "LineString",
        "coordinates": [
          [
            87.1769715,
            53.7553441
          ],
          [
            87.176746,
            53.7555141
          ],
          [
            87.1764805,
            53.7556827
          ],
          [
            87.1760881,
            53.7558939
          ]
        ]
      },
      "id": "way/1320000869"
    },
    {
      "type": "Feature",
      "properties": {
        "@id": "way/1320000871",
        "highway": "primary",
        "lanes": "4",
        "maxspeed": "60",
        "name": "Транспортная улица",
        "surface": "asphalt"
      },
      "geometry": {
        "type": "LineString",
        "coordinates": [
          [
            87.1656805,
            53.7479397
          ],
          [
            87.1689903,
            53.7493334
          ],
          [
            87.1706831,
            53.7500207
          ]
        ]
      },
      "id": "way/1320000871"
    },
    {
      "type": "Feature",
      "properties": {
        "@id": "way/1320000873",
        "highway": "primary",
        "lanes": "4",
        "maxspeed": "60",
        "name": "Транспортная улица",
        "surface": "asphalt"
      },
      "geometry": {
        "type": "LineString",
        "coordinates": [
          [
            87.1650379,
            53.7476807
          ],
          [
            87.1656805,
            53.7479397
          ]
        ]
      },
      "id": "way/1320000873"
    },
    {
      "type": "Feature",
      "properties": {
        "@id": "way/1320000874",
        "highway": "primary",
        "lanes": "4",
        "maxspeed": "60",
        "name": "Транспортная улица",
        "surface": "asphalt"
      },
      "geometry": {
        "type": "LineString",
        "coordinates": [
          [
            87.164846,
            53.7475957
          ],
          [
            87.1650379,
            53.7476807
          ]
        ]
      },
      "id": "way/1320000874"
    },
    {
      "type": "Feature",
      "properties": {
        "@id": "way/1320000875",
        "highway": "primary",
        "lanes": "4",
        "maxspeed": "60",
        "name": "Транспортная улица",
        "surface": "asphalt"
      },
      "geometry": {
        "type": "LineString",
        "coordinates": [
          [
            87.164771,
            53.7475625
          ],
          [
            87.164846,
            53.7475957
          ]
        ]
      },
      "id": "way/1320000875"
    },
    {
      "type": "Feature",
      "properties": {
        "@id": "way/1320063919",
        "highway": "primary",
        "lanes": "2",
        "maxspeed": "60",
        "name": "Запорожская улица",
        "oneway": "yes",
        "surface": "asphalt"
      },
      "geometry": {
        "type": "LineString",
        "coordinates": [
          [
            87.1413735,
            53.7698751
          ],
          [
            87.1410816,
            53.7700307
          ],
          [
            87.1407006,
            53.7701825
          ],
          [
            87.1403325,
            53.7702784
          ],
          [
            87.1392882,
            53.7704489
          ],
          [
            87.138644,
            53.7705681
          ]
        ]
      },
      "id": "way/1320063919"
    },
    {
      "type": "Feature",
      "properties": {
        "@id": "way/1320063920",
        "highway": "primary",
        "lanes": "2",
        "maxspeed": "60",
        "name": "Запорожская улица",
        "oneway": "yes",
        "surface": "asphalt"
      },
      "geometry": {
        "type": "LineString",
        "coordinates": [
          [
            87.147628,
            53.7660687
          ],
          [
            87.1473945,
            53.7662711
          ],
          [
            87.1473029,
            53.7663321
          ],
          [
            87.1413735,
            53.7698751
          ]
        ]
      },
      "id": "way/1320063920"
    },
    {
      "type": "Feature",
      "properties": {
        "@id": "way/1320063922",
        "highway": "primary",
        "lanes": "2",
        "maxspeed": "60",
        "name": "Запорожская улица",
        "surface": "asphalt"
      },
      "geometry": {
        "type": "LineString",
        "coordinates": [
          [
            87.1522286,
            53.763672
          ],
          [
            87.1518237,
            53.7637523
          ],
          [
            87.1513993,
            53.7638803
          ],
          [
            87.1510836,
            53.7640089
          ],
          [
            87.1509655,
            53.7640608
          ]
        ]
      },
      "id": "way/1320063922"
    },
    {
      "type": "Feature",
      "properties": {
        "@id": "way/1320063923",
        "highway": "primary",
        "lanes": "2",
        "maxspeed": "60",
        "name": "Запорожская улица",
        "surface": "asphalt"
      },
      "geometry": {
        "type": "LineString",
        "coordinates": [
          [
            87.1553888,
            53.7635966
          ],
          [
            87.1526129,
            53.7636374
          ],
          [
            87.1522286,
            53.763672
          ]
        ]
      },
      "id": "way/1320063923"
    },
    {
      "type": "Feature",
      "properties": {
        "@id": "way/1320063924",
        "highway": "primary",
        "lanes": "2",
        "maxspeed": "60",
        "name": "Запорожская улица",
        "surface": "asphalt"
      },
      "geometry": {
        "type": "LineString",
        "coordinates": [
          [
            87.1509655,
            53.7640608
          ],
          [
            87.1508884,
            53.7641071
          ],
          [
            87.1508517,
            53.7641292
          ]
        ]
      },
      "id": "way/1320063924"
    },
    {
      "type": "Feature",
      "properties": {
        "@id": "way/1320063925",
        "highway": "primary",
        "lanes": "2",
        "maxspeed": "60",
        "name": "Запорожская улица",
        "surface": "asphalt"
      },
      "geometry": {
        "type": "LineString",
        "coordinates": [
          [
            87.1508517,
            53.7641292
          ],
          [
            87.1507021,
            53.764219
          ],
          [
            87.149339,
            53.7650464
          ],
          [
            87.147628,
            53.7660687
          ]
        ]
      },
      "id": "way/1320063925"
    },
    {
      "type": "Feature",
      "properties": {
        "@id": "way/1320063926",
        "highway": "primary",
        "lanes": "2",
        "maxspeed": "60",
        "name": "Запорожская улица",
        "surface": "asphalt"
      },
      "geometry": {
        "type": "LineString",
        "coordinates": [
          [
            87.1611395,
            53.7630042
          ],
          [
            87.1606789,
            53.7631605
          ],
          [
            87.1600623,
            53.7633159
          ],
          [
            87.1593789,
            53.763444
          ],
          [
            87.1586743,
            53.7635222
          ],
          [
            87.1581809,
            53.7635555
          ],
          [
            87.1579829,
            53.7635584
          ],
          [
            87.1577994,
            53.7635589
          ],
          [
            87.1553888,
            53.7635966
          ]
        ]
      },
      "id": "way/1320063926"
    },
    {
      "type": "Feature",
      "properties": {
        "@id": "way/1320063927",
        "highway": "primary",
        "lanes": "2",
        "maxspeed": "60",
        "name": "Запорожская улица",
        "surface": "asphalt"
      },
      "geometry": {
        "type": "LineString",
        "coordinates": [
          [
            87.1616553,
            53.7627922
          ],
          [
            87.1611395,
            53.7630042
          ]
        ]
      },
      "id": "way/1320063927"
    },
    {
      "type": "Feature",
      "properties": {
        "@id": "way/1320063928",
        "highway": "primary",
        "lanes": "2",
        "maxspeed": "60",
        "name": "Запорожская улица",
        "surface": "asphalt"
      },
      "geometry": {
        "type": "LineString",
        "coordinates": [
          [
            87.163234,
            53.762047
          ],
          [
            87.16189,
            53.7626842
          ],
          [
            87.1616553,
            53.7627922
          ]
        ]
      },
      "id": "way/1320063928"
    },
    {
      "type": "Feature",
      "properties": {
        "@id": "way/1320063929",
        "highway": "primary",
        "lanes": "2",
        "maxspeed": "60",
        "name": "Запорожская улица",
        "surface": "asphalt"
      },
      "geometry": {
        "type": "LineString",
        "coordinates": [
          [
            87.163786,
            53.7617853
          ],
          [
            87.163234,
            53.762047
          ]
        ]
      },
      "id": "way/1320063929"
    },
    {
      "type": "Feature",
      "properties": {
        "@id": "way/1342039750",
        "highway": "secondary",
        "lanes": "3",
        "maxspeed": "RU:urban",
        "name": "проспект Металлургов",
        "oneway": "yes",
        "surface": "asphalt"
      },
      "geometry": {
        "type": "LineString",
        "coordinates": [
          [
            87.1182503,
            53.7498371
          ],
          [
            87.1182636,
            53.7510058
          ]
        ]
      },
      "id": "way/1342039750"
    },
    {
      "type": "Feature",
      "properties": {
        "@id": "way/1342039751",
        "highway": "secondary",
        "lanes": "3",
        "maxspeed": "RU:urban",
        "name": "проспект Металлургов",
        "oneway": "yes",
        "surface": "asphalt"
      },
      "geometry": {
        "type": "LineString",
        "coordinates": [
          [
            87.1180578,
            53.7498276
          ],
          [
            87.1179804,
            53.7482136
          ],
          [
            87.1179651,
            53.7481422
          ],
          [
            87.1179398,
            53.7481126
          ],
          [
            87.1179141,
            53.7480827
          ],
          [
            87.1178179,
            53.748024
          ]
        ]
      },
      "id": "way/1342039751"
    },
    {
      "type": "Feature",
      "properties": {
        "@id": "way/1342039752",
        "highway": "secondary",
        "name": "улица Кутузова",
        "name:en": "Kutuzov street",
        "name:ru": "улица Кутузова",
        "oneway": "yes",
        "surface": "asphalt"
      },
      "geometry": {
        "type": "LineString",
        "coordinates": [
          [
            87.1194669,
            53.7520865
          ],
          [
            87.118528,
            53.7520937
          ],
          [
            87.1183311,
            53.7520948
          ],
          [
            87.1182761,
            53.752095
          ],
          [
            87.118103,
            53.7520944
          ],
          [
            87.1179005,
            53.752096
          ],
          [
            87.1161098,
            53.75211
          ],
          [
            87.1159468,
            53.7521113
          ],
          [
            87.1144695,
            53.7521231
          ],
          [
            87.1133426,
            53.752134
          ],
          [
            87.1132694,
            53.7521305
          ],
          [
            87.1130981,
            53.7521222
          ],
          [
            87.1128884,
            53.7520975
          ],
          [
            87.1122479,
            53.7520966
          ],
          [
            87.1120576,
            53.7520963
          ],
          [
            87.1119748,
            53.7521063
          ],
          [
            87.1118552,
            53.7521255
          ]
        ]
      },
      "id": "way/1342039752"
    },
    {
      "type": "Feature",
      "properties": {
        "@id": "way/1342039754",
        "highway": "secondary",
        "name": "улица Кутузова",
        "name:en": "Kutuzov street",
        "name:ru": "улица Кутузова",
        "oneway": "yes",
        "surface": "asphalt"
      },
      "geometry": {
        "type": "LineString",
        "coordinates": [
          [
            87.1194657,
            53.7519611
          ],
          [
            87.122337,
            53.7519341
          ],
          [
            87.1224269,
            53.751923
          ],
          [
            87.122495,
            53.7519082
          ],
          [
            87.1226288,
            53.7518568
          ],
          [
            87.1230731,
            53.7515861
          ],
          [
            87.1241163,
            53.7509383
          ],
          [
            87.1243381,
            53.7508026
          ]
        ]
      },
      "id": "way/1342039754"
    },
    {
      "type": "Feature",
      "properties": {
        "@id": "way/1342372982",
        "highway": "secondary",
        "lanes": "3",
        "maxspeed": "RU:urban",
        "name": "проспект Металлургов",
        "oneway": "yes",
        "surface": "asphalt",
        "turn:lanes": "through;reverse|through|through;right"
      },
      "geometry": {
        "type": "LineString",
        "coordinates": [
          [
            87.1183918,
            53.7619735
          ],
          [
            87.118379,
            53.7616112
          ]
        ]
      },
      "id": "way/1342372982"
    },
    {
      "type": "Feature",
      "properties": {
        "@id": "way/1342372984",
        "highway": "secondary",
        "lanes": "3",
        "maxspeed": "RU:urban",
        "name": "проспект Металлургов",
        "oneway": "yes",
        "surface": "asphalt"
      },
      "geometry": {
        "type": "LineString",
        "coordinates": [
          [
            87.1185612,
            53.7616121
          ],
          [
            87.1185669,
            53.7619714
          ]
        ]
      },
      "id": "way/1342372984"
    },
    {
      "type": "Feature",
      "properties": {
        "@id": "way/1343264290",
        "highway": "primary",
        "lanes": "6",
        "maxspeed": "60",
        "name": "улица Кирова",
        "name:etymology:wikidata": "Q207682",
        "old_ref": "32К-2",
        "surface": "asphalt"
      },
      "geometry": {
        "type": "LineString",
        "coordinates": [
          [
            87.1634593,
            53.7572963
          ],
          [
            87.1631921,
            53.7572987
          ]
        ]
      },
      "id": "way/1343264290"
    },
    {
      "type": "Feature",
      "properties": {
        "@id": "way/1352808767",
        "highway": "primary",
        "lanes": "3",
        "maxspeed": "RU:urban",
        "oneway": "yes",
        "surface": "asphalt"
      },
      "geometry": {
        "type": "LineString",
        "coordinates": [
          [
            87.12731,
            53.7770512
          ],
          [
            87.1270108,
            53.7769765
          ]
        ]
      },
      "id": "way/1352808767"
    },
    {
      "type": "Feature",
      "properties": {
        "@id": "way/1352812921",
        "highway": "secondary",
        "lanes": "4",
        "lanes:backward": "2",
        "lanes:forward": "2",
        "maxspeed": "60",
        "name": "улица Тольятти",
        "surface": "asphalt"
      },
      "geometry": {
        "type": "LineString",
        "coordinates": [
          [
            87.1503957,
            53.7592661
          ],
          [
            87.1502315,
            53.7593427
          ],
          [
            87.1500877,
            53.7593988
          ],
          [
            87.1498618,
            53.759475
          ]
        ]
      },
      "id": "way/1352812921"
    },
    {
      "type": "Feature",
      "properties": {
        "@id": "way/1353928271",
        "highway": "primary",
        "junction": "roundabout",
        "lanes": "2",
        "maxspeed": "60",
        "oneway": "yes",
        "surface": "asphalt"
      },
      "geometry": {
        "type": "LineString",
        "coordinates": [
          [
            87.1363777,
            53.7717969
          ],
          [
            87.1362233,
            53.7718354
          ],
          [
            87.1359792,
            53.7718466
          ],
          [
            87.1357364,
            53.7718244
          ],
          [
            87.1355178,
            53.7717321
          ],
          [
            87.1353982,
            53.7716336
          ],
          [
            87.1353361,
            53.7715225
          ],
          [
            87.1353322,
            53.771377
          ],
          [
            87.1354468,
            53.7712739
          ],
          [
            87.1356941,
            53.7710994
          ],
          [
            87.136216,
            53.7708235
          ]
        ]
      },
      "id": "way/1353928271"
    },
    {
      "type": "Feature",
      "properties": {
        "@id": "way/1353928272",
        "highway": "primary",
        "junction": "roundabout",
        "lanes": "2",
        "maxspeed": "60",
        "oneway": "yes",
        "surface": "asphalt"
      },
      "geometry": {
        "type": "LineString",
        "coordinates": [
          [
            87.1363659,
            53.7708052
          ],
          [
            87.1365608,
            53.7708244
          ],
          [
            87.1367215,
            53.770858
          ],
          [
            87.1368383,
            53.7709055
          ],
          [
            87.1369682,
            53.7709833
          ],
          [
            87.137037,
            53.7710628
          ],
          [
            87.1370772,
            53.7711807
          ],
          [
            87.137039,
            53.7713102
          ],
          [
            87.1369245,
            53.7714393
          ],
          [
            87.1363777,
            53.7717969
          ]
        ]
      },
      "id": "way/1353928272"
    },
    {
      "type": "Feature",
      "properties": {
        "@id": "way/1375039653",
        "highway": "primary",
        "name": "улица Димитрова",
        "old_ref": "32К-2",
        "surface": "asphalt"
      },
      "geometry": {
        "type": "LineString",
        "coordinates": [
          [
            87.0564727,
            53.7519077
          ],
          [
            87.0554232,
            53.7518175
          ]
        ]
      },
      "id": "way/1375039653"
    },
    {
      "type": "Feature",
      "properties": {
        "@id": "way/1375039655",
        "highway": "primary",
        "name": "улица Димитрова",
        "old_ref": "32К-2",
        "surface": "asphalt"
      },
      "geometry": {
        "type": "LineString",
        "coordinates": [
          [
            87.0578311,
            53.7520228
          ],
          [
            87.0577937,
            53.7520212
          ],
          [
            87.0564727,
            53.7519077
          ]
        ]
      },
      "id": "way/1375039655"
    },
    {
      "type": "Feature",
      "properties": {
        "@id": "way/1375039657",
        "highway": "primary",
        "name": "улица Димитрова",
        "old_ref": "32К-2",
        "surface": "asphalt"
      },
      "geometry": {
        "type": "LineString",
        "coordinates": [
          [
            87.0580378,
            53.7520319
          ],
          [
            87.0578311,
            53.7520228
          ]
        ]
      },
      "id": "way/1375039657"
    },
    {
      "type": "Feature",
      "properties": {
        "@id": "way/1375039658",
        "highway": "primary",
        "name": "улица Димитрова",
        "old_ref": "32К-2",
        "surface": "asphalt"
      },
      "geometry": {
        "type": "LineString",
        "coordinates": [
          [
            87.0554232,
            53.7518175
          ],
          [
            87.0545279,
            53.7517406
          ],
          [
            87.0543605,
            53.7517262
          ],
          [
            87.0528916,
            53.7516018
          ],
          [
            87.052429,
            53.7515626
          ],
          [
            87.0517494,
            53.7515051
          ],
          [
            87.0510566,
            53.7514484
          ],
          [
            87.050967,
            53.7514385
          ],
          [
            87.0506697,
            53.7514134
          ],
          [
            87.0499863,
            53.7513558
          ],
          [
            87.0496512,
            53.7513319
          ],
          [
            87.0492425,
            53.7513054
          ],
          [
            87.0487424,
            53.7512537
          ],
          [
            87.0485211,
            53.7512299
          ],
          [
            87.047778,
            53.7510559
          ],
          [
            87.0473702,
            53.7509288
          ]
        ]
      },
      "id": "way/1375039658"
    },
    {
      "type": "Feature",
      "properties": {
        "@id": "way/1375039663",
        "highway": "primary",
        "name": "улица Димитрова",
        "old_ref": "32К-2",
        "surface": "asphalt"
      },
      "geometry": {
        "type": "LineString",
        "coordinates": [
          [
            87.0473702,
            53.7509288
          ],
          [
            87.0472944,
            53.7509052
          ],
          [
            87.0468611,
            53.7507702
          ]
        ]
      },
      "id": "way/1375039663"
    },
    {
      "type": "Feature",
      "properties": {
        "@id": "way/1377617935",
        "highway": "secondary",
        "name": "улица Щорса",
        "name:etymology:wikidata": "Q1990730"
      },
      "geometry": {
        "type": "LineString",
        "coordinates": [
          [
            87.106579,
            53.7495303
          ],
          [
            87.1067283,
            53.7495114
          ]
        ]
      },
      "id": "way/1377617935"
    },
    {
      "type": "Feature",
      "properties": {
        "@id": "way/1377617937",
        "highway": "secondary"
      },
      "geometry": {
        "type": "LineString",
        "coordinates": [
          [
            87.1073559,
            53.7497661
          ],
          [
            87.107516,
            53.7500637
          ]
        ]
      },
      "id": "way/1377617937"
    },
    {
      "type": "Feature",
      "properties": {
        "@id": "way/1377617938",
        "highway": "secondary",
        "name": "Вокзальная улица"
      },
      "geometry": {
        "type": "LineString",
        "coordinates": [
          [
            87.1074841,
            53.7492581
          ],
          [
            87.1076653,
            53.7491172
          ],
          [
            87.1078194,
            53.7490493
          ],
          [
            87.1079482,
            53.7489986
          ],
          [
            87.1079572,
            53.748995
          ],
          [
            87.1080667,
            53.7489665
          ],
          [
            87.1085173,
            53.7488492
          ],
          [
            87.1086921,
            53.7488108
          ],
          [
            87.1095961,
            53.7486234
          ],
          [
            87.1096998,
            53.7485646
          ],
          [
            87.1097661,
            53.7484953
          ],
          [
            87.1097743,
            53.7484082
          ],
          [
            87.1097414,
            53.7483344
          ],
          [
            87.1097182,
            53.7482903
          ],
          [
            87.1096908,
            53.7482383
          ],
          [
            87.1094354,
            53.74781
          ],
          [
            87.1092109,
            53.7474334
          ],
          [
            87.1090477,
            53.7471572
          ],
          [
            87.1088093,
            53.7467596
          ],
          [
            87.1087062,
            53.7465866
          ],
          [
            87.1086494,
            53.7464913
          ],
          [
            87.1085972,
            53.7463945
          ],
          [
            87.1086157,
            53.7462757
          ],
          [
            87.1088056,
            53.7461542
          ],
          [
            87.1094123,
            53.7459041
          ],
          [
            87.1100615,
            53.7456525
          ],
          [
            87.1103158,
            53.7455484
          ],
          [
            87.1109068,
            53.7453038
          ],
          [
            87.1111563,
            53.7451991
          ],
          [
            87.1115801,
            53.7450278
          ],
          [
            87.1124652,
            53.7446804
          ],
          [
            87.1129771,
            53.7444647
          ],
          [
            87.1140358,
            53.7440184
          ],
          [
            87.1147597,
            53.7437316
          ],
          [
            87.1154213,
            53.7434694
          ],
          [
            87.1154786,
            53.7434452
          ],
          [
            87.1161488,
            53.7431703
          ],
          [
            87.1162627,
            53.7431226
          ]
        ]
      },
      "id": "way/1377617938"
    },
    {
      "type": "Feature",
      "properties": {
        "@id": "way/1378658949",
        "highway": "primary",
        "lanes": "2",
        "maxspeed": "60",
        "name": "Запорожская улица",
        "oneway": "yes",
        "surface": "asphalt"
      },
      "geometry": {
        "type": "LineString",
        "coordinates": [
          [
            87.1367742,
            53.7707089
          ],
          [
            87.1392473,
            53.7703819
          ],
          [
            87.1402911,
            53.7702158
          ],
          [
            87.1406399,
            53.7701175
          ],
          [
            87.1410047,
            53.769966
          ],
          [
            87.141282,
            53.769821
          ],
          [
            87.1431874,
            53.7686787
          ],
          [
            87.1471911,
            53.7662783
          ],
          [
            87.1473198,
            53.7662062
          ],
          [
            87.147628,
            53.7660687
          ]
        ]
      },
      "id": "way/1378658949"
    },
    {
      "type": "Feature",
      "properties": {
        "@id": "way/1381289835",
        "bridge": "yes",
        "highway": "secondary",
        "layer": "1",
        "maxspeed": "60",
        "name": "Северное шоссе"
      },
      "geometry": {
        "type": "LineString",
        "coordinates": [
          [
            87.2250104,
            53.8800116
          ],
          [
            87.2254259,
            53.8801828
          ]
        ]
      },
      "id": "way/1381289835"
    },
    {
      "type": "Feature",
      "properties": {
        "@id": "way/1381289836",
        "highway": "secondary",
        "maxspeed": "60",
        "name": "Северное шоссе"
      },
      "geometry": {
        "type": "LineString",
        "coordinates": [
          [
            87.2254259,
            53.8801828
          ],
          [
            87.2254911,
            53.8802094
          ],
          [
            87.2267336,
            53.8806709
          ],
          [
            87.2270451,
            53.880779
          ]
        ]
      },
      "id": "way/1381289836"
    },
    {
      "type": "Feature",
      "properties": {
        "@id": "way/1423842371",
        "highway": "secondary",
        "name": "улица Разведчиков",
        "oneway": "yes"
      },
      "geometry": {
        "type": "LineString",
        "coordinates": [
          [
            87.3163853,
            53.7836701
          ],
          [
            87.3153657,
            53.7835988
          ],
          [
            87.3148968,
            53.7835661
          ]
        ]
      },
      "id": "way/1423842371"
    },
    {
      "type": "Feature",
      "properties": {
        "@id": "way/1423842372",
        "highway": "secondary",
        "name": "улица Разведчиков",
        "oneway": "yes"
      },
      "geometry": {
        "type": "LineString",
        "coordinates": [
          [
            87.3185211,
            53.7838195
          ],
          [
            87.3163853,
            53.7836701
          ]
        ]
      },
      "id": "way/1423842372"
    },
    {
      "type": "Feature",
      "properties": {
        "@id": "way/1423842373",
        "highway": "secondary",
        "name": "улица Разведчиков",
        "oneway": "yes"
      },
      "geometry": {
        "type": "LineString",
        "coordinates": [
          [
            87.3209755,
            53.7839915
          ],
          [
            87.3202282,
            53.7839381
          ],
          [
            87.3185211,
            53.7838195
          ]
        ]
      },
      "id": "way/1423842373"
    },
    {
      "type": "Feature",
      "properties": {
        "@id": "way/1423842374",
        "highway": "secondary",
        "name": "улица Разведчиков",
        "oneway": "yes"
      },
      "geometry": {
        "type": "LineString",
        "coordinates": [
          [
            87.3183896,
            53.7836802
          ],
          [
            87.3209972,
            53.7838658
          ]
        ]
      },
      "id": "way/1423842374"
    },
    {
      "type": "Feature",
      "properties": {
        "@id": "way/1423842375",
        "highway": "secondary",
        "name": "улица Разведчиков",
        "oneway": "yes"
      },
      "geometry": {
        "type": "LineString",
        "coordinates": [
          [
            87.3164081,
            53.7835504
          ],
          [
            87.3183896,
            53.7836802
          ]
        ]
      },
      "id": "way/1423842375"
    },
    {
      "type": "Feature",
      "properties": {
        "@id": "way/1423842376",
        "highway": "secondary",
        "name": "улица Разведчиков",
        "oneway": "yes"
      },
      "geometry": {
        "type": "LineString",
        "coordinates": [
          [
            87.3149211,
            53.783453
          ],
          [
            87.3164081,
            53.7835504
          ]
        ]
      },
      "id": "way/1423842376"
    },
    {
      "type": "Feature",
      "properties": {
        "@id": "way/1429858082",
        "highway": "primary",
        "name": "улица Димитрова",
        "old_ref": "32К-2",
        "surface": "asphalt"
      },
      "geometry": {
        "type": "LineString",
        "coordinates": [
          [
            87.0629087,
            53.7512167
          ],
          [
            87.0623562,
            53.7512801
          ],
          [
            87.0617763,
            53.75137
          ],
          [
            87.0606755,
            53.7515467
          ]
        ]
      },
      "id": "way/1429858082"
    },
    {
      "type": "Feature",
      "properties": {
        "@id": "way/1429858083",
        "highway": "primary",
        "name": "улица Димитрова",
        "old_ref": "32К-2",
        "surface": "asphalt"
      },
      "geometry": {
        "type": "LineString",
        "coordinates": [
          [
            87.0630564,
            53.7512079
          ],
          [
            87.0629087,
            53.7512167
          ]
        ]
      },
      "id": "way/1429858083"
    },
    {
      "type": "Feature",
      "properties": {
        "@id": "way/1429858084",
        "highway": "primary",
        "name": "улица Димитрова",
        "old_ref": "32К-2",
        "surface": "asphalt"
      },
      "geometry": {
        "type": "LineString",
        "coordinates": [
          [
            87.0599914,
            53.751698
          ],
          [
            87.0597249,
            53.7517583
          ],
          [
            87.0590615,
            53.7519253
          ],
          [
            87.0589149,
            53.7519622
          ],
          [
            87.0586467,
            53.7520105
          ],
          [
            87.0583677,
            53.7520319
          ],
          [
            87.0580378,
            53.7520319
          ]
        ]
      },
      "id": "way/1429858084"
    },
    {
      "type": "Feature",
      "properties": {
        "@id": "way/1429858085",
        "highway": "primary",
        "name": "улица Димитрова",
        "old_ref": "32К-2",
        "surface": "asphalt"
      },
      "geometry": {
        "type": "LineString",
        "coordinates": [
          [
            87.0673903,
            53.7514023
          ],
          [
            87.0663153,
            53.7513044
          ],
          [
            87.0661082,
            53.7512879
          ],
          [
            87.0653357,
            53.7512234
          ],
          [
            87.0646869,
            53.7511775
          ],
          [
            87.0642577,
            53.7511715
          ],
          [
            87.0638961,
            53.7511815
          ],
          [
            87.0630564,
            53.7512079
          ]
        ]
      },
      "id": "way/1429858085"
    },
    {
      "type": "Feature",
      "properties": {
        "@id": "way/1445379193",
        "highway": "secondary",
        "lanes": "4",
        "maxspeed": "60",
        "name": "проспект Бардина",
        "name:en": "Bardin street",
        "name:ru": "проспект Бардина",
        "old_name": "проспект Бардина",
        "old_name:en": "Bardin avenue"
      },
      "geometry": {
        "type": "LineString",
        "coordinates": [
          [
            87.1329653,
            53.755792
          ],
          [
            87.1332873,
            53.7559579
          ]
        ]
      },
      "id": "way/1445379193"
    },
    {
      "type": "Feature",
      "properties": {
        "@id": "way/1445379194",
        "highway": "secondary",
        "lanes": "4",
        "maxspeed": "60",
        "name": "проспект Бардина",
        "name:en": "Bardin street",
        "name:ru": "проспект Бардина",
        "old_name": "проспект Бардина",
        "old_name:en": "Bardin avenue"
      },
      "geometry": {
        "type": "LineString",
        "coordinates": [
          [
            87.1332873,
            53.7559579
          ],
          [
            87.1341205,
            53.7564468
          ],
          [
            87.1341951,
            53.756492
          ],
          [
            87.1352372,
            53.7570876
          ],
          [
            87.1352616,
            53.7571113
          ]
        ]
      },
      "id": "way/1445379194"
    },
    {
      "type": "Feature",
      "properties": {
        "@id": "way/1445379195",
        "highway": "secondary",
        "lanes": "4",
        "maxspeed": "60",
        "name": "проспект Бардина",
        "name:en": "Bardin street",
        "name:ru": "проспект Бардина",
        "old_name": "проспект Бардина",
        "old_name:en": "Bardin avenue"
      },
      "geometry": {
        "type": "LineString",
        "coordinates": [
          [
            87.1322438,
            53.7553749
          ],
          [
            87.1329653,
            53.755792
          ]
        ]
      },
      "id": "way/1445379195"
    },
    {
      "type": "Feature",
      "properties": {
        "@id": "way/1445379196",
        "highway": "secondary",
        "lanes": "4",
        "maxspeed": "60",
        "name": "проспект Бардина",
        "name:en": "Bardin street",
        "name:ru": "проспект Бардина",
        "old_name": "проспект Бардина",
        "old_name:en": "Bardin avenue"
      },
      "geometry": {
        "type": "LineString",
        "coordinates": [
          [
            87.1298752,
            53.7539913
          ],
          [
            87.1302536,
            53.7542182
          ],
          [
            87.1322438,
            53.7553749
          ]
        ]
      },
      "id": "way/1445379196"
    },
    {
      "type": "Feature",
      "properties": {
        "@id": "way/1453164761",
        "highway": "primary",
        "name": "улица Гончарова",
        "old_ref": "32К-2",
        "surface": "asphalt"
      },
      "geometry": {
        "type": "LineString",
        "coordinates": [
          [
            87.0002923,
            53.7595607
          ],
          [
            86.9990957,
            53.761379
          ],
          [
            86.9986912,
            53.7619936
          ]
        ]
      },
      "id": "way/1453164761"
    }
  ]
}