{
  "type": "FeatureCollection",
  "generator": "overpass-turbo",
  "copyright": "The data included in this document is from www.openstreetmap.org. The data is made available under ODbL.",
  "timestamp": "2025-12-25T06:19:38Z",
  "features": [
    {
      "type": "Feature",
      "properties": {
        "@id": "way/26368271",
        "highway": "primary",
        "lanes": "2",
        "name": "Проспектная улица",
        "surface": "asphalt"
      },
      "geometry": {
        "type": "LineString",
        "coordinates": [
          [
            86.6893253,
            53.8795535
          ],
          [
            86.6897061,
            53.8793938
          ],
          [
            86.6900629,
            53.8792705
          ],
          [
            86.6903955,
            53.8791662
          ],
          [
            86.6905993,
            53.8791187
          ],
          [
            86.6907978,
            53.8790697
          ],
          [
            86.6911143,
            53.879027
          ],
          [
            86.6912994,
            53.8790159
          ],
          [
            86.6916212,
            53.8790207
          ],
          [
            86.6919082,
            53.8790365
          ],
          [
            86.6993124,
            53.8795977
          ],
          [
            86.7004833,
            53.8796832
          ],
          [
            86.7016738,
            53.8797837
          ],
          [
            86.7020228,
            53.8798092
          ],
          [
            86.7024248,
            53.8798576
          ],
          [
            86.7031181,
            53.879983
          ],
          [
            86.70386,
            53.8801335
          ],
          [
            86.7054051,
            53.8804706
          ],
          [
            86.7084869,
            53.8811399
          ],
          [
            86.7165423,
            53.882841
          ],
          [
            86.7177802,
            53.8831181
          ],
          [
            86.7182953,
            53.883248
          ],
          [
            86.718851,
            53.8834043
          ],
          [
            86.7200146,
            53.8837523
          ],
          [
            86.7220022,
            53.8843513
          ],
          [
            86.7227152,
            53.8845627
          ],
          [
            86.7234973,
            53.8847992
          ],
          [
            86.7242851,
            53.8850481
          ],
          [
            86.7247043,
            53.8852119
          ],
          [
            86.7250178,
            53.8853649
          ],
          [
            86.7251858,
            53.8854587
          ],
          [
            86.7253721,
            53.8855861
          ],
          [
            86.7256407,
            53.8858279
          ],
          [
            86.7258385,
            53.8860466
          ],
          [
            86.7259956,
            53.8862868
          ],
          [
            86.7261188,
            53.8865843
          ],
          [
            86.7261627,
            53.8868829
          ],
          [
            86.7261245,
            53.8871353
          ],
          [
            86.726066,
            53.8873877
          ],
          [
            86.7259523,
            53.8877747
          ],
          [
            86.7255633,
            53.8889136
          ],
          [
            86.7255254,
            53.8891533
          ],
          [
            86.7255241,
            53.8893703
          ],
          [
            86.725567,
            53.889528
          ],
          [
            86.7256303,
            53.8897001
          ],
          [
            86.725832,
            53.8900094
          ],
          [
            86.7259725,
            53.8901699
          ],
          [
            86.7264732,
            53.8905691
          ],
          [
            86.7266753,
            53.8906899
          ],
          [
            86.7268896,
            53.890788
          ],
          [
            86.7271902,
            53.8909084
          ],
          [
            86.7275047,
            53.890998
          ],
          [
            86.7278727,
            53.8910736
          ],
          [
            86.7283133,
            53.8911503
          ],
          [
            86.7292032,
            53.8912914
          ],
          [
            86.7294722,
            53.8913366
          ],
          [
            86.7296683,
            53.8913696
          ],
          [
            86.7298956,
            53.8914223
          ],
          [
            86.7301122,
            53.8914833
          ],
          [
            86.7303748,
            53.8915615
          ],
          [
            86.7306462,
            53.8916585
          ],
          [
            86.7313912,
            53.8919247
          ],
          [
            86.7325703,
            53.8923661
          ],
          [
            86.7341388,
            53.8929399
          ],
          [
            86.7348593,
            53.893184
          ],
          [
            86.7355533,
            53.8933885
          ],
          [
            86.7402144,
            53.8946049
          ],
          [
            86.7413092,
            53.8948759
          ],
          [
            86.74217,
            53.8950711
          ],
          [
            86.7434024,
            53.8952979
          ],
          [
            86.7439521,
            53.8953907
          ]
        ]
      },
      "id": "way/26368271"
    },
    {
      "type": "Feature",
      "properties": {
        "@id": "way/31943578",
        "highway": "primary",
        "junction": "roundabout",
        "oneway": "yes",
        "surface": "asphalt"
      },
      "geometry": {
        "type": "LineString",
        "coordinates": [
          [
            86.7446522,
            53.8955302
          ],
          [
            86.7445839,
            53.8955095
          ],
          [
            86.7445279,
            53.8954785
          ],
          [
            86.7444754,
            53.8954164
          ],
          [
            86.7444717,
            53.895347
          ],
          [
            86.7445175,
            53.8952831
          ],
          [
            86.7445853,
            53.8952433
          ],
          [
            86.744672,
            53.8952196
          ],
          [
            86.7447672,
            53.8952148
          ],
          [
            86.7448634,
            53.8952305
          ],
          [
            86.7449438,
            53.8952653
          ],
          [
            86.7449988,
            53.895316
          ],
          [
            86.7450188,
            53.8953749
          ],
          [
            86.7449999,
            53.8954358
          ],
          [
            86.7449437,
            53.8954882
          ],
          [
            86.7448584,
            53.8955244
          ],
          [
            86.7447563,
            53.8955391
          ],
          [
            86.7446522,
            53.8955302
          ]
        ]
      },
      "id": "way/31943578"
    },
    {
      "type": "Feature",
      "properties": {
        "@id": "way/31943952",
        "highway": "secondary",
        "name": "Новая улица",
        "source": "GPS",
        "surface": "asphalt"
      },
      "geometry": {
        "type": "LineString",
        "coordinates": [
          [
            86.7332421,
            53.9324754
          ],
          [
            86.7341467,
            53.9328069
          ],
          [
            86.7351636,
            53.9332259
          ],
          [
            86.7356715,
            53.9334439
          ],
          [
            86.7358713,
            53.9335453
          ],
          [
            86.7363813,
            53.9338395
          ],
          [
            86.737225,
            53.9343614
          ],
          [
            86.7377539,
            53.934669
          ]
        ]
      },
      "id": "way/31943952"
    },
    {
      "type": "Feature",
      "properties": {
        "@id": "way/34200849",
        "highway": "primary",
        "old_ref": "32К-2",
        "oneway": "yes"
      },
      "geometry": {
        "type": "LineString",
        "coordinates": [
          [
            86.7474982,
            53.8971463
          ],
          [
            86.7477733,
            53.8973073
          ],
          [
            86.7479114,
            53.8974203
          ],
          [
            86.7482078,
            53.8977364
          ],
          [
            86.7482856,
            53.8978708
          ]
        ]
      },
      "id": "way/34200849"
    },
    {
      "type": "Feature",
      "properties": {
        "@id": "way/47289534",
        "highway": "secondary"
      },
      "geometry": {
        "type": "LineString",
        "coordinates": [
          [
            86.7862807,
            53.9004852
          ],
          [
            86.7865351,
            53.9005915
          ]
        ]
      },
      "id": "way/47289534"
    },
    {
      "type": "Feature",
      "properties": {
        "@id": "way/52336476",
        "highway": "secondary",
        "lit": "no"
      },
      "geometry": {
        "type": "LineString",
        "coordinates": [
          [
            86.6621902,
            53.901279
          ],
          [
            86.6624741,
            53.9015458
          ],
          [
            86.6626734,
            53.9018285
          ],
          [
            86.6627259,
            53.9019387
          ],
          [
            86.6636872,
            53.9042643
          ],
          [
            86.6642749,
            53.9056548
          ],
          [
            86.6643213,
            53.9057577
          ],
          [
            86.6645005,
            53.906001
          ],
          [
            86.664609,
            53.906088
          ],
          [
            86.6647267,
            53.9061659
          ],
          [
            86.6649532,
            53.9062735
          ],
          [
            86.6652839,
            53.9064004
          ],
          [
            86.6664244,
            53.9068051
          ],
          [
            86.6666509,
            53.9068818
          ],
          [
            86.6668359,
            53.9069666
          ],
          [
            86.6669393,
            53.9070241
          ],
          [
            86.6670332,
            53.9071036
          ],
          [
            86.6670712,
            53.9071664
          ],
          [
            86.6671038,
            53.9072419
          ],
          [
            86.6671089,
            53.9073421
          ],
          [
            86.6670134,
            53.907502
          ],
          [
            86.666424,
            53.9082247
          ],
          [
            86.6659838,
            53.9087253
          ],
          [
            86.6657434,
            53.9089962
          ],
          [
            86.6656827,
            53.9090753
          ]
        ]
      },
      "id": "way/52336476"
    },
    {
      "type": "Feature",
      "properties": {
        "@id": "way/52336481",
        "highway": "secondary",
        "name": "Горная улица",
        "oneway": "yes"
      },
      "geometry": {
        "type": "LineString",
        "coordinates": [
          [
            86.7550419,
            53.8843409
          ],
          [
            86.7550392,
            53.8842096
          ],
          [
            86.7549677,
            53.8841189
          ],
          [
            86.7548564,
            53.8840511
          ],
          [
            86.7546579,
            53.8839982
          ],
          [
            86.7524662,
            53.8839073
          ]
        ]
      },
      "id": "way/52336481"
    },
    {
      "type": "Feature",
      "properties": {
        "@id": "way/62375795",
        "highway": "secondary",
        "source": "GPS",
        "surface": "asphalt"
      },
      "geometry": {
        "type": "LineString",
        "coordinates": [
          [
            86.8090234,
            53.9238248
          ],
          [
            86.8084677,
            53.9237625
          ],
          [
            86.8079526,
            53.9236643
          ],
          [
            86.8073424,
            53.9234986
          ],
          [
            86.8068655,
            53.923334
          ],
          [
            86.8064435,
            53.9231442
          ],
          [
            86.8057966,
            53.9227569
          ],
          [
            86.8050011,
            53.9222856
          ],
          [
            86.8047392,
            53.9221314
          ],
          [
            86.8041453,
            53.9218694
          ],
          [
            86.8038281,
            53.9217478
          ],
          [
            86.803315,
            53.9215472
          ],
          [
            86.8030702,
            53.9214444
          ],
          [
            86.8025997,
            53.9212601
          ],
          [
            86.8021718,
            53.9211021
          ],
          [
            86.801646,
            53.9209442
          ],
          [
            86.8003878,
            53.9206195
          ],
          [
            86.7995065,
            53.9203963
          ],
          [
            86.7986336,
            53.9201807
          ],
          [
            86.7981334,
            53.9200566
          ],
          [
            86.7983294,
            53.9193806
          ],
          [
            86.7984871,
            53.9188702
          ],
          [
            86.798657,
            53.9183084
          ],
          [
            86.7988068,
            53.9177553
          ],
          [
            86.7988888,
            53.9175903
          ],
          [
            86.7989944,
            53.9174876
          ],
          [
            86.7990073,
            53.9174751
          ]
        ]
      },
      "id": "way/62375795"
    },
    {
      "type": "Feature",
      "properties": {
        "@id": "way/62375799",
        "highway": "secondary",
        "name": "улица Кучина",
        "source": "GPS",
        "surface": "asphalt"
      },
      "geometry": {
        "type": "LineString",
        "coordinates": [
          [
            86.7890245,
            53.9105937
          ],
          [
            86.7901657,
            53.910611
          ],
          [
            86.7904446,
            53.9106152
          ],
          [
            86.7906377,
            53.9106181
          ],
          [
            86.7914612,
            53.9106305
          ],
          [
            86.7921764,
            53.9106413
          ],
          [
            86.7927596,
            53.9106501
          ],
          [
            86.7928901,
            53.9106521
          ],
          [
            86.7930305,
            53.9106498
          ],
          [
            86.7949031,
            53.9106934
          ],
          [
            86.7960712,
            53.9107001
          ],
          [
            86.7966398,
            53.9107106
          ]
        ]
      },
      "id": "way/62375799"
    },
    {
      "type": "Feature",
      "properties": {
        "@id": "way/63091551",
        "highway": "primary",
        "oneway": "yes",
        "surface": "asphalt"
      },
      "geometry": {
        "type": "LineString",
        "coordinates": [
          [
            86.7453044,
            53.8959559
          ],
          [
            86.7451289,
            53.8958871
          ],
          [
            86.7449828,
            53.8958182
          ],
          [
            86.7448007,
            53.8956885
          ],
          [
            86.7446522,
            53.8955302
          ]
        ]
      },
      "id": "way/63091551"
    },
    {
      "type": "Feature",
      "properties": {
        "@id": "way/63091553",
        "highway": "secondary"
      },
      "geometry": {
        "type": "LineString",
        "coordinates": [
          [
            86.7547683,
            53.8673893
          ],
          [
            86.7547389,
            53.8676124
          ],
          [
            86.7547377,
            53.8678557
          ],
          [
            86.7546926,
            53.8682391
          ],
          [
            86.7546153,
            53.8686067
          ],
          [
            86.7545809,
            53.8687632
          ],
          [
            86.7545512,
            53.8688986
          ],
          [
            86.7544582,
            53.8691657
          ],
          [
            86.7543635,
            53.8693003
          ],
          [
            86.7541179,
            53.8695052
          ],
          [
            86.7539155,
            53.8696466
          ],
          [
            86.7537331,
            53.8697375
          ]
        ]
      },
      "id": "way/63091553"
    },
    {
      "type": "Feature",
      "properties": {
        "@id": "way/63091563",
        "highway": "secondary"
      },
      "geometry": {
        "type": "LineString",
        "coordinates": [
          [
            86.6803902,
            53.8597545
          ],
          [
            86.6802628,
            53.8596111
          ],
          [
            86.6801393,
            53.8594811
          ],
          [
            86.6799889,
            53.8592337
          ],
          [
            86.6799104,
            53.8590808
          ],
          [
            86.6796945,
            53.858668
          ],
          [
            86.6795952,
            53.8585033
          ],
          [
            86.6795407,
            53.8583628
          ],
          [
            86.6795401,
            53.8582286
          ],
          [
            86.6796034,
            53.858023
          ],
          [
            86.6798004,
            53.8577773
          ],
          [
            86.680038,
            53.8575185
          ],
          [
            86.6803104,
            53.8573084
          ],
          [
            86.6804433,
            53.857206
          ],
          [
            86.6805871,
            53.8571172
          ],
          [
            86.680736,
            53.8570266
          ],
          [
            86.6808631,
            53.8569644
          ],
          [
            86.6812918,
            53.8567588
          ],
          [
            86.6816772,
            53.8565539
          ],
          [
            86.6820997,
            53.8562653
          ],
          [
            86.6824382,
            53.8560446
          ],
          [
            86.6826751,
            53.8558926
          ],
          [
            86.6829811,
            53.8557026
          ],
          [
            86.6830901,
            53.8556142
          ],
          [
            86.6831707,
            53.8555153
          ],
          [
            86.6832375,
            53.8554182
          ],
          [
            86.683259,
            53.8552356
          ],
          [
            86.6831728,
            53.8543753
          ],
          [
            86.6830707,
            53.8535339
          ],
          [
            86.6830556,
            53.8533919
          ],
          [
            86.6830372,
            53.8531543
          ],
          [
            86.6830888,
            53.8528654
          ],
          [
            86.6831773,
            53.8526837
          ],
          [
            86.6833268,
            53.8524959
          ],
          [
            86.683507,
            53.8522872
          ],
          [
            86.6843942,
            53.851374
          ],
          [
            86.6845605,
            53.8510942
          ],
          [
            86.6846235,
            53.8508949
          ],
          [
            86.6846226,
            53.8507756
          ],
          [
            86.6845143,
            53.850497
          ],
          [
            86.6843134,
            53.8501399
          ],
          [
            86.683809,
            53.8494799
          ],
          [
            86.6833146,
            53.8488694
          ],
          [
            86.6830772,
            53.8485675
          ],
          [
            86.6828003,
            53.84824
          ],
          [
            86.6824129,
            53.8476225
          ],
          [
            86.682281,
            53.8470619
          ],
          [
            86.6822467,
            53.8465584
          ],
          [
            86.6822563,
            53.8458379
          ],
          [
            86.6822567,
            53.8458043
          ],
          [
            86.6823915,
            53.8451825
          ],
          [
            86.6826582,
            53.844292
          ],
          [
            86.682719,
            53.8440609
          ],
          [
            86.6828744,
            53.8434707
          ],
          [
            86.6829107,
            53.8433326
          ],
          [
            86.6832283,
            53.8425117
          ],
          [
            86.6836131,
            53.841741
          ],
          [
            86.6841793,
            53.8406159
          ],
          [
            86.6842223,
            53.8405134
          ],
          [
            86.6843381,
            53.8401138
          ],
          [
            86.6843896,
            53.8390863
          ],
          [
            86.684458,
            53.8381288
          ],
          [
            86.6845888,
            53.8373436
          ],
          [
            86.6846877,
            53.8362938
          ],
          [
            86.6849668,
            53.83387
          ],
          [
            86.68544,
            53.8305946
          ],
          [
            86.6853754,
            53.8303998
          ],
          [
            86.6846194,
            53.8281216
          ]
        ]
      },
      "id": "way/63091563"
    },
    {
      "type": "Feature",
      "properties": {
        "@id": "way/63091571",
        "highway": "secondary",
        "name": "Комсомольская улица",
        "name:etymology:wikidata": "Q166073",
        "oneway": "yes"
      },
      "geometry": {
        "type": "LineString",
        "coordinates": [
          [
            86.7546645,
            53.8788753
          ],
          [
            86.7545467,
            53.8788377
          ],
          [
            86.7544937,
            53.8788206
          ],
          [
            86.7544361,
            53.8788022
          ],
          [
            86.7543118,
            53.8787624
          ],
          [
            86.7520518,
            53.8780385
          ],
          [
            86.7513332,
            53.8778084
          ],
          [
            86.7507332,
            53.8776162
          ],
          [
            86.7498206,
            53.8773241
          ],
          [
            86.749329,
            53.8771681
          ],
          [
            86.7489819,
            53.8770525
          ],
          [
            86.7481255,
            53.8767673
          ],
          [
            86.7480083,
            53.8767311
          ],
          [
            86.746568,
            53.8762906
          ]
        ]
      },
      "id": "way/63091571"
    },
    {
      "type": "Feature",
      "properties": {
        "@id": "way/63091594",
        "highway": "primary",
        "oneway": "yes",
        "surface": "asphalt"
      },
      "geometry": {
        "type": "LineString",
        "coordinates": [
          [
            86.7449939,
            53.8950784
          ],
          [
            86.7449438,
            53.8952653
          ]
        ]
      },
      "id": "way/63091594"
    },
    {
      "type": "Feature",
      "properties": {
        "@id": "way/63091616",
        "highway": "secondary",
        "lit": "no",
        "name": "Институтская улица",
        "oneway": "no",
        "passing_places": "no"
      },
      "geometry": {
        "type": "LineString",
        "coordinates": [
          [
            86.6463931,
            53.8740964
          ],
          [
            86.6463866,
            53.8742491
          ],
          [
            86.6463854,
            53.8748329
          ],
          [
            86.6463838,
            53.8755837
          ],
          [
            86.6463823,
            53.8763016
          ],
          [
            86.646382,
            53.8764178
          ],
          [
            86.6463823,
            53.8768504
          ],
          [
            86.6463818,
            53.8772933
          ],
          [
            86.646385,
            53.877368
          ],
          [
            86.646366,
            53.8777331
          ],
          [
            86.6463808,
            53.8780915
          ],
          [
            86.6464032,
            53.8793289
          ],
          [
            86.6464094,
            53.8794545
          ],
          [
            86.6464588,
            53.8795188
          ],
          [
            86.6465306,
            53.8795978
          ],
          [
            86.6465682,
            53.8796816
          ],
          [
            86.6466033,
            53.879765
          ],
          [
            86.6468068,
            53.8800362
          ],
          [
            86.6468749,
            53.8800964
          ],
          [
            86.6469367,
            53.8801529
          ],
          [
            86.6470325,
            53.8802395
          ],
          [
            86.6471432,
            53.8803185
          ],
          [
            86.6472854,
            53.8804231
          ],
          [
            86.6474221,
            53.8805118
          ],
          [
            86.6475157,
            53.8805632
          ],
          [
            86.6476435,
            53.8806222
          ],
          [
            86.6477262,
            53.8806497
          ],
          [
            86.6478755,
            53.8807038
          ],
          [
            86.648016,
            53.8807465
          ],
          [
            86.6480778,
            53.8807653
          ],
          [
            86.6481246,
            53.8807791
          ],
          [
            86.6481995,
            53.880792
          ],
          [
            86.6482885,
            53.880808
          ],
          [
            86.6483758,
            53.8808192
          ],
          [
            86.6484631,
            53.8808305
          ],
          [
            86.6485751,
            53.8808413
          ],
          [
            86.6486568,
            53.8808443
          ],
          [
            86.6492229,
            53.8808527
          ],
          [
            86.6493541,
            53.8808555
          ],
          [
            86.6498336,
            53.8808501
          ],
          [
            86.6503789,
            53.8808456
          ],
          [
            86.6504099,
            53.8808453
          ],
          [
            86.6506623,
            53.8808461
          ]
        ]
      },
      "id": "way/63091616"
    },
    {
      "type": "Feature",
      "properties": {
        "@id": "way/63091621",
        "highway": "primary",
        "lanes": "4",
        "name": "улица Серова",
        "surface": "asphalt"
      },
      "geometry": {
        "type": "LineString",
        "coordinates": [
          [
            86.6749867,
            53.8757178
          ],
          [
            86.6748718,
            53.8757107
          ],
          [
            86.6747816,
            53.8757055
          ],
          [
            86.6729745,
            53.8754756
          ],
          [
            86.6719616,
            53.8753565
          ],
          [
            86.6704956,
            53.8751756
          ],
          [
            86.669561,
            53.8750499
          ],
          [
            86.6690742,
            53.874987
          ],
          [
            86.6685158,
            53.874919
          ],
          [
            86.667954,
            53.8748475
          ],
          [
            86.6675019,
            53.8747864
          ],
          [
            86.665551,
            53.8745508
          ],
          [
            86.6651617,
            53.8744853
          ],
          [
            86.6649684,
            53.8744392
          ],
          [
            86.6647914,
            53.8743849
          ],
          [
            86.6646343,
            53.8743212
          ],
          [
            86.6644828,
            53.8742554
          ],
          [
            86.6643323,
            53.8741632
          ],
          [
            86.6641619,
            53.8740551
          ],
          [
            86.6631985,
            53.8734258
          ]
        ]
      },
      "id": "way/63091621"
    },
    {
      "type": "Feature",
      "properties": {
        "@id": "way/63091652",
        "highway": "primary",
        "oneway": "yes"
      },
      "geometry": {
        "type": "LineString",
        "coordinates": [
          [
            86.74704,
            53.897133
          ],
          [
            86.7469992,
            53.8969328
          ],
          [
            86.7469347,
            53.8967427
          ]
        ]
      },
      "id": "way/63091652"
    },
    {
      "type": "Feature",
      "properties": {
        "@id": "way/63091662",
        "highway": "primary",
        "oneway": "yes",
        "surface": "asphalt"
      },
      "geometry": {
        "type": "LineString",
        "coordinates": [
          [
            86.7447672,
            53.8952148
          ],
          [
            86.7449939,
            53.8950784
          ]
        ]
      },
      "id": "way/63091662"
    },
    {
      "type": "Feature",
      "properties": {
        "@id": "way/63091696",
        "highway": "primary",
        "old_ref": "32К-2",
        "oneway": "yes"
      },
      "geometry": {
        "type": "LineString",
        "coordinates": [
          [
            86.7464317,
            53.8977865
          ],
          [
            86.7464655,
            53.8976915
          ],
          [
            86.7465368,
            53.8975966
          ],
          [
            86.7466602,
            53.8974907
          ],
          [
            86.7469123,
            53.8973073
          ],
          [
            86.7470135,
            53.8971804
          ]
        ]
      },
      "id": "way/63091696"
    },
    {
      "type": "Feature",
      "properties": {
        "@id": "way/63091710",
        "highway": "primary",
        "junction": "roundabout",
        "old_ref": "32К-2"
      },
      "geometry": {
        "type": "LineString",
        "coordinates": [
          [
            86.7474083,
            53.8970801
          ],
          [
            86.7474707,
            53.8971166
          ],
          [
            86.7474982,
            53.8971463
          ],
          [
            86.7475168,
            53.8971969
          ],
          [
            86.7475048,
            53.8972482
          ],
          [
            86.7474823,
            53.8972779
          ],
          [
            86.7474254,
            53.8973174
          ],
          [
            86.7473811,
            53.8973348
          ],
          [
            86.7472973,
            53.8973505
          ],
          [
            86.7471701,
            53.8973411
          ],
          [
            86.7470953,
            53.8973139
          ],
          [
            86.7470421,
            53.8972746
          ],
          [
            86.7470137,
            53.8972256
          ],
          [
            86.7470135,
            53.8971804
          ],
          [
            86.74704,
            53.897133
          ],
          [
            86.7470939,
            53.8970921
          ],
          [
            86.747167,
            53.8970648
          ],
          [
            86.7472528,
            53.8970536
          ],
          [
            86.74734,
            53.8970604
          ],
          [
            86.7474083,
            53.8970801
          ]
        ]
      },
      "id": "way/63091710"
    },
    {
      "type": "Feature",
      "properties": {
        "@id": "way/63091726",
        "highway": "secondary",
        "name": "Главная улица"
      },
      "geometry": {
        "type": "LineString",
        "coordinates": [
          [
            86.7965159,
            53.8104608
          ],
          [
            86.7960875,
            53.8103704
          ],
          [
            86.796044,
            53.810363
          ],
          [
            86.7957733,
            53.8103355
          ],
          [
            86.7953393,
            53.81035
          ],
          [
            86.7943492,
            53.810449
          ],
          [
            86.7933414,
            53.810527
          ],
          [
            86.7928369,
            53.8105766
          ],
          [
            86.792349,
            53.8106568
          ],
          [
            86.7920328,
            53.8107094
          ],
          [
            86.7918333,
            53.8107623
          ],
          [
            86.7916444,
            53.8108477
          ],
          [
            86.7912296,
            53.8111204
          ],
          [
            86.7910083,
            53.811256
          ],
          [
            86.7907993,
            53.8113652
          ],
          [
            86.7906508,
            53.811425
          ],
          [
            86.7904983,
            53.8114717
          ],
          [
            86.7901893,
            53.8115385
          ],
          [
            86.7896314,
            53.8116283
          ],
          [
            86.7887666,
            53.811754
          ],
          [
            86.7878277,
            53.8118383
          ],
          [
            86.7870488,
            53.8118422
          ],
          [
            86.786732,
            53.8118272
          ]
        ]
      },
      "id": "way/63091726"
    },
    {
      "type": "Feature",
      "properties": {
        "@id": "way/63091740",
        "highway": "primary",
        "lit": "yes",
        "name": "проспект Строителей",
        "oneway": "yes"
      },
      "geometry": {
        "type": "LineString",
        "coordinates": [
          [
            86.6322915,
            53.8594044
          ],
          [
            86.6322371,
            53.8594914
          ],
          [
            86.6322005,
            53.8595433
          ],
          [
            86.6321492,
            53.8596005
          ],
          [
            86.630379,
            53.8610657
          ]
        ]
      },
      "id": "way/63091740"
    },
    {
      "type": "Feature",
      "properties": {
        "@id": "way/63091758",
        "highway": "secondary",
        "lit": "yes",
        "maxspeed": "60",
        "name": "улица Есенина"
      },
      "geometry": {
        "type": "LineString",
        "coordinates": [
          [
            86.6096682,
            53.87723
          ],
          [
            86.6096907,
            53.8771187
          ],
          [
            86.6096883,
            53.8769173
          ],
          [
            86.6096886,
            53.8768088
          ],
          [
            86.6097012,
            53.876297
          ],
          [
            86.6097207,
            53.8752435
          ],
          [
            86.6097211,
            53.8752232
          ],
          [
            86.6097253,
            53.8750098
          ],
          [
            86.6097558,
            53.8741964
          ],
          [
            86.6098125,
            53.8738371
          ],
          [
            86.6098434,
            53.8736603
          ],
          [
            86.609927,
            53.8733698
          ],
          [
            86.6101056,
            53.873068
          ],
          [
            86.6104749,
            53.8724986
          ],
          [
            86.6108873,
            53.8719547
          ],
          [
            86.6117794,
            53.8708258
          ],
          [
            86.6122802,
            53.8701721
          ],
          [
            86.612358,
            53.8700755
          ]
        ]
      },
      "id": "way/63091758"
    },
    {
      "type": "Feature",
      "properties": {
        "@id": "way/63091767",
        "highway": "secondary",
        "name": "улица Верхняя Манеиха"
      },
      "geometry": {
        "type": "LineString",
        "coordinates": [
          [
            86.6822862,
            53.8614695
          ],
          [
            86.6828145,
            53.8617469
          ],
          [
            86.683271,
            53.8619875
          ],
          [
            86.6844201,
            53.8625642
          ],
          [
            86.6848673,
            53.8627922
          ],
          [
            86.6853161,
            53.8630225
          ],
          [
            86.6859416,
            53.8633463
          ],
          [
            86.6864313,
            53.8636089
          ],
          [
            86.6867313,
            53.8637197
          ],
          [
            86.687124,
            53.863811
          ],
          [
            86.6875704,
            53.8638669
          ],
          [
            86.6880215,
            53.8639216
          ],
          [
            86.6887401,
            53.8640033
          ],
          [
            86.6890859,
            53.8640289
          ],
          [
            86.689298,
            53.8640287
          ],
          [
            86.6895492,
            53.8640112
          ],
          [
            86.6898561,
            53.8639546
          ],
          [
            86.6900217,
            53.8639008
          ],
          [
            86.6901832,
            53.8638315
          ],
          [
            86.6903087,
            53.8637625
          ],
          [
            86.6905012,
            53.863648
          ],
          [
            86.6908685,
            53.8634165
          ],
          [
            86.6912203,
            53.8631869
          ],
          [
            86.6915769,
            53.8629401
          ],
          [
            86.6918845,
            53.8627552
          ],
          [
            86.6922771,
            53.8625622
          ],
          [
            86.6925848,
            53.8624508
          ],
          [
            86.692934,
            53.8623591
          ],
          [
            86.6930993,
            53.8623341
          ],
          [
            86.6932739,
            53.8623173
          ],
          [
            86.6935993,
            53.8623262
          ],
          [
            86.6938269,
            53.8623695
          ],
          [
            86.6940312,
            53.8624414
          ],
          [
            86.694255,
            53.862572
          ],
          [
            86.6944695,
            53.8627343
          ],
          [
            86.6950918,
            53.8631991
          ],
          [
            86.6954073,
            53.8634532
          ],
          [
            86.6957675,
            53.8637061
          ],
          [
            86.6959389,
            53.8638009
          ],
          [
            86.6961359,
            53.8638889
          ],
          [
            86.6963408,
            53.8639443
          ],
          [
            86.6965574,
            53.8639825
          ],
          [
            86.6967907,
            53.8640065
          ],
          [
            86.6970298,
            53.8640076
          ],
          [
            86.6972538,
            53.8639887
          ],
          [
            86.6974856,
            53.8639495
          ],
          [
            86.6977347,
            53.8638918
          ],
          [
            86.6979828,
            53.8638073
          ],
          [
            86.6984243,
            53.8635895
          ],
          [
            86.698519,
            53.8635255
          ],
          [
            86.698706,
            53.8633938
          ],
          [
            86.6988109,
            53.8632766
          ],
          [
            86.698825,
            53.8632373
          ],
          [
            86.6988634,
            53.8631304
          ],
          [
            86.6989059,
            53.8629212
          ],
          [
            86.698988,
            53.8620698
          ],
          [
            86.6990326,
            53.8615714
          ],
          [
            86.6991477,
            53.8610936
          ],
          [
            86.6997545,
            53.8601832
          ],
          [
            86.70009,
            53.859719
          ],
          [
            86.7006982,
            53.8589096
          ],
          [
            86.7009256,
            53.8587033
          ],
          [
            86.7010841,
            53.8585842
          ],
          [
            86.7013494,
            53.8584117
          ],
          [
            86.7016985,
            53.8582624
          ],
          [
            86.7022794,
            53.8581107
          ],
          [
            86.7039612,
            53.8577568
          ],
          [
            86.7051713,
            53.8575139
          ],
          [
            86.706564,
            53.8572283
          ],
          [
            86.7069449,
            53.8571673
          ],
          [
            86.7073541,
            53.8571209
          ],
          [
            86.7076933,
            53.8571125
          ],
          [
            86.7080537,
            53.8571166
          ],
          [
            86.7087401,
            53.8571497
          ],
          [
            86.7092887,
            53.8571876
          ],
          [
            86.7095541,
            53.8572324
          ],
          [
            86.7098089,
            53.8572825
          ],
          [
            86.7104746,
            53.8575016
          ],
          [
            86.7113383,
            53.8577949
          ],
          [
            86.7122045,
            53.8580283
          ],
          [
            86.7128376,
            53.8581781
          ],
          [
            86.7131631,
            53.858289
          ],
          [
            86.7133683,
            53.8583873
          ],
          [
            86.7135765,
            53.8585193
          ],
          [
            86.7137277,
            53.8586512
          ],
          [
            86.7139229,
            53.8588183
          ],
          [
            86.7140261,
            53.8589702
          ],
          [
            86.7142379,
            53.8592338
          ],
          [
            86.7144476,
            53.8595602
          ],
          [
            86.7148242,
            53.8601993
          ],
          [
            86.715116,
            53.860868
          ],
          [
            86.7153169,
            53.8614247
          ],
          [
            86.7155038,
            53.8619704
          ],
          [
            86.7155615,
            53.8621624
          ],
          [
            86.7156287,
            53.8623284
          ],
          [
            86.7157186,
            53.8625374
          ],
          [
            86.7158389,
            53.8627479
          ],
          [
            86.7160395,
            53.863003
          ],
          [
            86.7162654,
            53.8632135
          ],
          [
            86.7165243,
            53.8634304
          ],
          [
            86.7168401,
            53.8636328
          ],
          [
            86.7173074,
            53.863872
          ],
          [
            86.717829,
            53.8640703
          ],
          [
            86.7180987,
            53.8641466
          ],
          [
            86.7184557,
            53.8642092
          ],
          [
            86.7187563,
            53.8642345
          ],
          [
            86.7195941,
            53.8642577
          ],
          [
            86.7203247,
            53.8642803
          ],
          [
            86.7232123,
            53.8643561
          ],
          [
            86.7238841,
            53.8643924
          ],
          [
            86.724312,
            53.8644084
          ],
          [
            86.7246874,
            53.8644455
          ],
          [
            86.7248573,
            53.864469
          ],
          [
            86.7253766,
            53.8646247
          ],
          [
            86.7268091,
            53.8651154
          ],
          [
            86.7282372,
            53.865573
          ],
          [
            86.728676,
            53.8656864
          ],
          [
            86.72892,
            53.8657481
          ],
          [
            86.7292817,
            53.8658192
          ],
          [
            86.7295396,
            53.8658904
          ],
          [
            86.7296661,
            53.8659313
          ],
          [
            86.7297972,
            53.8659778
          ],
          [
            86.7298988,
            53.8660268
          ],
          [
            86.7299958,
            53.8660841
          ],
          [
            86.7300783,
            53.8661562
          ],
          [
            86.7301609,
            53.8662352
          ],
          [
            86.730229,
            53.8663696
          ],
          [
            86.7302915,
            53.8665004
          ],
          [
            86.7303457,
            53.8665905
          ],
          [
            86.7304413,
            53.8667059
          ],
          [
            86.7306128,
            53.8668148
          ],
          [
            86.7310689,
            53.8669854
          ],
          [
            86.732447,
            53.8674363
          ],
          [
            86.7331738,
            53.867655
          ],
          [
            86.7335557,
            53.8677596
          ],
          [
            86.7356645,
            53.8683907
          ],
          [
            86.7367423,
            53.868762
          ],
          [
            86.737049,
            53.868882
          ],
          [
            86.7371853,
            53.868931
          ],
          [
            86.7373194,
            53.868965
          ],
          [
            86.7374493,
            53.8689711
          ],
          [
            86.7375754,
            53.8689666
          ],
          [
            86.7377021,
            53.8689438
          ],
          [
            86.7378411,
            53.8688804
          ],
          [
            86.7382871,
            53.8686046
          ],
          [
            86.739108,
            53.8680978
          ]
        ]
      },
      "id": "way/63091767"
    },
    {
      "type": "Feature",
      "properties": {
        "@id": "way/63091780",
        "highway": "secondary",
        "name": "Комсомольская улица",
        "name:etymology:wikidata": "Q166073",
        "oneway": "yes"
      },
      "geometry": {
        "type": "LineString",
        "coordinates": [
          [
            86.746753,
            53.8760319
          ],
          [
            86.7483235,
            53.8765471
          ],
          [
            86.7488671,
            53.8767096
          ],
          [
            86.7494476,
            53.8769037
          ],
          [
            86.7495569,
            53.8769402
          ],
          [
            86.7510798,
            53.8774357
          ],
          [
            86.7532134,
            53.8781518
          ],
          [
            86.7536847,
            53.87831
          ],
          [
            86.7545935,
            53.8786149
          ],
          [
            86.7546206,
            53.8786242
          ],
          [
            86.7546749,
            53.8786425
          ],
          [
            86.7547119,
            53.8786552
          ],
          [
            86.7547958,
            53.8786828
          ],
          [
            86.7548304,
            53.8786944
          ]
        ]
      },
      "id": "way/63091780"
    },
    {
      "type": "Feature",
      "properties": {
        "@id": "way/63091802",
        "highway": "primary",
        "old_ref": "32К-2",
        "oneway": "yes"
      },
      "geometry": {
        "type": "LineString",
        "coordinates": [
          [
            86.7473811,
            53.8973348
          ],
          [
            86.7472773,
            53.8973866
          ],
          [
            86.7471682,
            53.8974337
          ],
          [
            86.7469364,
            53.8975184
          ],
          [
            86.7464317,
            53.8977865
          ]
        ]
      },
      "id": "way/63091802"
    },
    {
      "type": "Feature",
      "properties": {
        "@id": "way/63091821",
        "highway": "primary",
        "old_ref": "32К-2",
        "oneway": "yes"
      },
      "geometry": {
        "type": "LineString",
        "coordinates": [
          [
            86.7482856,
            53.8978708
          ],
          [
            86.7481461,
            53.8977815
          ],
          [
            86.7478631,
            53.897482
          ],
          [
            86.7477223,
            53.8974211
          ],
          [
            86.7473811,
            53.8973348
          ]
        ]
      },
      "id": "way/63091821"
    },
    {
      "type": "Feature",
      "properties": {
        "@id": "way/63091843",
        "highway": "primary",
        "oneway": "yes",
        "surface": "asphalt"
      },
      "geometry": {
        "type": "LineString",
        "coordinates": [
          [
            86.7450188,
            53.8953749
          ],
          [
            86.7450908,
            53.8957442
          ],
          [
            86.7453044,
            53.8959559
          ]
        ]
      },
      "id": "way/63091843"
    },
    {
      "type": "Feature",
      "properties": {
        "@id": "way/75543093",
        "highway": "secondary",
        "name": "Городская улица",
        "oneway": "yes"
      },
      "geometry": {
        "type": "LineString",
        "coordinates": [
          [
            86.7539205,
            53.8821482
          ],
          [
            86.754675,
            53.8826767
          ],
          [
            86.755616,
            53.8833361
          ],
          [
            86.7556466,
            53.8834607
          ],
          [
            86.7556165,
            53.8836832
          ],
          [
            86.75528,
            53.8840581
          ],
          [
            86.7550419,
            53.8843409
          ]
        ]
      },
      "id": "way/75543093"
    },
    {
      "type": "Feature",
      "properties": {
        "@id": "way/75543096",
        "highway": "primary",
        "oneway": "yes",
        "surface": "asphalt"
      },
      "geometry": {
        "type": "LineString",
        "coordinates": [
          [
            86.7439521,
            53.8953907
          ],
          [
            86.7440868,
            53.8953791
          ],
          [
            86.7442286,
            53.8953618
          ],
          [
            86.7443289,
            53.8953446
          ],
          [
            86.744422,
            53.8953181
          ],
          [
            86.7445175,
            53.8952831
          ]
        ]
      },
      "id": "way/75543096"
    },
    {
      "type": "Feature",
      "properties": {
        "@id": "way/75543105",
        "bridge": "yes",
        "highway": "primary",
        "layer": "1"
      },
      "geometry": {
        "type": "LineString",
        "coordinates": [
          [
            86.7554066,
            53.8789759
          ],
          [
            86.7560945,
            53.8791888
          ]
        ]
      },
      "id": "way/75543105"
    },
    {
      "type": "Feature",
      "properties": {
        "@id": "way/75543108",
        "highway": "primary"
      },
      "geometry": {
        "type": "LineString",
        "coordinates": [
          [
            86.7560945,
            53.8791888
          ],
          [
            86.7562664,
            53.8792457
          ]
        ]
      },
      "id": "way/75543108"
    },
    {
      "type": "Feature",
      "properties": {
        "@id": "way/75543113",
        "highway": "primary",
        "oneway": "yes"
      },
      "geometry": {
        "type": "LineString",
        "coordinates": [
          [
            86.7469347,
            53.8967427
          ],
          [
            86.7474083,
            53.8970801
          ]
        ]
      },
      "id": "way/75543113"
    },
    {
      "type": "Feature",
      "properties": {
        "@id": "way/75543115",
        "highway": "primary",
        "oneway": "yes",
        "surface": "asphalt"
      },
      "geometry": {
        "type": "LineString",
        "coordinates": [
          [
            86.7445279,
            53.8954785
          ],
          [
            86.7439521,
            53.8953907
          ]
        ]
      },
      "id": "way/75543115"
    },
    {
      "type": "Feature",
      "properties": {
        "@id": "way/75543120",
        "highway": "primary",
        "name": "проспект Шахтёров",
        "surface": "asphalt"
      },
      "geometry": {
        "type": "LineString",
        "coordinates": [
          [
            86.7449939,
            53.8950784
          ],
          [
            86.7455637,
            53.8943035
          ],
          [
            86.7462624,
            53.8933733
          ],
          [
            86.7463912,
            53.8931984
          ],
          [
            86.7467574,
            53.8927271
          ],
          [
            86.7468339,
            53.8926317
          ],
          [
            86.7473816,
            53.8919478
          ],
          [
            86.7481563,
            53.890864
          ],
          [
            86.7482324,
            53.890743
          ],
          [
            86.7482898,
            53.8905697
          ],
          [
            86.7483488,
            53.8903369
          ],
          [
            86.7483811,
            53.8902092
          ],
          [
            86.7484138,
            53.8900039
          ],
          [
            86.7484817,
            53.8895779
          ],
          [
            86.7485841,
            53.888938
          ],
          [
            86.748655,
            53.8883171
          ],
          [
            86.7486953,
            53.8880901
          ],
          [
            86.7487776,
            53.8877934
          ],
          [
            86.7488575,
            53.8875165
          ],
          [
            86.7489861,
            53.8872391
          ],
          [
            86.7494698,
            53.8863004
          ],
          [
            86.7498283,
            53.8857263
          ],
          [
            86.7503514,
            53.8849696
          ],
          [
            86.7503999,
            53.8849016
          ],
          [
            86.7508621,
            53.8842141
          ],
          [
            86.7509004,
            53.8841571
          ],
          [
            86.7513275,
            53.8835219
          ],
          [
            86.7519868,
            53.8824768
          ],
          [
            86.752194,
            53.8821297
          ],
          [
            86.752943,
            53.880871
          ],
          [
            86.7530916,
            53.8806214
          ],
          [
            86.7537409,
            53.8798745
          ],
          [
            86.7540887,
            53.8795211
          ],
          [
            86.7545445,
            53.8790025
          ],
          [
            86.7546005,
            53.8789507
          ],
          [
            86.7546645,
            53.8788753
          ]
        ]
      },
      "id": "way/75543120"
    },
    {
      "type": "Feature",
      "properties": {
        "@id": "way/75543123",
        "highway": "primary",
        "lanes": "2",
        "name": "площадка Фрунзе",
        "old_ref": "32К-2",
        "surface": "asphalt"
      },
      "geometry": {
        "type": "LineString",
        "coordinates": [
          [
            86.7482856,
            53.8978708
          ],
          [
            86.7483231,
            53.8979134
          ],
          [
            86.7483821,
            53.8979766
          ],
          [
            86.7484358,
            53.8980391
          ],
          [
            86.7485216,
            53.8980912
          ],
          [
            86.7485896,
            53.8980958
          ],
          [
            86.7486852,
            53.8981023
          ],
          [
            86.7487523,
            53.898058
          ],
          [
            86.7487755,
            53.8980286
          ],
          [
            86.7487764,
            53.8979932
          ],
          [
            86.7487049,
            53.8979117
          ],
          [
            86.7486365,
            53.8978281
          ],
          [
            86.7484304,
            53.8976234
          ],
          [
            86.7483419,
            53.8975017
          ],
          [
            86.7482883,
            53.8973168
          ],
          [
            86.7482641,
            53.8970639
          ],
          [
            86.7482668,
            53.8965566
          ],
          [
            86.748291,
            53.8960603
          ],
          [
            86.7485874,
            53.8934485
          ],
          [
            86.7493156,
            53.8906958
          ],
          [
            86.7493585,
            53.890563
          ],
          [
            86.7494175,
            53.8904508
          ],
          [
            86.7494845,
            53.8903449
          ],
          [
            86.749573,
            53.8901615
          ],
          [
            86.7496213,
            53.8900461
          ],
          [
            86.749675,
            53.8899007
          ],
          [
            86.7497125,
            53.8897647
          ],
          [
            86.749838,
            53.8890049
          ],
          [
            86.7500531,
            53.8877736
          ],
          [
            86.7501163,
            53.8874118
          ],
          [
            86.7501333,
            53.8873134
          ],
          [
            86.7501485,
            53.8872307
          ],
          [
            86.750162,
            53.887169
          ],
          [
            86.750189,
            53.8871042
          ],
          [
            86.7502177,
            53.8870345
          ],
          [
            86.7502515,
            53.8869768
          ],
          [
            86.7503051,
            53.8869047
          ],
          [
            86.7509383,
            53.8859787
          ],
          [
            86.7510644,
            53.8858507
          ],
          [
            86.7511582,
            53.8857447
          ],
          [
            86.7512709,
            53.8856072
          ],
          [
            86.7524662,
            53.8839073
          ],
          [
            86.7525212,
            53.8837927
          ],
          [
            86.7525449,
            53.8837433
          ],
          [
            86.7525932,
            53.8836358
          ],
          [
            86.752663,
            53.8835251
          ],
          [
            86.7528558,
            53.8832808
          ],
          [
            86.7533534,
            53.8827515
          ],
          [
            86.7539205,
            53.8821482
          ]
        ]
      },
      "id": "way/75543123"
    },
    {
      "type": "Feature",
      "properties": {
        "@id": "way/75543128",
        "highway": "primary",
        "surface": "asphalt"
      },
      "geometry": {
        "type": "LineString",
        "coordinates": [
          [
            86.7453044,
            53.8959559
          ],
          [
            86.7458725,
            53.8961289
          ],
          [
            86.7461473,
            53.8962351
          ],
          [
            86.7463631,
            53.8963469
          ],
          [
            86.7466462,
            53.8965353
          ],
          [
            86.7469347,
            53.8967427
          ]
        ]
      },
      "id": "way/75543128"
    },
    {
      "type": "Feature",
      "properties": {
        "@id": "way/75543129",
        "highway": "primary",
        "name": "Проспектная улица",
        "oneway": "yes"
      },
      "geometry": {
        "type": "LineString",
        "coordinates": [
          [
            86.6749867,
            53.8757178
          ],
          [
            86.6752634,
            53.8756619
          ],
          [
            86.675471,
            53.875608
          ],
          [
            86.6755881,
            53.8755716
          ],
          [
            86.6757041,
            53.8755188
          ],
          [
            86.6758467,
            53.8754391
          ],
          [
            86.6759606,
            53.8753569
          ],
          [
            86.6760043,
            53.8753231
          ],
          [
            86.6760873,
            53.8752597
          ],
          [
            86.6761725,
            53.8751888
          ],
          [
            86.6762806,
            53.8750786
          ],
          [
            86.6762989,
            53.8750552
          ],
          [
            86.6764342,
            53.8748792
          ],
          [
            86.6766032,
            53.8746939
          ],
          [
            86.6766759,
            53.8746267
          ],
          [
            86.6766997,
            53.8746047
          ],
          [
            86.6767485,
            53.8745595
          ],
          [
            86.6768736,
            53.8744519
          ],
          [
            86.6769826,
            53.874377
          ],
          [
            86.677078,
            53.8743433
          ],
          [
            86.6772068,
            53.8743235
          ],
          [
            86.6773517,
            53.8743044
          ],
          [
            86.677443,
            53.8743024
          ],
          [
            86.6775258,
            53.8743124
          ],
          [
            86.6775967,
            53.8743363
          ],
          [
            86.6777539,
            53.8743881
          ],
          [
            86.6779178,
            53.8744628
          ],
          [
            86.6782844,
            53.8746172
          ],
          [
            86.6784669,
            53.874686
          ],
          [
            86.6786562,
            53.8747418
          ],
          [
            86.6788268,
            53.8747756
          ],
          [
            86.679033,
            53.8747846
          ],
          [
            86.6793946,
            53.8747667
          ],
          [
            86.6796227,
            53.8747418
          ],
          [
            86.679942,
            53.8747059
          ],
          [
            86.680133,
            53.8747159
          ],
          [
            86.6803019,
            53.8747447
          ],
          [
            86.6804456,
            53.8747756
          ],
          [
            86.6806568,
            53.8748633
          ],
          [
            86.6809237,
            53.8749559
          ],
          [
            86.6818395,
            53.8753195
          ],
          [
            86.6822535,
            53.8754968
          ],
          [
            86.6824681,
            53.8755984
          ],
          [
            86.6826083,
            53.8756751
          ],
          [
            86.6827114,
            53.8757528
          ],
          [
            86.6827925,
            53.8758335
          ],
          [
            86.6828787,
            53.8759152
          ],
          [
            86.682948,
            53.8759859
          ],
          [
            86.6830139,
            53.8760925
          ],
          [
            86.6831153,
            53.8762788
          ],
          [
            86.6833146,
            53.8766663
          ],
          [
            86.6836272,
            53.8773924
          ],
          [
            86.6837624,
            53.8776873
          ],
          [
            86.6838097,
            53.8777759
          ],
          [
            86.6838604,
            53.8778238
          ],
          [
            86.6839162,
            53.8778726
          ],
          [
            86.683993,
            53.877906
          ]
        ]
      },
      "id": "way/75543129"
    },
    {
      "type": "Feature",
      "properties": {
        "@id": "way/75558679",
        "highway": "primary",
        "oneway": "yes"
      },
      "geometry": {
        "type": "LineString",
        "coordinates": [
          [
            86.6893253,
            53.8795535
          ],
          [
            86.6881478,
            53.8801464
          ],
          [
            86.6869783,
            53.8807457
          ],
          [
            86.6865277,
            53.880956
          ],
          [
            86.6862595,
            53.8810508
          ],
          [
            86.6858089,
            53.8811789
          ],
          [
            86.6855594,
            53.8812105
          ],
          [
            86.6853181,
            53.8812421
          ],
          [
            86.6850311,
            53.8812453
          ],
          [
            86.6847682,
            53.8812311
          ],
          [
            86.6843954,
            53.881152
          ],
          [
            86.6836014,
            53.8809623
          ],
          [
            86.6831053,
            53.8808473
          ],
          [
            86.6818624,
            53.8805997
          ],
          [
            86.6806557,
            53.8803715
          ],
          [
            86.6799635,
            53.8802452
          ],
          [
            86.6792049,
            53.8801226
          ],
          [
            86.6785964,
            53.8800266
          ],
          [
            86.6783763,
            53.8799852
          ],
          [
            86.6781832,
            53.8799375
          ],
          [
            86.6780148,
            53.8798866
          ],
          [
            86.6778901,
            53.8798288
          ],
          [
            86.677738,
            53.8797386
          ],
          [
            86.6776179,
            53.8796254
          ],
          [
            86.677486,
            53.8794514
          ],
          [
            86.6772816,
            53.8791201
          ],
          [
            86.6770048,
            53.8785905
          ],
          [
            86.676792,
            53.8782065
          ],
          [
            86.6765706,
            53.8777095
          ],
          [
            86.6760128,
            53.8763873
          ],
          [
            86.6759447,
            53.8762656
          ],
          [
            86.675884,
            53.8761727
          ],
          [
            86.6757701,
            53.8760591
          ],
          [
            86.6755977,
            53.8759412
          ],
          [
            86.6755029,
            53.8758853
          ],
          [
            86.6754263,
            53.8758477
          ],
          [
            86.6753145,
            53.8758031
          ],
          [
            86.6751762,
            53.8757636
          ],
          [
            86.6749867,
            53.8757178
          ]
        ]
      },
      "id": "way/75558679"
    },
    {
      "type": "Feature",
      "properties": {
        "@id": "way/76909762",
        "highway": "secondary"
      },
      "geometry": {
        "type": "LineString",
        "coordinates": [
          [
            86.8516773,
            53.8942776
          ],
          [
            86.8496056,
            53.8938436
          ],
          [
            86.849063,
            53.8937593
          ],
          [
            86.8486283,
            53.8937011
          ],
          [
            86.8480102,
            53.8936466
          ],
          [
            86.8473656,
            53.8936097
          ],
          [
            86.8440148,
            53.8934291
          ],
          [
            86.8416432,
            53.8932384
          ],
          [
            86.840698,
            53.8931506
          ],
          [
            86.8398975,
            53.8930427
          ],
          [
            86.8396745,
            53.8930031
          ],
          [
            86.8392765,
            53.8928565
          ],
          [
            86.8389719,
            53.8926907
          ],
          [
            86.8384008,
            53.8923143
          ],
          [
            86.8374855,
            53.8915974
          ],
          [
            86.8370065,
            53.8911546
          ],
          [
            86.8368043,
            53.8909576
          ],
          [
            86.8364935,
            53.8905724
          ],
          [
            86.8358143,
            53.8897055
          ],
          [
            86.8356121,
            53.8895186
          ],
          [
            86.8353886,
            53.8893693
          ]
        ]
      },
      "id": "way/76909762"
    },
    {
      "type": "Feature",
      "properties": {
        "@id": "way/80896409",
        "access": "yes",
        "cutting": "yes",
        "highway": "primary",
        "junction": "roundabout",
        "maxspeed": "60",
        "oneway": "yes",
        "surface": "asphalt"
      },
      "geometry": {
        "type": "LineString",
        "coordinates": [
          [
            86.6259366,
            53.8746102
          ],
          [
            86.6260241,
            53.8745401
          ],
          [
            86.62614,
            53.8744861
          ],
          [
            86.626276,
            53.8744522
          ],
          [
            86.6264224,
            53.8744407
          ],
          [
            86.6265611,
            53.8744512
          ],
          [
            86.6266908,
            53.8744819
          ],
          [
            86.6268034,
            53.8745308
          ],
          [
            86.6268915,
            53.8745948
          ],
          [
            86.6269496,
            53.8746697
          ],
          [
            86.626974,
            53.8747509
          ],
          [
            86.626963,
            53.8748331
          ],
          [
            86.626896,
            53.8749342
          ],
          [
            86.6267763,
            53.8750168
          ],
          [
            86.6266173,
            53.8750715
          ],
          [
            86.6264366,
            53.8750925
          ],
          [
            86.6262542,
            53.8750773
          ],
          [
            86.6260904,
            53.8750276
          ],
          [
            86.6259634,
            53.874949
          ],
          [
            86.6258966,
            53.8748687
          ],
          [
            86.6258693,
            53.8747806
          ],
          [
            86.6258837,
            53.8746915
          ],
          [
            86.6259366,
            53.8746102
          ]
        ]
      },
      "id": "way/80896409"
    },
    {
      "type": "Feature",
      "properties": {
        "@id": "way/106655575",
        "highway": "secondary",
        "lit": "yes",
        "name": "улица О.Дундича"
      },
      "geometry": {
        "type": "LineString",
        "coordinates": [
          [
            86.6454618,
            53.8960227
          ],
          [
            86.64541,
            53.8958854
          ],
          [
            86.6455008,
            53.8948764
          ],
          [
            86.6456373,
            53.8935856
          ],
          [
            86.6456409,
            53.8935222
          ],
          [
            86.6456489,
            53.8934793
          ],
          [
            86.6456534,
            53.8934442
          ],
          [
            86.6458045,
            53.8922474
          ],
          [
            86.6458005,
            53.8921547
          ],
          [
            86.6458916,
            53.8914218
          ],
          [
            86.6459562,
            53.8906363
          ],
          [
            86.6459531,
            53.8905143
          ],
          [
            86.6459439,
            53.8901589
          ],
          [
            86.6459947,
            53.8900467
          ]
        ]
      },
      "id": "way/106655575"
    },
    {
      "type": "Feature",
      "properties": {
        "@id": "way/106733374",
        "highway": "secondary",
        "lanes": "2",
        "lit": "no"
      },
      "geometry": {
        "type": "LineString",
        "coordinates": [
          [
            86.6621902,
            53.901279
          ],
          [
            86.6620212,
            53.9011495
          ],
          [
            86.661048,
            53.9007115
          ],
          [
            86.6579288,
            53.8995168
          ],
          [
            86.6573036,
            53.8992839
          ],
          [
            86.6506114,
            53.8965988
          ],
          [
            86.6500646,
            53.8964619
          ],
          [
            86.6477285,
            53.896322
          ],
          [
            86.6465933,
            53.8962534
          ],
          [
            86.6459704,
            53.8962288
          ],
          [
            86.6458216,
            53.8962138
          ],
          [
            86.6457472,
            53.8961954
          ],
          [
            86.6456051,
            53.8961502
          ],
          [
            86.6454618,
            53.8960227
          ]
        ]
      },
      "id": "way/106733374"
    },
    {
      "type": "Feature",
      "properties": {
        "@id": "way/106758617",
        "highway": "secondary",
        "junction": "roundabout",
        "lanes": "1",
        "oneway": "yes"
      },
      "geometry": {
        "type": "LineString",
        "coordinates": [
          [
            86.6096821,
            53.8774955
          ],
          [
            86.6096108,
            53.8774875
          ],
          [
            86.6095474,
            53.8774667
          ],
          [
            86.6094986,
            53.8774351
          ],
          [
            86.6094692,
            53.877396
          ],
          [
            86.6094625,
            53.8773534
          ]
        ]
      },
      "id": "way/106758617"
    },
    {
      "type": "Feature",
      "properties": {
        "@id": "way/106774679",
        "highway": "primary",
        "lit": "yes",
        "oneway": "yes"
      },
      "geometry": {
        "type": "LineString",
        "coordinates": [
          [
            86.6414122,
            53.8721647
          ],
          [
            86.6414115,
            53.8721981
          ],
          [
            86.6413882,
            53.8728865
          ],
          [
            86.6413636,
            53.8737974
          ],
          [
            86.6413539,
            53.8739323
          ],
          [
            86.6412897,
            53.8740349
          ]
        ]
      },
      "id": "way/106774679"
    },
    {
      "type": "Feature",
      "properties": {
        "@id": "way/106792130",
        "highway": "primary",
        "maxspeed": "60",
        "name": "проспект Строителей"
      },
      "geometry": {
        "type": "LineString",
        "coordinates": [
          [
            86.628694,
            53.8631817
          ],
          [
            86.6284992,
            53.8633734
          ],
          [
            86.6282444,
            53.8636806
          ],
          [
            86.6276173,
            53.8644986
          ]
        ]
      },
      "id": "way/106792130"
    },
    {
      "type": "Feature",
      "properties": {
        "@id": "way/106997930",
        "highway": "secondary"
      },
      "geometry": {
        "type": "LineString",
        "coordinates": [
          [
            86.6795423,
            53.8595092
          ],
          [
            86.6798415,
            53.8593969
          ],
          [
            86.6799365,
            53.8593176
          ],
          [
            86.6799889,
            53.8592337
          ]
        ]
      },
      "id": "way/106997930"
    },
    {
      "type": "Feature",
      "properties": {
        "@id": "way/108318917",
        "highway": "primary",
        "lit": "yes",
        "oneway": "yes"
      },
      "geometry": {
        "type": "LineString",
        "coordinates": [
          [
            86.6590518,
            53.8740513
          ],
          [
            86.6590764,
            53.8739445
          ],
          [
            86.6590563,
            53.8736995
          ]
        ]
      },
      "id": "way/108318917"
    },
    {
      "type": "Feature",
      "properties": {
        "@id": "way/108318918",
        "highway": "primary"
      },
      "geometry": {
        "type": "LineString",
        "coordinates": [
          [
            86.6631985,
            53.8734258
          ],
          [
            86.6630906,
            53.8733646
          ],
          [
            86.6630007,
            53.8733203
          ],
          [
            86.6628928,
            53.8732719
          ],
          [
            86.6627835,
            53.8732317
          ],
          [
            86.6626333,
            53.8731948
          ]
        ]
      },
      "id": "way/108318918"
    },
    {
      "type": "Feature",
      "properties": {
        "@id": "way/108318919",
        "highway": "secondary",
        "lit": "no",
        "name": "улица Крупской",
        "name:etymology:wikidata": "Q215637"
      },
      "geometry": {
        "type": "LineString",
        "coordinates": [
          [
            86.6565034,
            53.8719211
          ],
          [
            86.6565055,
            53.8716294
          ],
          [
            86.6565034,
            53.8716216
          ],
          [
            86.6565035,
            53.8715924
          ],
          [
            86.6565055,
            53.8708802
          ],
          [
            86.6565101,
            53.8704395
          ],
          [
            86.6565153,
            53.8699441
          ],
          [
            86.656552,
            53.869128
          ],
          [
            86.6565921,
            53.8683788
          ],
          [
            86.656609,
            53.8671344
          ],
          [
            86.6566143,
            53.8667432
          ],
          [
            86.6566197,
            53.866346
          ],
          [
            86.6566203,
            53.8663032
          ],
          [
            86.6565881,
            53.8658571
          ],
          [
            86.6565693,
            53.8656991
          ],
          [
            86.6565169,
            53.8655251
          ]
        ]
      },
      "id": "way/108318919"
    },
    {
      "type": "Feature",
      "properties": {
        "@id": "way/108318920",
        "highway": "secondary",
        "lit": "yes",
        "maxspeed": "60",
        "name": "проспект Гагарина",
        "oneway": "yes"
      },
      "geometry": {
        "type": "LineString",
        "coordinates": [
          [
            86.6588459,
            53.8719342
          ],
          [
            86.6590015,
            53.8719571
          ],
          [
            86.6590987,
            53.8719828
          ],
          [
            86.6591744,
            53.872013
          ],
          [
            86.6592314,
            53.8720529
          ],
          [
            86.6592689,
            53.8720966
          ],
          [
            86.6593049,
            53.8721494
          ],
          [
            86.6593265,
            53.8722078
          ],
          [
            86.6593498,
            53.872319
          ],
          [
            86.6593347,
            53.8728017
          ],
          [
            86.6593346,
            53.8729008
          ],
          [
            86.6593435,
            53.8729692
          ],
          [
            86.65936,
            53.8730343
          ],
          [
            86.659389,
            53.8730928
          ],
          [
            86.6594377,
            53.8731558
          ],
          [
            86.659505,
            53.8732226
          ],
          [
            86.6596035,
            53.8733283
          ]
        ]
      },
      "id": "way/108318920"
    },
    {
      "type": "Feature",
      "properties": {
        "@id": "way/108318921",
        "highway": "secondary",
        "lit": "no",
        "name": "Институтская улица",
        "oneway": "yes",
        "passing_places": "no"
      },
      "geometry": {
        "type": "LineString",
        "coordinates": [
          [
            86.6465196,
            53.8653566
          ],
          [
            86.6465039,
            53.8680175
          ],
          [
            86.6464967,
            53.8682252
          ],
          [
            86.6464795,
            53.8686357
          ],
          [
            86.646492,
            53.8696179
          ],
          [
            86.6464953,
            53.869923
          ]
        ]
      },
      "id": "way/108318921"
    },
    {
      "type": "Feature",
      "properties": {
        "@id": "way/108318923",
        "highway": "primary",
        "junction": "roundabout",
        "lit": "yes",
        "oneway": "yes",
        "surface": "asphalt"
      },
      "geometry": {
        "type": "LineString",
        "coordinates": [
          [
            86.6596035,
            53.8733283
          ],
          [
            86.6596546,
            53.8733562
          ],
          [
            86.6596652,
            53.873362
          ],
          [
            86.6597014,
            53.8733814
          ],
          [
            86.6597195,
            53.8733917
          ],
          [
            86.6597376,
            53.8734021
          ],
          [
            86.6597578,
            53.8734228
          ],
          [
            86.6597674,
            53.8734542
          ],
          [
            86.6597685,
            53.8734793
          ],
          [
            86.6597716,
            53.8735013
          ],
          [
            86.6597515,
            53.8735556
          ],
          [
            86.6595063,
            53.8737309
          ],
          [
            86.6593661,
            53.8737699
          ],
          [
            86.6593123,
            53.8737778
          ],
          [
            86.6592533,
            53.8737806
          ],
          [
            86.659205,
            53.873775
          ],
          [
            86.6591553,
            53.8737674
          ],
          [
            86.6591165,
            53.873751
          ],
          [
            86.6590563,
            53.8736995
          ]
        ]
      },
      "id": "way/108318923"
    },
    {
      "type": "Feature",
      "properties": {
        "@id": "way/108318925",
        "highway": "secondary",
        "lit": "no",
        "name": "Институтская улица",
        "oneway": "yes"
      },
      "geometry": {
        "type": "LineString",
        "coordinates": [
          [
            86.6461179,
            53.8699302
          ],
          [
            86.6461171,
            53.8697041
          ],
          [
            86.6461155,
            53.8692434
          ],
          [
            86.6461341,
            53.8684554
          ],
          [
            86.646152,
            53.8676585
          ],
          [
            86.6461441,
            53.8670494
          ],
          [
            86.6461445,
            53.8670207
          ],
          [
            86.6461608,
            53.8657604
          ],
          [
            86.6461678,
            53.8653277
          ]
        ]
      },
      "id": "way/108318925"
    },
    {
      "type": "Feature",
      "properties": {
        "@id": "way/108318927",
        "highway": "secondary",
        "lit": "no",
        "maxspeed": "60",
        "name": "улица Обручева"
      },
      "geometry": {
        "type": "LineString",
        "coordinates": [
          [
            86.6413697,
            53.8652758
          ],
          [
            86.6412684,
            53.8652712
          ],
          [
            86.6409315,
            53.8652751
          ],
          [
            86.6406717,
            53.8652736
          ],
          [
            86.6384389,
            53.8652506
          ],
          [
            86.6382301,
            53.8652508
          ],
          [
            86.6366337,
            53.8652214
          ],
          [
            86.6364242,
            53.8652114
          ],
          [
            86.6361859,
            53.8651925
          ],
          [
            86.6359832,
            53.8651736
          ],
          [
            86.6357297,
            53.8651467
          ],
          [
            86.6355969,
            53.8651302
          ],
          [
            86.6354898,
            53.8651108
          ],
          [
            86.6353951,
            53.8650839
          ],
          [
            86.6352414,
            53.8650271
          ],
          [
            86.6350048,
            53.8649301
          ],
          [
            86.6341603,
            53.8646037
          ],
          [
            86.6340101,
            53.8645468
          ],
          [
            86.633715,
            53.864421
          ],
          [
            86.6335165,
            53.8643491
          ],
          [
            86.6334414,
            53.8643238
          ],
          [
            86.633239,
            53.8642583
          ],
          [
            86.6326851,
            53.8640984
          ],
          [
            86.6324812,
            53.8640367
          ],
          [
            86.6319369,
            53.8638733
          ],
          [
            86.6318249,
            53.8638455
          ],
          [
            86.6317087,
            53.8638263
          ],
          [
            86.6316119,
            53.8638115
          ],
          [
            86.6315017,
            53.8638059
          ],
          [
            86.630902,
            53.8637963
          ],
          [
            86.6307884,
            53.8637861
          ],
          [
            86.6306742,
            53.8637668
          ],
          [
            86.6291495,
            53.8633401
          ],
          [
            86.628694,
            53.8631817
          ]
        ]
      },
      "id": "way/108318927"
    },
    {
      "type": "Feature",
      "properties": {
        "@id": "way/108318931",
        "highway": "primary",
        "lit": "no",
        "name": "улица Гайдара"
      },
      "geometry": {
        "type": "LineString",
        "coordinates": [
          [
            86.6416323,
            53.8620734
          ],
          [
            86.6414936,
            53.862016
          ],
          [
            86.6391646,
            53.8613431
          ],
          [
            86.6377626,
            53.8609344
          ],
          [
            86.6365882,
            53.8605941
          ],
          [
            86.6347688,
            53.8600648
          ],
          [
            86.6338194,
            53.8597982
          ],
          [
            86.6328258,
            53.8595021
          ]
        ]
      },
      "id": "way/108318931"
    },
    {
      "type": "Feature",
      "properties": {
        "@id": "way/108318941",
        "highway": "secondary",
        "lit": "no",
        "name": "улица Яворского"
      },
      "geometry": {
        "type": "LineString",
        "coordinates": [
          [
            86.6507128,
            53.8699383
          ],
          [
            86.6493043,
            53.8699218
          ],
          [
            86.6485421,
            53.8699222
          ],
          [
            86.6477663,
            53.8699233
          ],
          [
            86.6464953,
            53.869923
          ]
        ]
      },
      "id": "way/108318941"
    },
    {
      "type": "Feature",
      "properties": {
        "@id": "way/108318946",
        "highway": "secondary",
        "lit": "yes",
        "maxspeed": "60",
        "name": "проспект Гагарина",
        "oneway": "yes"
      },
      "geometry": {
        "type": "LineString",
        "coordinates": [
          [
            86.6590598,
            53.873511
          ],
          [
            86.6590805,
            53.8731128
          ],
          [
            86.6590832,
            53.872954
          ],
          [
            86.6590983,
            53.8725439
          ],
          [
            86.6590997,
            53.8724156
          ],
          [
            86.6590956,
            53.872369
          ],
          [
            86.6590734,
            53.8722976
          ],
          [
            86.6590394,
            53.8722381
          ],
          [
            86.6589776,
            53.8721721
          ],
          [
            86.6589224,
            53.8721303
          ],
          [
            86.6588809,
            53.8721089
          ],
          [
            86.6588374,
            53.8720948
          ],
          [
            86.6587567,
            53.8720819
          ],
          [
            86.6565056,
            53.8720751
          ],
          [
            86.6560468,
            53.8720775
          ],
          [
            86.6559558,
            53.8720782
          ]
        ]
      },
      "id": "way/108318946"
    },
    {
      "type": "Feature",
      "properties": {
        "@id": "way/108318948",
        "highway": "secondary",
        "lit": "no",
        "oneway": "yes"
      },
      "geometry": {
        "type": "LineString",
        "coordinates": [
          [
            86.6334747,
            53.8587818
          ],
          [
            86.6333234,
            53.8587859
          ],
          [
            86.6332369,
            53.8588001
          ],
          [
            86.6330993,
            53.8588555
          ],
          [
            86.633038,
            53.8588943
          ]
        ]
      },
      "id": "way/108318948"
    },
    {
      "type": "Feature",
      "properties": {
        "@id": "way/108318949",
        "highway": "primary",
        "oneway": "yes"
      },
      "geometry": {
        "type": "LineString",
        "coordinates": [
          [
            86.66048,
            53.8733159
          ],
          [
            86.6603713,
            53.8733443
          ],
          [
            86.6601024,
            53.8734144
          ],
          [
            86.6597515,
            53.8735556
          ]
        ]
      },
      "id": "way/108318949"
    },
    {
      "type": "Feature",
      "properties": {
        "@id": "way/108321837",
        "highway": "secondary",
        "lit": "no",
        "name": "Заводской переулок",
        "passing_places": "no"
      },
      "geometry": {
        "type": "LineString",
        "coordinates": [
          [
            86.670882,
            53.8644701
          ],
          [
            86.6708168,
            53.8646764
          ],
          [
            86.6708047,
            53.8649078
          ],
          [
            86.6708154,
            53.8649367
          ],
          [
            86.6708912,
            53.8651412
          ],
          [
            86.671043,
            53.8653664
          ],
          [
            86.671108,
            53.8654734
          ],
          [
            86.6712009,
            53.8655804
          ],
          [
            86.6713846,
            53.8657737
          ],
          [
            86.6715026,
            53.8659106
          ],
          [
            86.6715669,
            53.8660255
          ],
          [
            86.6715697,
            53.8660974
          ],
          [
            86.6715608,
            53.8661514
          ],
          [
            86.6715328,
            53.8662232
          ],
          [
            86.6714908,
            53.8662936
          ],
          [
            86.6713564,
            53.8664555
          ],
          [
            86.6712034,
            53.8666175
          ],
          [
            86.6708485,
            53.8669518
          ],
          [
            86.6699352,
            53.8676779
          ],
          [
            86.6698015,
            53.8678475
          ],
          [
            86.6697537,
            53.8679548
          ],
          [
            86.6697385,
            53.8680787
          ],
          [
            86.6697665,
            53.8684513
          ],
          [
            86.6697643,
            53.8685012
          ],
          [
            86.6697553,
            53.8687011
          ],
          [
            86.6696919,
            53.8688618
          ],
          [
            86.6695537,
            53.8690276
          ],
          [
            86.6691602,
            53.8693316
          ],
          [
            86.6689315,
            53.8695056
          ],
          [
            86.6685785,
            53.8697557
          ],
          [
            86.668352,
            53.8699148
          ],
          [
            86.6680272,
            53.8701384
          ],
          [
            86.6678152,
            53.8701929
          ],
          [
            86.6677071,
            53.8702117
          ],
          [
            86.6674092,
            53.8702184
          ],
          [
            86.6673429,
            53.8702199
          ],
          [
            86.6667901,
            53.8702877
          ],
          [
            86.6666144,
            53.8703419
          ],
          [
            86.6663562,
            53.8704841
          ],
          [
            86.6660142,
            53.870756
          ],
          [
            86.6658379,
            53.8709182
          ],
          [
            86.6655313,
            53.8712209
          ],
          [
            86.6653649,
            53.8713454
          ],
          [
            86.664861,
            53.8716614
          ],
          [
            86.6646392,
            53.8718089
          ],
          [
            86.6644096,
            53.872005
          ],
          [
            86.6642022,
            53.8722373
          ],
          [
            86.6641571,
            53.8723465
          ],
          [
            86.6641231,
            53.8724289
          ],
          [
            86.6639659,
            53.8726883
          ],
          [
            86.6639108,
            53.8727766
          ],
          [
            86.6638952,
            53.8728016
          ]
        ]
      },
      "id": "way/108321837"
    },
    {
      "type": "Feature",
      "properties": {
        "@id": "way/108321838",
        "highway": "secondary",
        "lit": "no",
        "oneway": "yes",
        "passing_places": "no"
      },
      "geometry": {
        "type": "LineString",
        "coordinates": [
          [
            86.6611982,
            53.8732276
          ],
          [
            86.661234,
            53.8732042
          ],
          [
            86.6614751,
            53.8730464
          ],
          [
            86.6619139,
            53.8727758
          ],
          [
            86.6620167,
            53.8727208
          ],
          [
            86.6621082,
            53.8726861
          ],
          [
            86.6622082,
            53.8726566
          ],
          [
            86.6622962,
            53.8726309
          ],
          [
            86.6623634,
            53.8726189
          ],
          [
            86.6623972,
            53.8726154
          ],
          [
            86.6624378,
            53.8726172
          ],
          [
            86.6624757,
            53.8726189
          ],
          [
            86.6625746,
            53.8726423
          ]
        ]
      },
      "id": "way/108321838"
    },
    {
      "type": "Feature",
      "properties": {
        "@id": "way/108323895",
        "highway": "primary",
        "lit": "no"
      },
      "geometry": {
        "type": "LineString",
        "coordinates": [
          [
            86.6416323,
            53.8620734
          ],
          [
            86.6417497,
            53.861911
          ],
          [
            86.6417787,
            53.861878
          ],
          [
            86.641881,
            53.8617021
          ],
          [
            86.6422187,
            53.8612956
          ]
        ]
      },
      "id": "way/108323895"
    },
    {
      "type": "Feature",
      "properties": {
        "@id": "way/108323925",
        "highway": "secondary",
        "lit": "no",
        "oneway": "yes",
        "passing_places": "no"
      },
      "geometry": {
        "type": "LineString",
        "coordinates": [
          [
            86.6322694,
            53.8584128
          ],
          [
            86.6326347,
            53.8584619
          ],
          [
            86.6328022,
            53.8584697
          ],
          [
            86.6329512,
            53.8584573
          ],
          [
            86.6330725,
            53.8584215
          ],
          [
            86.6331544,
            53.8583946
          ]
        ]
      },
      "id": "way/108323925"
    },
    {
      "type": "Feature",
      "properties": {
        "@id": "way/108341631",
        "access": "yes",
        "highway": "primary",
        "lanes": "2",
        "lit": "yes",
        "maxspeed": "60",
        "name": "Ноградская улица",
        "surface": "asphalt"
      },
      "geometry": {
        "type": "LineString",
        "coordinates": [
          [
            86.620167,
            53.8774136
          ],
          [
            86.6205706,
            53.8773957
          ],
          [
            86.6207893,
            53.8773556
          ],
          [
            86.6211664,
            53.8772378
          ],
          [
            86.6215546,
            53.8770985
          ],
          [
            86.6218028,
            53.8769908
          ],
          [
            86.6221654,
            53.8768039
          ],
          [
            86.622498,
            53.8765951
          ],
          [
            86.6226565,
            53.8764789
          ],
          [
            86.6234848,
            53.875839
          ]
        ]
      },
      "id": "way/108341631"
    },
    {
      "type": "Feature",
      "properties": {
        "@id": "way/108341651",
        "highway": "secondary",
        "lit": "no",
        "oneway": "yes"
      },
      "geometry": {
        "type": "LineString",
        "coordinates": [
          [
            86.64619,
            53.8635677
          ],
          [
            86.6461471,
            53.8634689
          ],
          [
            86.6461216,
            53.8634364
          ],
          [
            86.64608,
            53.8633985
          ],
          [
            86.6460384,
            53.8633652
          ],
          [
            86.6460022,
            53.8633431
          ],
          [
            86.6459472,
            53.863321
          ],
          [
            86.6458574,
            53.8632877
          ],
          [
            86.6457032,
            53.8632371
          ],
          [
            86.6445538,
            53.8629065
          ],
          [
            86.6416323,
            53.8620734
          ]
        ]
      },
      "id": "way/108341651"
    },
    {
      "type": "Feature",
      "properties": {
        "@id": "way/108342229",
        "access": "yes",
        "highway": "primary",
        "lanes": "2",
        "lit": "yes",
        "maxspeed": "60",
        "name": "проспект Ленина",
        "name:etymology:wikidata": "Q1394",
        "oneway": "yes",
        "surface": "asphalt"
      },
      "geometry": {
        "type": "LineString",
        "coordinates": [
          [
            86.641507,
            53.8676326
          ],
          [
            86.6414936,
            53.8682868
          ],
          [
            86.6414932,
            53.8684597
          ],
          [
            86.6414931,
            53.8685076
          ],
          [
            86.6414929,
            53.8686277
          ],
          [
            86.6414461,
            53.8697186
          ]
        ]
      },
      "id": "way/108342229"
    },
    {
      "type": "Feature",
      "properties": {
        "@id": "way/108342233",
        "highway": "secondary",
        "maxspeed": "60",
        "name": "улица Жолтовского"
      },
      "geometry": {
        "type": "LineString",
        "coordinates": [
          [
            86.6354831,
            53.8719093
          ],
          [
            86.6354275,
            53.8718941
          ],
          [
            86.6353827,
            53.8718654
          ],
          [
            86.6351557,
            53.8716018
          ],
          [
            86.634827,
            53.8712108
          ],
          [
            86.6347222,
            53.8710862
          ],
          [
            86.6341921,
            53.8704703
          ],
          [
            86.6335392,
            53.8697122
          ],
          [
            86.6329504,
            53.8689925
          ],
          [
            86.6325839,
            53.8685919
          ],
          [
            86.6317371,
            53.8677053
          ],
          [
            86.6311078,
            53.867076
          ],
          [
            86.6310848,
            53.867053
          ],
          [
            86.6302432,
            53.8662367
          ],
          [
            86.6298468,
            53.8658144
          ],
          [
            86.6297771,
            53.8656856
          ],
          [
            86.6297737,
            53.8655149
          ],
          [
            86.6298709,
            53.8653355
          ],
          [
            86.6300411,
            53.8650686
          ],
          [
            86.6300819,
            53.8650104
          ],
          [
            86.630336,
            53.8646478
          ],
          [
            86.6307043,
            53.8641536
          ],
          [
            86.6308651,
            53.8639549
          ],
          [
            86.6308967,
            53.8639158
          ],
          [
            86.630902,
            53.8637963
          ]
        ]
      },
      "id": "way/108342233"
    },
    {
      "type": "Feature",
      "properties": {
        "@id": "way/111510624",
        "highway": "secondary",
        "lit": "no"
      },
      "geometry": {
        "type": "LineString",
        "coordinates": [
          [
            86.6626333,
            53.8731948
          ],
          [
            86.662376,
            53.8729947
          ],
          [
            86.6620115,
            53.8728388
          ],
          [
            86.6619634,
            53.8728144
          ],
          [
            86.6619139,
            53.8727758
          ]
        ]
      },
      "id": "way/111510624"
    },
    {
      "type": "Feature",
      "properties": {
        "@id": "way/122494223",
        "bridge": "yes",
        "highway": "primary",
        "layer": "1"
      },
      "geometry": {
        "type": "LineString",
        "coordinates": [
          [
            86.6611982,
            53.8732276
          ],
          [
            86.66048,
            53.8733159
          ]
        ]
      },
      "id": "way/122494223"
    },
    {
      "type": "Feature",
      "properties": {
        "@id": "way/122529164",
        "highway": "secondary",
        "oneway": "yes"
      },
      "geometry": {
        "type": "LineString",
        "coordinates": [
          [
            86.6730214,
            53.8618019
          ],
          [
            86.6734478,
            53.8619629
          ]
        ]
      },
      "id": "way/122529164"
    },
    {
      "type": "Feature",
      "properties": {
        "@id": "way/125170380",
        "highway": "primary",
        "lanes": "2",
        "name": "улица Захаренко",
        "old_ref": "32К-2"
      },
      "geometry": {
        "type": "LineString",
        "coordinates": [
          [
            86.7967162,
            53.8352295
          ],
          [
            86.7967685,
            53.8347014
          ],
          [
            86.7967496,
            53.8341745
          ],
          [
            86.7967076,
            53.8339668
          ],
          [
            86.7965346,
            53.8335693
          ],
          [
            86.7960959,
            53.8327987
          ],
          [
            86.7955779,
            53.8318948
          ],
          [
            86.7952818,
            53.83138
          ],
          [
            86.7938704,
            53.82885
          ],
          [
            86.7937892,
            53.8286521
          ],
          [
            86.7936466,
            53.8281874
          ],
          [
            86.7935366,
            53.8275445
          ],
          [
            86.7935422,
            53.8273007
          ],
          [
            86.7935897,
            53.826981
          ],
          [
            86.7937376,
            53.8264422
          ],
          [
            86.7945264,
            53.8236923
          ],
          [
            86.7951824,
            53.821648
          ],
          [
            86.7957704,
            53.820197
          ],
          [
            86.7961201,
            53.8193401
          ],
          [
            86.7970555,
            53.8170436
          ],
          [
            86.7970903,
            53.8169581
          ],
          [
            86.7972541,
            53.816537
          ],
          [
            86.7973671,
            53.8161092
          ],
          [
            86.7973708,
            53.8158803
          ],
          [
            86.7973726,
            53.8157704
          ],
          [
            86.7973103,
            53.8154366
          ],
          [
            86.7972336,
            53.8151266
          ],
          [
            86.797077,
            53.8144774
          ],
          [
            86.79686,
            53.8135778
          ],
          [
            86.7968545,
            53.8133028
          ],
          [
            86.7968071,
            53.812516
          ],
          [
            86.7968019,
            53.8124293
          ],
          [
            86.7967929,
            53.8122798
          ],
          [
            86.7967588,
            53.8117141
          ],
          [
            86.7967452,
            53.8114995
          ],
          [
            86.7967514,
            53.8112516
          ],
          [
            86.7967717,
            53.8110667
          ],
          [
            86.7968039,
            53.8109657
          ],
          [
            86.7968539,
            53.8108731
          ]
        ]
      },
      "id": "way/125170380"
    },
    {
      "type": "Feature",
      "properties": {
        "@id": "way/125189467",
        "highway": "secondary"
      },
      "geometry": {
        "type": "LineString",
        "coordinates": [
          [
            86.7777442,
            53.8114384
          ],
          [
            86.7772745,
            53.8118676
          ],
          [
            86.7768401,
            53.8122646
          ],
          [
            86.7763881,
            53.8126658
          ],
          [
            86.7756131,
            53.8133643
          ],
          [
            86.7746075,
            53.8142573
          ],
          [
            86.7745808,
            53.8142814
          ],
          [
            86.7743781,
            53.814464
          ],
          [
            86.7731341,
            53.8155997
          ],
          [
            86.7725447,
            53.8160646
          ],
          [
            86.7722288,
            53.8162887
          ],
          [
            86.7719288,
            53.81647
          ],
          [
            86.7704347,
            53.8173007
          ],
          [
            86.7698774,
            53.8178274
          ],
          [
            86.769415,
            53.8184756
          ],
          [
            86.7677977,
            53.820906
          ],
          [
            86.7676373,
            53.8213653
          ],
          [
            86.7675048,
            53.8217445
          ],
          [
            86.7674477,
            53.8219684
          ],
          [
            86.7673528,
            53.822105
          ],
          [
            86.7672303,
            53.8222051
          ],
          [
            86.7670469,
            53.8223435
          ],
          [
            86.766198,
            53.8228402
          ],
          [
            86.7656414,
            53.8232541
          ],
          [
            86.7654069,
            53.8233919
          ],
          [
            86.7638361,
            53.8240342
          ],
          [
            86.7633191,
            53.8243033
          ]
        ]
      },
      "id": "way/125189467"
    },
    {
      "type": "Feature",
      "properties": {
        "@id": "way/125269896",
        "highway": "secondary",
        "name": "Оренбургская улица",
        "name:etymology:wikidata": "Q5337",
        "surface": "asphalt"
      },
      "geometry": {
        "type": "LineString",
        "coordinates": [
          [
            86.8268671,
            53.8889291
          ],
          [
            86.8267295,
            53.8890613
          ],
          [
            86.8267,
            53.8890913
          ],
          [
            86.8261556,
            53.8895201
          ],
          [
            86.8257156,
            53.8898928
          ],
          [
            86.8254179,
            53.8901331
          ],
          [
            86.82475,
            53.8906942
          ],
          [
            86.82394,
            53.8913391
          ],
          [
            86.823079,
            53.8920441
          ]
        ]
      },
      "id": "way/125269896"
    },
    {
      "type": "Feature",
      "properties": {
        "@id": "way/125293921",
        "highway": "secondary",
        "name": "Энергетическая улица"
      },
      "geometry": {
        "type": "LineString",
        "coordinates": [
          [
            86.7862807,
            53.9004852
          ],
          [
            86.7859775,
            53.900352
          ],
          [
            86.7846502,
            53.8997928
          ],
          [
            86.7793271,
            53.8975325
          ],
          [
            86.7790165,
            53.897422
          ],
          [
            86.7787567,
            53.8973556
          ],
          [
            86.7784866,
            53.8973127
          ],
          [
            86.7760167,
            53.8970515
          ],
          [
            86.7739045,
            53.8967974
          ],
          [
            86.7719256,
            53.8965831
          ],
          [
            86.7704392,
            53.8964175
          ],
          [
            86.7699516,
            53.8963282
          ],
          [
            86.7683353,
            53.8959145
          ],
          [
            86.7676264,
            53.895729
          ],
          [
            86.7658465,
            53.8951476
          ],
          [
            86.7652078,
            53.8949551
          ],
          [
            86.7648387,
            53.8948849
          ],
          [
            86.7644767,
            53.8948294
          ],
          [
            86.7628695,
            53.8946263
          ],
          [
            86.7624614,
            53.8945365
          ],
          [
            86.7621205,
            53.8944426
          ],
          [
            86.7611304,
            53.8940303
          ],
          [
            86.760348,
            53.8936657
          ],
          [
            86.7601345,
            53.8935661
          ],
          [
            86.7592157,
            53.8931375
          ],
          [
            86.7583295,
            53.8927844
          ],
          [
            86.7576274,
            53.8925791
          ],
          [
            86.7560372,
            53.8921837
          ],
          [
            86.7557211,
            53.8920668
          ],
          [
            86.7555888,
            53.8919739
          ],
          [
            86.7555069,
            53.8919074
          ],
          [
            86.7554565,
            53.8918665
          ],
          [
            86.755187,
            53.8915359
          ],
          [
            86.7548909,
            53.8910466
          ],
          [
            86.7548544,
            53.8909863
          ],
          [
            86.754801,
            53.8907336
          ],
          [
            86.7548025,
            53.8904857
          ],
          [
            86.7548493,
            53.8901001
          ],
          [
            86.7549512,
            53.8898382
          ],
          [
            86.7552826,
            53.8893479
          ],
          [
            86.7553769,
            53.8891157
          ],
          [
            86.7554509,
            53.8888475
          ],
          [
            86.755546,
            53.8886514
          ],
          [
            86.7562355,
            53.8878264
          ],
          [
            86.7563162,
            53.8877255
          ],
          [
            86.7563724,
            53.8876174
          ],
          [
            86.7564173,
            53.8874812
          ],
          [
            86.7564134,
            53.8873402
          ],
          [
            86.7564036,
            53.8866447
          ],
          [
            86.7564128,
            53.8864706
          ],
          [
            86.7564695,
            53.8862859
          ],
          [
            86.7565353,
            53.8861271
          ]
        ]
      },
      "id": "way/125293921"
    },
    {
      "type": "Feature",
      "properties": {
        "@id": "way/125293922",
        "highway": "secondary",
        "name": "Коксовая улица"
      },
      "geometry": {
        "type": "LineString",
        "coordinates": [
          [
            86.7865351,
            53.9005915
          ],
          [
            86.7868819,
            53.9007312
          ],
          [
            86.789185,
            53.9016589
          ],
          [
            86.7894135,
            53.9018105
          ],
          [
            86.7895064,
            53.9019288
          ],
          [
            86.7895491,
            53.9020567
          ],
          [
            86.7895446,
            53.9023768
          ],
          [
            86.7895306,
            53.9025434
          ],
          [
            86.7895033,
            53.9030765
          ],
          [
            86.7894723,
            53.9033705
          ],
          [
            86.7894531,
            53.9035759
          ],
          [
            86.7894413,
            53.903686
          ],
          [
            86.7894395,
            53.9038047
          ],
          [
            86.7893884,
            53.9048229
          ],
          [
            86.7893519,
            53.9053653
          ],
          [
            86.7893179,
            53.9058691
          ],
          [
            86.7892356,
            53.9070273
          ],
          [
            86.7892229,
            53.9072709
          ],
          [
            86.7892025,
            53.9076647
          ],
          [
            86.789164,
            53.9080406
          ],
          [
            86.7891322,
            53.9085139
          ],
          [
            86.7890967,
            53.9090506
          ],
          [
            86.7890875,
            53.9091897
          ],
          [
            86.7890556,
            53.9099775
          ],
          [
            86.7890467,
            53.9102149
          ],
          [
            86.7890245,
            53.9105937
          ]
        ]
      },
      "id": "way/125293922"
    },
    {
      "type": "Feature",
      "properties": {
        "@id": "way/125293946",
        "highway": "secondary",
        "name": "Проектная улица"
      },
      "geometry": {
        "type": "LineString",
        "coordinates": [
          [
            86.8140203,
            53.9006259
          ],
          [
            86.8139658,
            53.9007187
          ],
          [
            86.8138245,
            53.900791
          ],
          [
            86.8137083,
            53.9008179
          ],
          [
            86.8135815,
            53.9008344
          ],
          [
            86.8134546,
            53.9008426
          ],
          [
            86.8133507,
            53.9008359
          ],
          [
            86.8132554,
            53.9008352
          ],
          [
            86.8131038,
            53.9008298
          ],
          [
            86.8124692,
            53.9008071
          ],
          [
            86.8117942,
            53.900783
          ],
          [
            86.809003,
            53.9006832
          ],
          [
            86.8081149,
            53.9006712
          ],
          [
            86.8072482,
            53.9006268
          ],
          [
            86.8023717,
            53.9004833
          ],
          [
            86.7975448,
            53.9003359
          ],
          [
            86.7974978,
            53.9003357
          ],
          [
            86.7974384,
            53.9003355
          ],
          [
            86.7948097,
            53.900326
          ],
          [
            86.7921097,
            53.9003397
          ],
          [
            86.7895416,
            53.9003581
          ],
          [
            86.7870546,
            53.9003198
          ],
          [
            86.7867604,
            53.9003427
          ],
          [
            86.7864757,
            53.9004273
          ],
          [
            86.786415,
            53.9004453
          ],
          [
            86.7862807,
            53.9004852
          ]
        ]
      },
      "id": "way/125293946"
    },
    {
      "type": "Feature",
      "properties": {
        "@id": "way/125311198",
        "highway": "secondary",
        "lit": "no",
        "name": "улица 40 лет Октября",
        "name:etymology:wikidata": "Q42976"
      },
      "geometry": {
        "type": "LineString",
        "coordinates": [
          [
            86.7135473,
            53.922164
          ],
          [
            86.7168097,
            53.9228886
          ],
          [
            86.7174065,
            53.9230268
          ],
          [
            86.717782,
            53.9230752
          ],
          [
            86.7182526,
            53.9231121
          ],
          [
            86.7185799,
            53.9231255
          ],
          [
            86.7189142,
            53.923129
          ],
          [
            86.7192577,
            53.923118
          ],
          [
            86.7196837,
            53.9231046
          ],
          [
            86.7205119,
            53.9230621
          ],
          [
            86.7215862,
            53.9230168
          ],
          [
            86.7223526,
            53.923
          ],
          [
            86.7226336,
            53.9230068
          ],
          [
            86.7230164,
            53.9230291
          ],
          [
            86.7233981,
            53.9230701
          ],
          [
            86.7238137,
            53.9231284
          ],
          [
            86.7245905,
            53.9232594
          ],
          [
            86.7251651,
            53.923377
          ],
          [
            86.7261023,
            53.9235627
          ],
          [
            86.7263579,
            53.9236137
          ],
          [
            86.7266269,
            53.9236636
          ],
          [
            86.7275134,
            53.9238525
          ],
          [
            86.7277206,
            53.9238967
          ],
          [
            86.7280624,
            53.9239696
          ],
          [
            86.7283801,
            53.9240399
          ],
          [
            86.7291861,
            53.9242174
          ],
          [
            86.7300653,
            53.9243949
          ],
          [
            86.7309394,
            53.9245603
          ],
          [
            86.7318075,
            53.9247077
          ],
          [
            86.7335315,
            53.924996
          ],
          [
            86.7377027,
            53.9256491
          ],
          [
            86.7403509,
            53.9260722
          ],
          [
            86.7415878,
            53.9262029
          ],
          [
            86.7430169,
            53.9263487
          ]
        ]
      },
      "id": "way/125311198"
    },
    {
      "type": "Feature",
      "properties": {
        "@id": "way/125311202",
        "highway": "secondary",
        "lit": "no",
        "name": "улица Кутузова"
      },
      "geometry": {
        "type": "LineString",
        "coordinates": [
          [
            86.6656827,
            53.9090753
          ],
          [
            86.665614,
            53.9092169
          ],
          [
            86.6656158,
            53.9092971
          ],
          [
            86.6656404,
            53.9093646
          ],
          [
            86.6657293,
            53.9094827
          ],
          [
            86.6658794,
            53.9095914
          ],
          [
            86.6661043,
            53.9097025
          ],
          [
            86.6672619,
            53.9101014
          ],
          [
            86.6687538,
            53.9106244
          ],
          [
            86.6716428,
            53.9116663
          ],
          [
            86.6725539,
            53.912012
          ],
          [
            86.6735221,
            53.9123992
          ],
          [
            86.6741359,
            53.9126602
          ],
          [
            86.6743169,
            53.912755
          ],
          [
            86.6745018,
            53.9128681
          ],
          [
            86.6746231,
            53.9129848
          ],
          [
            86.6747001,
            53.9130936
          ],
          [
            86.6747272,
            53.9132074
          ],
          [
            86.6747208,
            53.9133118
          ],
          [
            86.6746849,
            53.9134219
          ],
          [
            86.6746209,
            53.9135414
          ],
          [
            86.6744388,
            53.9138138
          ],
          [
            86.6743227,
            53.9140216
          ],
          [
            86.6743106,
            53.9141065
          ],
          [
            86.6743199,
            53.9141764
          ]
        ]
      },
      "id": "way/125311202"
    },
    {
      "type": "Feature",
      "properties": {
        "@id": "way/125455864",
        "highway": "secondary",
        "name": "улица Сергея Лазо"
      },
      "geometry": {
        "type": "LineString",
        "coordinates": [
          [
            86.7491416,
            53.8704115
          ],
          [
            86.7489919,
            53.870724
          ],
          [
            86.7487425,
            53.8715056
          ],
          [
            86.7483729,
            53.8724399
          ],
          [
            86.7481148,
            53.8731221
          ],
          [
            86.7478579,
            53.8737664
          ],
          [
            86.747628,
            53.8743843
          ],
          [
            86.7474997,
            53.8747198
          ],
          [
            86.7473837,
            53.8749496
          ],
          [
            86.7472676,
            53.8751635
          ],
          [
            86.7468247,
            53.8757952
          ],
          [
            86.746753,
            53.8760319
          ]
        ]
      },
      "id": "way/125455864"
    },
    {
      "type": "Feature",
      "properties": {
        "@id": "way/125455878",
        "highway": "secondary",
        "name": "улица Луначарского"
      },
      "geometry": {
        "type": "LineString",
        "coordinates": [
          [
            86.739108,
            53.8680978
          ],
          [
            86.7392077,
            53.8680778
          ],
          [
            86.7393069,
            53.8680865
          ],
          [
            86.7394021,
            53.8681197
          ],
          [
            86.73945,
            53.8681448
          ],
          [
            86.7401395,
            53.8684621
          ],
          [
            86.7408487,
            53.8687592
          ],
          [
            86.7415421,
            53.8690086
          ],
          [
            86.7419511,
            53.8691386
          ],
          [
            86.7421613,
            53.8692013
          ],
          [
            86.7427106,
            53.8693194
          ],
          [
            86.7430606,
            53.869373
          ],
          [
            86.7433989,
            53.8694075
          ],
          [
            86.7439109,
            53.8694221
          ],
          [
            86.7443493,
            53.8694147
          ],
          [
            86.7450723,
            53.8693715
          ],
          [
            86.7459065,
            53.8693066
          ],
          [
            86.7475167,
            53.8691962
          ],
          [
            86.7504046,
            53.869016
          ],
          [
            86.7505089,
            53.8690095
          ],
          [
            86.7507687,
            53.8690094
          ],
          [
            86.7510349,
            53.8690093
          ],
          [
            86.7517471,
            53.8690752
          ],
          [
            86.7521331,
            53.8691448
          ],
          [
            86.7527153,
            53.869314
          ],
          [
            86.7532471,
            53.8695165
          ],
          [
            86.7536462,
            53.8696745
          ],
          [
            86.7537331,
            53.8697375
          ]
        ]
      },
      "id": "way/125455878"
    },
    {
      "type": "Feature",
      "properties": {
        "@id": "way/125606139",
        "highway": "secondary",
        "lanes": "2",
        "lit": "no",
        "maxspeed": "90",
        "name": "Тырган-Красный Камень",
        "passing_places": "no",
        "smoothness": "excellent",
        "source:maxspeed": "implicit",
        "surface": "asphalt"
      },
      "geometry": {
        "type": "LineString",
        "coordinates": [
          [
            86.6185073,
            53.8846955
          ],
          [
            86.6178635,
            53.8861712
          ],
          [
            86.6173177,
            53.8876659
          ],
          [
            86.6165251,
            53.8893752
          ],
          [
            86.6163797,
            53.8897284
          ],
          [
            86.616177,
            53.8901854
          ],
          [
            86.6159615,
            53.8906055
          ],
          [
            86.6158236,
            53.8908531
          ],
          [
            86.615636,
            53.8910843
          ],
          [
            86.6153249,
            53.8913949
          ],
          [
            86.6149721,
            53.8917993
          ],
          [
            86.6140098,
            53.8926859
          ],
          [
            86.6137645,
            53.8929724
          ],
          [
            86.6134749,
            53.8933797
          ],
          [
            86.6130769,
            53.8938476
          ],
          [
            86.6126882,
            53.8943147
          ],
          [
            86.6121066,
            53.8950135
          ],
          [
            86.6117424,
            53.8954239
          ],
          [
            86.6112544,
            53.8960021
          ],
          [
            86.6106235,
            53.8967127
          ],
          [
            86.6098547,
            53.8975679
          ],
          [
            86.6093408,
            53.8982204
          ],
          [
            86.6090816,
            53.8987681
          ],
          [
            86.6089073,
            53.8993482
          ],
          [
            86.6088086,
            53.8996947
          ],
          [
            86.6085219,
            53.9009018
          ],
          [
            86.6081628,
            53.9024711
          ],
          [
            86.6078813,
            53.9038977
          ],
          [
            86.6077336,
            53.9044609
          ],
          [
            86.6076767,
            53.9047032
          ],
          [
            86.6073351,
            53.9070769
          ],
          [
            86.6071074,
            53.908342
          ],
          [
            86.6069033,
            53.9092497
          ],
          [
            86.606717,
            53.9102871
          ],
          [
            86.6065897,
            53.9109189
          ],
          [
            86.6063516,
            53.9115056
          ],
          [
            86.6056378,
            53.9133163
          ],
          [
            86.6052559,
            53.9142849
          ],
          [
            86.604621,
            53.916073
          ],
          [
            86.604103,
            53.9172935
          ],
          [
            86.6038352,
            53.9178303
          ],
          [
            86.6035149,
            53.9183784
          ],
          [
            86.6031518,
            53.9189366
          ],
          [
            86.6024859,
            53.9197064
          ],
          [
            86.6019266,
            53.9202526
          ],
          [
            86.6018086,
            53.9203679
          ],
          [
            86.6011354,
            53.9209964
          ],
          [
            86.6007282,
            53.9213211
          ],
          [
            86.6004208,
            53.9215661
          ],
          [
            86.5998339,
            53.9219466
          ],
          [
            86.5994305,
            53.9222514
          ]
        ]
      },
      "id": "way/125606139"
    },
    {
      "type": "Feature",
      "properties": {
        "@id": "way/125619595",
        "highway": "secondary"
      },
      "geometry": {
        "type": "LineString",
        "coordinates": [
          [
            86.7612679,
            53.8398316
          ],
          [
            86.7615228,
            53.8400535
          ],
          [
            86.7621681,
            53.8403833
          ],
          [
            86.7631797,
            53.8408387
          ],
          [
            86.7646857,
            53.8415647
          ],
          [
            86.764859,
            53.8416116
          ],
          [
            86.7650152,
            53.8416303
          ],
          [
            86.7653893,
            53.8416196
          ],
          [
            86.7654624,
            53.8416103
          ],
          [
            86.7655359,
            53.8416125
          ],
          [
            86.7656797,
            53.8416155
          ],
          [
            86.7657354,
            53.8416258
          ],
          [
            86.7657696,
            53.8416424
          ],
          [
            86.7658974,
            53.8417359
          ],
          [
            86.7659807,
            53.8418554
          ],
          [
            86.7660817,
            53.8420595
          ],
          [
            86.7661407,
            53.8423299
          ],
          [
            86.7661788,
            53.8426569
          ],
          [
            86.7661974,
            53.8430235
          ],
          [
            86.7661912,
            53.8433975
          ],
          [
            86.7661672,
            53.8437618
          ],
          [
            86.7661192,
            53.8440202
          ],
          [
            86.765973,
            53.8445434
          ],
          [
            86.7658144,
            53.8447951
          ],
          [
            86.7656924,
            53.844979
          ],
          [
            86.7653621,
            53.8453181
          ]
        ]
      },
      "id": "way/125619595"
    },
    {
      "type": "Feature",
      "properties": {
        "@id": "way/125705583",
        "highway": "primary",
        "name": "улица Зои Космодемьянской",
        "name:etymology:wikidata": "Q229062",
        "old_ref": "32К-2",
        "surface": "asphalt"
      },
      "geometry": {
        "type": "LineString",
        "coordinates": [
          [
            86.7274984,
            53.9384392
          ],
          [
            86.7283462,
            53.9373877
          ],
          [
            86.7286822,
            53.9369804
          ],
          [
            86.7288122,
            53.9368229
          ],
          [
            86.7289475,
            53.9366432
          ],
          [
            86.7291648,
            53.936343
          ],
          [
            86.7292149,
            53.9362803
          ],
          [
            86.7293351,
            53.9361297
          ],
          [
            86.7295498,
            53.9358932
          ],
          [
            86.7300063,
            53.935453
          ],
          [
            86.7316259,
            53.9339922
          ],
          [
            86.7316803,
            53.9339431
          ],
          [
            86.7328799,
            53.9328158
          ],
          [
            86.7332421,
            53.9324754
          ],
          [
            86.7337881,
            53.931946
          ],
          [
            86.7342475,
            53.9315333
          ],
          [
            86.7353796,
            53.9305082
          ],
          [
            86.7354643,
            53.9304376
          ],
          [
            86.7358375,
            53.9301267
          ],
          [
            86.7363537,
            53.9297528
          ]
        ]
      },
      "id": "way/125705583"
    },
    {
      "type": "Feature",
      "properties": {
        "@id": "way/127471809",
        "highway": "secondary",
        "lit": "no",
        "name": "Заводской переулок",
        "oneway": "yes",
        "passing_places": "no"
      },
      "geometry": {
        "type": "LineString",
        "coordinates": [
          [
            86.6638952,
            53.8728016
          ],
          [
            86.6635922,
            53.8731938
          ],
          [
            86.6635258,
            53.8732496
          ],
          [
            86.6634715,
            53.8732871
          ],
          [
            86.6633863,
            53.8733303
          ],
          [
            86.6633406,
            53.8733536
          ],
          [
            86.6631985,
            53.8734258
          ]
        ]
      },
      "id": "way/127471809"
    },
    {
      "type": "Feature",
      "properties": {
        "@id": "way/127471817",
        "highway": "secondary",
        "lit": "no",
        "oneway": "yes",
        "passing_places": "no"
      },
      "geometry": {
        "type": "LineString",
        "coordinates": [
          [
            86.6625746,
            53.8726423
          ],
          [
            86.6626684,
            53.8726767
          ],
          [
            86.6628076,
            53.8727415
          ],
          [
            86.6631362,
            53.8728886
          ],
          [
            86.6631939,
            53.8729131
          ],
          [
            86.6632515,
            53.8729313
          ],
          [
            86.6633186,
            53.8729431
          ],
          [
            86.6633816,
            53.8729495
          ],
          [
            86.663454,
            53.8729519
          ],
          [
            86.6635251,
            53.872951
          ],
          [
            86.6635935,
            53.8729455
          ],
          [
            86.6636793,
            53.8729202
          ],
          [
            86.6637316,
            53.8728996
          ],
          [
            86.6638952,
            53.8728016
          ]
        ]
      },
      "id": "way/127471817"
    },
    {
      "type": "Feature",
      "properties": {
        "@id": "way/127471832",
        "highway": "primary",
        "name": "проспект Строителей",
        "oneway": "yes"
      },
      "geometry": {
        "type": "LineString",
        "coordinates": [
          [
            86.630379,
            53.8610657
          ],
          [
            86.6312264,
            53.8594603
          ],
          [
            86.6313279,
            53.8592873
          ],
          [
            86.6313735,
            53.8592217
          ],
          [
            86.6314428,
            53.8591389
          ]
        ]
      },
      "id": "way/127471832"
    },
    {
      "type": "Feature",
      "properties": {
        "@id": "way/127471849",
        "highway": "secondary",
        "lit": "no",
        "name": "Институтская улица",
        "oneway": "yes"
      },
      "geometry": {
        "type": "LineString",
        "coordinates": [
          [
            86.6461678,
            53.8653277
          ],
          [
            86.6461789,
            53.8647785
          ],
          [
            86.6462002,
            53.8637242
          ],
          [
            86.64619,
            53.8635677
          ]
        ]
      },
      "id": "way/127471849"
    },
    {
      "type": "Feature",
      "properties": {
        "@id": "way/127675803",
        "highway": "primary",
        "lanes": "2",
        "name": "Калачёвская улица",
        "old_ref": "32К-2"
      },
      "geometry": {
        "type": "LineString",
        "coordinates": [
          [
            86.7616725,
            53.8661988
          ],
          [
            86.7619193,
            53.8659869
          ],
          [
            86.7620616,
            53.8658123
          ],
          [
            86.7623833,
            53.865359
          ],
          [
            86.7626724,
            53.8648986
          ],
          [
            86.7633194,
            53.8639291
          ],
          [
            86.7636007,
            53.8636035
          ],
          [
            86.7639255,
            53.8633281
          ],
          [
            86.7642721,
            53.8630783
          ],
          [
            86.7644822,
            53.8629335
          ],
          [
            86.7645582,
            53.8628853
          ],
          [
            86.7652616,
            53.8624522
          ],
          [
            86.7666563,
            53.861571
          ]
        ]
      },
      "id": "way/127675803"
    },
    {
      "type": "Feature",
      "properties": {
        "@id": "way/167248156",
        "highway": "secondary",
        "lanes": "2",
        "lit": "no",
        "passing_places": "no"
      },
      "geometry": {
        "type": "LineString",
        "coordinates": [
          [
            86.6200895,
            53.884626
          ],
          [
            86.6198721,
            53.8846444
          ],
          [
            86.6197058,
            53.8846555
          ],
          [
            86.6193599,
            53.8846792
          ],
          [
            86.6186496,
            53.8846962
          ],
          [
            86.6185073,
            53.8846955
          ]
        ]
      },
      "id": "way/167248156"
    },
    {
      "type": "Feature",
      "properties": {
        "@id": "way/167349463",
        "highway": "secondary",
        "lit": "yes",
        "maxspeed": "60",
        "name": "улица Гайдара"
      },
      "geometry": {
        "type": "LineString",
        "coordinates": [
          [
            86.618683,
            53.8560414
          ],
          [
            86.6188385,
            53.8559419
          ],
          [
            86.6188731,
            53.8559233
          ],
          [
            86.6189044,
            53.8559069
          ],
          [
            86.6190272,
            53.8558559
          ],
          [
            86.6191092,
            53.8558253
          ],
          [
            86.6192033,
            53.8558067
          ],
          [
            86.6192474,
            53.8557995
          ],
          [
            86.619404,
            53.8557911
          ],
          [
            86.6195256,
            53.8557939
          ],
          [
            86.6196732,
            53.8558069
          ],
          [
            86.6198146,
            53.8558327
          ],
          [
            86.6206517,
            53.8560475
          ],
          [
            86.6222565,
            53.8565001
          ],
          [
            86.623055,
            53.8567327
          ],
          [
            86.6235111,
            53.8568708
          ],
          [
            86.6252484,
            53.8573778
          ],
          [
            86.6268453,
            53.8578425
          ],
          [
            86.6279717,
            53.8581598
          ],
          [
            86.6282587,
            53.8582437
          ],
          [
            86.6298203,
            53.8586793
          ],
          [
            86.6309137,
            53.8590107
          ]
        ]
      },
      "id": "way/167349463"
    },
    {
      "type": "Feature",
      "properties": {
        "@id": "way/168179009",
        "highway": "primary",
        "name": "улица Правды",
        "old_ref": "32К-2"
      },
      "geometry": {
        "type": "LineString",
        "coordinates": [
          [
            86.7171149,
            53.9568093
          ],
          [
            86.7187053,
            53.9539431
          ],
          [
            86.7193231,
            53.9528137
          ],
          [
            86.7194904,
            53.9525281
          ],
          [
            86.7201481,
            53.9513428
          ],
          [
            86.7203466,
            53.950985
          ],
          [
            86.7209734,
            53.9498579
          ],
          [
            86.7210717,
            53.9496774
          ],
          [
            86.7213401,
            53.9491913
          ],
          [
            86.7224596,
            53.9471765
          ],
          [
            86.7230461,
            53.9461248
          ],
          [
            86.7231594,
            53.945915
          ],
          [
            86.7236049,
            53.9451386
          ],
          [
            86.723966,
            53.9445021
          ],
          [
            86.7241538,
            53.9441819
          ],
          [
            86.7243191,
            53.9438949
          ],
          [
            86.7248392,
            53.9428946
          ],
          [
            86.7249993,
            53.9426235
          ],
          [
            86.7253463,
            53.9420231
          ],
          [
            86.7268362,
            53.9394788
          ],
          [
            86.7270784,
            53.9390784
          ],
          [
            86.7274984,
            53.9384392
          ]
        ]
      },
      "id": "way/168179009"
    },
    {
      "type": "Feature",
      "properties": {
        "@id": "way/168179011",
        "highway": "primary",
        "name": "Горняцкая улица",
        "old_ref": "32К-2"
      },
      "geometry": {
        "type": "LineString",
        "coordinates": [
          [
            86.7148224,
            53.9608568
          ],
          [
            86.7150002,
            53.9606199
          ],
          [
            86.7150542,
            53.9605226
          ],
          [
            86.7154312,
            53.9598621
          ],
          [
            86.7163709,
            53.9581501
          ],
          [
            86.7171149,
            53.9568093
          ]
        ]
      },
      "id": "way/168179011"
    },
    {
      "type": "Feature",
      "properties": {
        "@id": "way/168179012",
        "highway": "primary",
        "name": "Транспортная улица",
        "old_ref": "32К-2"
      },
      "geometry": {
        "type": "LineString",
        "coordinates": [
          [
            86.7430169,
            53.9263487
          ],
          [
            86.7431572,
            53.9259021
          ],
          [
            86.7433442,
            53.9254488
          ],
          [
            86.7435606,
            53.9249384
          ],
          [
            86.7436855,
            53.924644
          ],
          [
            86.7437385,
            53.9245022
          ],
          [
            86.7438506,
            53.9242026
          ],
          [
            86.7440366,
            53.9237471
          ],
          [
            86.7443651,
            53.9229186
          ],
          [
            86.7447833,
            53.9218701
          ],
          [
            86.7451948,
            53.9208335
          ],
          [
            86.7452909,
            53.9206157
          ],
          [
            86.7453064,
            53.9205805
          ],
          [
            86.7455104,
            53.9201176
          ],
          [
            86.7456783,
            53.91965
          ]
        ]
      },
      "id": "way/168179012"
    },
    {
      "type": "Feature",
      "properties": {
        "@id": "way/168179015",
        "highway": "primary",
        "name": "Вокзальная улица",
        "old_ref": "32К-2"
      },
      "geometry": {
        "type": "LineString",
        "coordinates": [
          [
            86.7456783,
            53.91965
          ],
          [
            86.7457387,
            53.9194478
          ],
          [
            86.7457796,
            53.9191798
          ],
          [
            86.7458119,
            53.9187336
          ],
          [
            86.7458034,
            53.9173809
          ],
          [
            86.7458018,
            53.916476
          ],
          [
            86.7458617,
            53.9155242
          ],
          [
            86.7458099,
            53.9150173
          ],
          [
            86.745877,
            53.9143553
          ],
          [
            86.746003,
            53.9137597
          ],
          [
            86.7463782,
            53.9125082
          ],
          [
            86.7465669,
            53.9119396
          ],
          [
            86.7466274,
            53.9117085
          ],
          [
            86.7466509,
            53.9115668
          ],
          [
            86.7466509,
            53.9114476
          ],
          [
            86.746636,
            53.9112984
          ],
          [
            86.7465976,
            53.9111667
          ],
          [
            86.7465763,
            53.911094
          ],
          [
            86.7464891,
            53.9108934
          ],
          [
            86.7464167,
            53.9107567
          ],
          [
            86.7463294,
            53.9105962
          ],
          [
            86.7462762,
            53.9105247
          ],
          [
            86.7462059,
            53.9104319
          ],
          [
            86.7460548,
            53.9102739
          ],
          [
            86.7459185,
            53.9101698
          ],
          [
            86.7456758,
            53.9099817
          ],
          [
            86.7454502,
            53.9098174
          ],
          [
            86.7453075,
            53.9096933
          ],
          [
            86.7451841,
            53.9095741
          ],
          [
            86.7450904,
            53.9094726
          ],
          [
            86.7450201,
            53.909381
          ],
          [
            86.744969,
            53.909302
          ],
          [
            86.7449307,
            53.9092243
          ],
          [
            86.744886,
            53.9091302
          ],
          [
            86.7448562,
            53.9090424
          ],
          [
            86.7448264,
            53.9089534
          ],
          [
            86.7448094,
            53.9088518
          ],
          [
            86.7447924,
            53.9086762
          ],
          [
            86.7447799,
            53.9085315
          ],
          [
            86.7447732,
            53.9084543
          ],
          [
            86.7447362,
            53.9081517
          ],
          [
            86.7447267,
            53.9080521
          ],
          [
            86.7447002,
            53.9077753
          ],
          [
            86.7446809,
            53.9075738
          ],
          [
            86.7446074,
            53.9066994
          ],
          [
            86.7445828,
            53.9063557
          ],
          [
            86.7445645,
            53.9060897
          ],
          [
            86.7445582,
            53.9059285
          ],
          [
            86.7445597,
            53.9057568
          ],
          [
            86.7445709,
            53.9056877
          ],
          [
            86.7445756,
            53.9056593
          ],
          [
            86.7445857,
            53.905598
          ],
          [
            86.7446114,
            53.9055008
          ],
          [
            86.7446497,
            53.9054207
          ],
          [
            86.7446859,
            53.9053152
          ],
          [
            86.7447007,
            53.9052843
          ],
          [
            86.7447492,
            53.9051824
          ],
          [
            86.7448604,
            53.9049607
          ],
          [
            86.7449294,
            53.9048417
          ],
          [
            86.7450052,
            53.9047111
          ],
          [
            86.745131,
            53.9045035
          ],
          [
            86.7453104,
            53.9041976
          ],
          [
            86.7453571,
            53.9041154
          ],
          [
            86.7455949,
            53.903697
          ],
          [
            86.7456272,
            53.9036401
          ],
          [
            86.7456409,
            53.903616
          ],
          [
            86.7458689,
            53.9032431
          ],
          [
            86.746016,
            53.9030052
          ],
          [
            86.746083,
            53.902893
          ],
          [
            86.7461184,
            53.9028338
          ],
          [
            86.746288,
            53.9025347
          ],
          [
            86.7464124,
            53.9022913
          ],
          [
            86.7465234,
            53.90205
          ],
          [
            86.7466307,
            53.9017845
          ],
          [
            86.7466789,
            53.9016115
          ],
          [
            86.7467058,
            53.9014613
          ],
          [
            86.7467447,
            53.9011713
          ],
          [
            86.7467557,
            53.9008964
          ],
          [
            86.7467433,
            53.900476
          ],
          [
            86.7466705,
            53.9000051
          ],
          [
            86.7463909,
            53.8984683
          ],
          [
            86.7463644,
            53.8983251
          ],
          [
            86.7463464,
            53.8982123
          ],
          [
            86.7463358,
            53.898132
          ],
          [
            86.7463355,
            53.8981083
          ],
          [
            86.7463342,
            53.8980019
          ],
          [
            86.7463635,
            53.897915
          ],
          [
            86.7463933,
            53.8978422
          ],
          [
            86.7464317,
            53.8977865
          ]
        ]
      },
      "id": "way/168179015"
    },
    {
      "type": "Feature",
      "properties": {
        "@id": "way/168182871",
        "highway": "primary",
        "noname": "yes",
        "old_ref": "32К-2"
      },
      "geometry": {
        "type": "LineString",
        "coordinates": [
          [
            86.7366853,
            53.9295393
          ],
          [
            86.7370001,
            53.9293622
          ],
          [
            86.737611,
            53.929069
          ],
          [
            86.7380223,
            53.928889
          ],
          [
            86.7386687,
            53.9286452
          ],
          [
            86.7397616,
            53.928213
          ],
          [
            86.7403416,
            53.9280141
          ],
          [
            86.7406033,
            53.9279473
          ],
          [
            86.7406561,
            53.9279373
          ],
          [
            86.7409955,
            53.9278728
          ],
          [
            86.7414355,
            53.9278244
          ],
          [
            86.7415913,
            53.9278038
          ],
          [
            86.7417642,
            53.9277599
          ],
          [
            86.7418546,
            53.9276889
          ],
          [
            86.7427752,
            53.9267521
          ],
          [
            86.7428789,
            53.9266023
          ],
          [
            86.7430169,
            53.9263487
          ]
        ]
      },
      "id": "way/168182871"
    },
    {
      "type": "Feature",
      "properties": {
        "@id": "way/168744202",
        "highway": "primary",
        "lanes": "2",
        "maxspeed": "RU:urban",
        "name": "Прокопьевск — Новокузнецк",
        "old_ref": "32К-2",
        "ref": "32К-447"
      },
      "geometry": {
        "type": "LineString",
        "coordinates": [
          [
            86.8572518,
            53.7977425
          ],
          [
            86.8570656,
            53.7977568
          ],
          [
            86.8566562,
            53.7977936
          ],
          [
            86.8560244,
            53.7978479
          ],
          [
            86.8520796,
            53.7981867
          ],
          [
            86.8497813,
            53.7983819
          ],
          [
            86.8482911,
            53.798512
          ],
          [
            86.8449962,
            53.7987815
          ],
          [
            86.8433791,
            53.7989141
          ],
          [
            86.8422554,
            53.799009
          ],
          [
            86.8397038,
            53.7992245
          ],
          [
            86.8396221,
            53.7992314
          ],
          [
            86.8392813,
            53.7992593
          ],
          [
            86.8367977,
            53.7994655
          ],
          [
            86.8356403,
            53.7995673
          ],
          [
            86.8323541,
            53.7998589
          ]
        ]
      },
      "id": "way/168744202"
    },
    {
      "type": "Feature",
      "properties": {
        "@id": "way/168747037",
        "highway": "primary",
        "lanes": "2",
        "name": "Главная улица",
        "old_ref": "32К-2"
      },
      "geometry": {
        "type": "LineString",
        "coordinates": [
          [
            86.7974106,
            53.8105327
          ],
          [
            86.7975387,
            53.8105061
          ],
          [
            86.7976428,
            53.8104858
          ],
          [
            86.7979073,
            53.8104503
          ],
          [
            86.7989171,
            53.8103286
          ],
          [
            86.7995107,
            53.8102398
          ],
          [
            86.8004002,
            53.8101067
          ],
          [
            86.8018093,
            53.8098121
          ],
          [
            86.8038542,
            53.8093181
          ],
          [
            86.8052303,
            53.8090748
          ],
          [
            86.8060359,
            53.8089273
          ],
          [
            86.8063293,
            53.8088192
          ],
          [
            86.8065876,
            53.8086808
          ],
          [
            86.8073764,
            53.8081798
          ],
          [
            86.808224,
            53.8076413
          ],
          [
            86.8092471,
            53.8070289
          ],
          [
            86.8095472,
            53.80687
          ],
          [
            86.8099294,
            53.8067206
          ],
          [
            86.8102837,
            53.8066386
          ],
          [
            86.8106909,
            53.8065548
          ],
          [
            86.812069,
            53.8063003
          ],
          [
            86.8128676,
            53.8061616
          ],
          [
            86.8136568,
            53.8060009
          ],
          [
            86.8138968,
            53.8059335
          ],
          [
            86.8141414,
            53.8058413
          ],
          [
            86.8142388,
            53.8057801
          ],
          [
            86.8143236,
            53.8057237
          ],
          [
            86.8146366,
            53.8054535
          ],
          [
            86.8175804,
            53.8023427
          ],
          [
            86.8182284,
            53.8016723
          ],
          [
            86.8185158,
            53.8013624
          ]
        ]
      },
      "id": "way/168747037"
    },
    {
      "type": "Feature",
      "properties": {
        "@id": "way/168748734",
        "highway": "primary",
        "lanes": "2",
        "name": "Прокопьевская улица",
        "old_ref": "32К-2"
      },
      "geometry": {
        "type": "LineString",
        "coordinates": [
          [
            86.7560596,
            53.8769562
          ],
          [
            86.7560642,
            53.8764302
          ],
          [
            86.7560959,
            53.8759937
          ],
          [
            86.7561008,
            53.8759263
          ],
          [
            86.7561152,
            53.8757279
          ],
          [
            86.7560486,
            53.8750169
          ],
          [
            86.7560658,
            53.8746452
          ],
          [
            86.7561546,
            53.8743553
          ],
          [
            86.7564327,
            53.8739104
          ],
          [
            86.7575099,
            53.8724232
          ],
          [
            86.7576817,
            53.8721812
          ],
          [
            86.7589527,
            53.8703907
          ],
          [
            86.7591667,
            53.8701062
          ],
          [
            86.7592962,
            53.8699692
          ],
          [
            86.7597129,
            53.8695283
          ],
          [
            86.7599395,
            53.8692885
          ],
          [
            86.7603314,
            53.8688701
          ],
          [
            86.7606336,
            53.8685302
          ],
          [
            86.7606988,
            53.868433
          ],
          [
            86.7608454,
            53.868139
          ],
          [
            86.760935,
            53.8678543
          ],
          [
            86.7609618,
            53.8677693
          ],
          [
            86.761058,
            53.8669966
          ]
        ]
      },
      "id": "way/168748734"
    },
    {
      "type": "Feature",
      "properties": {
        "@id": "way/168748735",
        "highway": "primary",
        "lanes": "2",
        "name": "Пионерская улица",
        "old_ref": "32К-2"
      },
      "geometry": {
        "type": "LineString",
        "coordinates": [
          [
            86.7808689,
            53.858291
          ],
          [
            86.7822112,
            53.85739
          ],
          [
            86.7825626,
            53.8571541
          ],
          [
            86.7832034,
            53.8566506
          ],
          [
            86.7836079,
            53.8562386
          ],
          [
            86.784072,
            53.8556758
          ],
          [
            86.7860532,
            53.8532732
          ],
          [
            86.7865899,
            53.8526333
          ],
          [
            86.7871957,
            53.8519109
          ],
          [
            86.7896621,
            53.8489698
          ],
          [
            86.7905019,
            53.8479724
          ],
          [
            86.7907771,
            53.847605
          ],
          [
            86.7909473,
            53.8473282
          ],
          [
            86.7910694,
            53.8469918
          ],
          [
            86.7912306,
            53.8465714
          ],
          [
            86.7916876,
            53.8454275
          ],
          [
            86.7918539,
            53.8449392
          ],
          [
            86.7919344,
            53.8446982
          ],
          [
            86.7921077,
            53.8443788
          ],
          [
            86.7923399,
            53.8440726
          ],
          [
            86.7927341,
            53.8436727
          ],
          [
            86.7930069,
            53.8433966
          ],
          [
            86.7932706,
            53.8431426
          ],
          [
            86.7933371,
            53.8430798
          ],
          [
            86.7936203,
            53.8428042
          ],
          [
            86.7938618,
            53.8425612
          ],
          [
            86.7942517,
            53.8421964
          ],
          [
            86.7944343,
            53.8420167
          ],
          [
            86.7945416,
            53.8419026
          ],
          [
            86.7948193,
            53.8416256
          ],
          [
            86.7952672,
            53.8411706
          ],
          [
            86.7954912,
            53.840906
          ],
          [
            86.7955812,
            53.8407779
          ],
          [
            86.7956919,
            53.8406127
          ],
          [
            86.7958225,
            53.8402284
          ],
          [
            86.7959018,
            53.8398715
          ],
          [
            86.7959522,
            53.8396447
          ],
          [
            86.7961477,
            53.8385363
          ],
          [
            86.7963378,
            53.8374582
          ],
          [
            86.7963755,
            53.8372443
          ],
          [
            86.7964124,
            53.8370691
          ],
          [
            86.7965543,
            53.8362305
          ],
          [
            86.7965861,
            53.8359747
          ],
          [
            86.7966336,
            53.8357047
          ],
          [
            86.796675,
            53.8355193
          ],
          [
            86.7967162,
            53.8352295
          ]
        ]
      },
      "id": "way/168748735"
    },
    {
      "type": "Feature",
      "properties": {
        "@id": "way/168748748",
        "highway": "primary",
        "lanes": "2",
        "name": "Песчаная улица",
        "old_ref": "32К-2"
      },
      "geometry": {
        "type": "LineString",
        "coordinates": [
          [
            86.7666563,
            53.861571
          ],
          [
            86.7670246,
            53.8613684
          ],
          [
            86.7672151,
            53.8613088
          ],
          [
            86.7673264,
            53.8612847
          ],
          [
            86.7675653,
            53.8612591
          ],
          [
            86.7678062,
            53.8612589
          ],
          [
            86.7680877,
            53.8612944
          ],
          [
            86.7684746,
            53.8613999
          ],
          [
            86.7688336,
            53.8615166
          ],
          [
            86.769142,
            53.8616059
          ],
          [
            86.7693256,
            53.861623
          ],
          [
            86.769534,
            53.8616087
          ],
          [
            86.769763,
            53.8615454
          ],
          [
            86.770044,
            53.8614192
          ]
        ]
      },
      "id": "way/168748748"
    },
    {
      "type": "Feature",
      "properties": {
        "@id": "way/168892211",
        "highway": "secondary",
        "name": "улица Сарыгина"
      },
      "geometry": {
        "type": "LineString",
        "coordinates": [
          [
            86.7537331,
            53.8697375
          ],
          [
            86.7536155,
            53.8698155
          ],
          [
            86.7534667,
            53.8699083
          ],
          [
            86.7533415,
            53.8699404
          ],
          [
            86.7530988,
            53.8699827
          ],
          [
            86.7523062,
            53.8700454
          ],
          [
            86.7517073,
            53.8700816
          ],
          [
            86.7513292,
            53.8701044
          ],
          [
            86.7509747,
            53.8701259
          ],
          [
            86.7503434,
            53.870164
          ],
          [
            86.7500487,
            53.8701681
          ],
          [
            86.7497864,
            53.8701717
          ],
          [
            86.749457,
            53.8701895
          ],
          [
            86.7493791,
            53.8702189
          ],
          [
            86.7493075,
            53.870246
          ],
          [
            86.7492227,
            53.8703114
          ],
          [
            86.7491416,
            53.8704115
          ]
        ]
      },
      "id": "way/168892211"
    },
    {
      "type": "Feature",
      "properties": {
        "@id": "way/169492288",
        "highway": "primary",
        "name": "Городская улица",
        "old_ref": "32К-2"
      },
      "geometry": {
        "type": "LineString",
        "coordinates": [
          [
            86.7539205,
            53.8821482
          ],
          [
            86.7545045,
            53.881294
          ],
          [
            86.7546397,
            53.8810828
          ],
          [
            86.7548526,
            53.8808059
          ],
          [
            86.755106,
            53.8805171
          ],
          [
            86.7558691,
            53.8797251
          ],
          [
            86.7560657,
            53.879521
          ],
          [
            86.7561536,
            53.8794234
          ],
          [
            86.756225,
            53.8793406
          ],
          [
            86.7562549,
            53.8792721
          ],
          [
            86.7562664,
            53.8792457
          ]
        ]
      },
      "id": "way/169492288"
    },
    {
      "type": "Feature",
      "properties": {
        "@id": "way/169853903",
        "highway": "secondary",
        "name": "Городская улица"
      },
      "geometry": {
        "type": "LineString",
        "coordinates": [
          [
            86.7565353,
            53.8861271
          ],
          [
            86.7565641,
            53.8860255
          ],
          [
            86.7565366,
            53.8859644
          ],
          [
            86.7564951,
            53.885913
          ],
          [
            86.7564357,
            53.8858722
          ],
          [
            86.7563693,
            53.8858424
          ],
          [
            86.7561818,
            53.8857631
          ],
          [
            86.7558379,
            53.8856517
          ],
          [
            86.7554124,
            53.8854424
          ],
          [
            86.7551762,
            53.8853037
          ]
        ]
      },
      "id": "way/169853903"
    },
    {
      "type": "Feature",
      "properties": {
        "@id": "way/169926122",
        "highway": "secondary",
        "lit": "no;yes",
        "name": "улица Шишкина",
        "passing_places": "no"
      },
      "geometry": {
        "type": "LineString",
        "coordinates": [
          [
            86.6507128,
            53.8699383
          ],
          [
            86.6507015,
            53.8706874
          ],
          [
            86.6507067,
            53.8709679
          ],
          [
            86.6506998,
            53.8711982
          ],
          [
            86.6507052,
            53.8713934
          ],
          [
            86.6507115,
            53.8716199
          ],
          [
            86.6507107,
            53.8718239
          ],
          [
            86.6507103,
            53.8719164
          ]
        ]
      },
      "id": "way/169926122"
    },
    {
      "type": "Feature",
      "properties": {
        "@id": "way/170119260",
        "highway": "secondary",
        "name": "улица Тюленина"
      },
      "geometry": {
        "type": "LineString",
        "coordinates": [
          [
            86.7606741,
            53.823093
          ],
          [
            86.7615952,
            53.8232918
          ],
          [
            86.7618296,
            53.8233444
          ],
          [
            86.7621291,
            53.8234363
          ],
          [
            86.7623952,
            53.823589
          ],
          [
            86.7630095,
            53.8241151
          ],
          [
            86.7633191,
            53.8243033
          ]
        ]
      },
      "id": "way/170119260"
    },
    {
      "type": "Feature",
      "properties": {
        "@id": "way/170119268",
        "highway": "secondary",
        "name": "Кустарная улица",
        "surface": "asphalt"
      },
      "geometry": {
        "type": "LineString",
        "coordinates": [
          [
            86.763795,
            53.8259216
          ],
          [
            86.7635377,
            53.8266352
          ],
          [
            86.7634622,
            53.8268759
          ],
          [
            86.7634274,
            53.8271292
          ],
          [
            86.7633863,
            53.8273035
          ],
          [
            86.7634143,
            53.8280735
          ],
          [
            86.7634753,
            53.8296783
          ],
          [
            86.7634734,
            53.8300356
          ],
          [
            86.7634859,
            53.8307537
          ],
          [
            86.7634762,
            53.8308905
          ],
          [
            86.7634717,
            53.8316637
          ],
          [
            86.7634177,
            53.8325334
          ],
          [
            86.7633698,
            53.8329669
          ],
          [
            86.7633239,
            53.833153
          ],
          [
            86.7632329,
            53.8337487
          ],
          [
            86.763133,
            53.834936
          ],
          [
            86.7630105,
            53.8354884
          ],
          [
            86.7627565,
            53.8361109
          ],
          [
            86.7624908,
            53.8366945
          ],
          [
            86.7620212,
            53.8376108
          ],
          [
            86.7616108,
            53.8384822
          ],
          [
            86.7613305,
            53.8390948
          ],
          [
            86.7612145,
            53.8394419
          ],
          [
            86.7612249,
            53.8396657
          ],
          [
            86.7612679,
            53.8398316
          ]
        ]
      },
      "id": "way/170119268"
    },
    {
      "type": "Feature",
      "properties": {
        "@id": "way/170122737",
        "highway": "primary",
        "name": "Подъёмная улица",
        "oneway": "yes"
      },
      "geometry": {
        "type": "LineString",
        "coordinates": [
          [
            86.6842154,
            53.8779877
          ],
          [
            86.6842228,
            53.87799
          ],
          [
            86.6842828,
            53.878009
          ],
          [
            86.6843554,
            53.878037
          ],
          [
            86.6889148,
            53.8794272
          ],
          [
            86.6891267,
            53.8794924
          ],
          [
            86.6891842,
            53.8795101
          ],
          [
            86.6893253,
            53.8795535
          ]
        ]
      },
      "id": "way/170122737"
    },
    {
      "type": "Feature",
      "properties": {
        "@id": "way/172077562",
        "cutting": "yes",
        "highway": "secondary"
      },
      "geometry": {
        "type": "LineString",
        "coordinates": [
          [
            86.6144701,
            53.8715599
          ],
          [
            86.6142515,
            53.871499
          ],
          [
            86.6139127,
            53.8714062
          ],
          [
            86.613657,
            53.8713369
          ],
          [
            86.6131496,
            53.8712017
          ],
          [
            86.6123444,
            53.870987
          ]
        ]
      },
      "id": "way/172077562"
    },
    {
      "type": "Feature",
      "properties": {
        "@id": "way/172077566",
        "highway": "secondary",
        "lit": "yes",
        "maxspeed": "60",
        "name": "улица Есенина"
      },
      "geometry": {
        "type": "LineString",
        "coordinates": [
          [
            86.6158732,
            53.8656647
          ],
          [
            86.6166949,
            53.8645744
          ],
          [
            86.6168407,
            53.8643763
          ],
          [
            86.6171333,
            53.8639947
          ],
          [
            86.6175537,
            53.8634462
          ],
          [
            86.6182441,
            53.8624858
          ],
          [
            86.6182816,
            53.8624217
          ],
          [
            86.6183326,
            53.8622786
          ],
          [
            86.618342,
            53.8622074
          ],
          [
            86.6183586,
            53.8621221
          ],
          [
            86.6183644,
            53.8619557
          ],
          [
            86.6183648,
            53.8619053
          ],
          [
            86.6183621,
            53.8618452
          ],
          [
            86.6183496,
            53.8617439
          ],
          [
            86.6183272,
            53.8616229
          ],
          [
            86.6183035,
            53.8615459
          ],
          [
            86.6181142,
            53.86092
          ],
          [
            86.618004,
            53.8605735
          ],
          [
            86.6179237,
            53.8602781
          ],
          [
            86.6176722,
            53.8597647
          ]
        ]
      },
      "id": "way/172077566"
    },
    {
      "type": "Feature",
      "properties": {
        "@id": "way/172077570",
        "highway": "secondary",
        "lit": "yes",
        "maxspeed": "60",
        "name": "улица Есенина"
      },
      "geometry": {
        "type": "LineString",
        "coordinates": [
          [
            86.6180505,
            53.8567303
          ],
          [
            86.6183379,
            53.8563679
          ],
          [
            86.6183553,
            53.8563474
          ],
          [
            86.618472,
            53.8562097
          ],
          [
            86.6185845,
            53.8561154
          ],
          [
            86.618683,
            53.8560414
          ]
        ]
      },
      "id": "way/172077570"
    },
    {
      "type": "Feature",
      "properties": {
        "@id": "way/172077620",
        "highway": "secondary",
        "lit": "no",
        "passing_places": "no"
      },
      "geometry": {
        "type": "LineString",
        "coordinates": [
          [
            86.6216146,
            53.8718922
          ],
          [
            86.6221342,
            53.8720449
          ],
          [
            86.6229319,
            53.8722232
          ],
          [
            86.6234572,
            53.8723945
          ],
          [
            86.6255454,
            53.8731343
          ],
          [
            86.6258378,
            53.8732451
          ],
          [
            86.6260431,
            53.8734228
          ],
          [
            86.6261451,
            53.8735952
          ],
          [
            86.626183,
            53.8737378
          ],
          [
            86.6262564,
            53.8739809
          ],
          [
            86.6263569,
            53.8742899
          ],
          [
            86.6264224,
            53.8744407
          ]
        ]
      },
      "id": "way/172077620"
    },
    {
      "type": "Feature",
      "properties": {
        "@id": "way/172077685",
        "highway": "secondary",
        "lanes": "2",
        "lit": "yes",
        "maxspeed": "60",
        "name": "улица Есенина",
        "surface": "asphalt"
      },
      "geometry": {
        "type": "LineString",
        "coordinates": [
          [
            86.612358,
            53.8700755
          ],
          [
            86.6124124,
            53.8700011
          ],
          [
            86.6132814,
            53.8689131
          ],
          [
            86.6141139,
            53.8678591
          ],
          [
            86.615004,
            53.8667279
          ],
          [
            86.6152369,
            53.8664548
          ]
        ]
      },
      "id": "way/172077685"
    },
    {
      "type": "Feature",
      "properties": {
        "@id": "way/172077702",
        "highway": "secondary",
        "lit": "yes",
        "maxspeed": "60",
        "name": "улица Есенина"
      },
      "geometry": {
        "type": "LineString",
        "coordinates": [
          [
            86.6152369,
            53.8664548
          ],
          [
            86.6158732,
            53.8656647
          ]
        ]
      },
      "id": "way/172077702"
    },
    {
      "type": "Feature",
      "properties": {
        "@id": "way/172077703",
        "highway": "secondary",
        "lit": "no",
        "name": "Институтская улица",
        "oneway": "yes",
        "passing_places": "no"
      },
      "geometry": {
        "type": "LineString",
        "coordinates": [
          [
            86.6464953,
            53.869923
          ],
          [
            86.6464824,
            53.870654
          ],
          [
            86.6464725,
            53.8712162
          ],
          [
            86.6464572,
            53.8717541
          ]
        ]
      },
      "id": "way/172077703"
    },
    {
      "type": "Feature",
      "properties": {
        "@id": "way/173064804",
        "highway": "secondary",
        "lit": "no;yes",
        "name": "улица Шишкина",
        "passing_places": "no"
      },
      "geometry": {
        "type": "LineString",
        "coordinates": [
          [
            86.6507103,
            53.8719164
          ],
          [
            86.6507094,
            53.8719735
          ],
          [
            86.6507087,
            53.8720043
          ],
          [
            86.6507074,
            53.8720622
          ]
        ]
      },
      "id": "way/173064804"
    },
    {
      "type": "Feature",
      "properties": {
        "@id": "way/173269813",
        "highway": "secondary",
        "lit": "no;yes",
        "name": "улица Шишкина",
        "passing_places": "no"
      },
      "geometry": {
        "type": "LineString",
        "coordinates": [
          [
            86.6506693,
            53.8741316
          ],
          [
            86.6506665,
            53.8742738
          ],
          [
            86.6506648,
            53.8743631
          ],
          [
            86.6506566,
            53.8747822
          ],
          [
            86.6506547,
            53.8748791
          ],
          [
            86.6506535,
            53.8749397
          ],
          [
            86.6506384,
            53.8757069
          ],
          [
            86.6506393,
            53.8759593
          ],
          [
            86.6506488,
            53.8761865
          ],
          [
            86.650695,
            53.8772928
          ],
          [
            86.6506915,
            53.8777798
          ],
          [
            86.6506911,
            53.8778257
          ],
          [
            86.6506903,
            53.8779279
          ],
          [
            86.6506887,
            53.8779942
          ],
          [
            86.6506824,
            53.8782566
          ],
          [
            86.6506814,
            53.8782985
          ],
          [
            86.6506547,
            53.8788082
          ],
          [
            86.6506496,
            53.8791855
          ],
          [
            86.6506409,
            53.879832
          ],
          [
            86.6506543,
            53.8805723
          ],
          [
            86.6506561,
            53.8806322
          ],
          [
            86.6506577,
            53.8806867
          ],
          [
            86.6506613,
            53.8808093
          ],
          [
            86.6506623,
            53.8808461
          ],
          [
            86.6506223,
            53.8810769
          ],
          [
            86.650618,
            53.8813843
          ],
          [
            86.6506246,
            53.8816935
          ],
          [
            86.6506005,
            53.8829739
          ],
          [
            86.6505971,
            53.8832287
          ],
          [
            86.650591,
            53.8836917
          ],
          [
            86.6505843,
            53.8846663
          ],
          [
            86.6505784,
            53.8850519
          ],
          [
            86.6505832,
            53.8852099
          ],
          [
            86.6505733,
            53.8853712
          ],
          [
            86.6505728,
            53.8854107
          ],
          [
            86.6505739,
            53.8854611
          ],
          [
            86.6505257,
            53.886474
          ],
          [
            86.6505208,
            53.8865761
          ],
          [
            86.6505038,
            53.887111
          ],
          [
            86.6505,
            53.8871994
          ],
          [
            86.6504793,
            53.8875844
          ],
          [
            86.6504775,
            53.8876172
          ],
          [
            86.6504822,
            53.8880198
          ],
          [
            86.6504898,
            53.8883769
          ],
          [
            86.6504219,
            53.8885859
          ],
          [
            86.6502831,
            53.8887504
          ],
          [
            86.650068,
            53.8888907
          ],
          [
            86.6497258,
            53.8890481
          ],
          [
            86.6489114,
            53.8893273
          ],
          [
            86.6488171,
            53.8893596
          ],
          [
            86.6478857,
            53.889644
          ],
          [
            86.6470717,
            53.8898661
          ],
          [
            86.6469389,
            53.8898894
          ],
          [
            86.6464885,
            53.8899297
          ],
          [
            86.6463446,
            53.8899426
          ],
          [
            86.6461037,
            53.8900143
          ],
          [
            86.6460428,
            53.8900324
          ],
          [
            86.6459947,
            53.8900467
          ]
        ]
      },
      "id": "way/173269813"
    },
    {
      "type": "Feature",
      "properties": {
        "@id": "way/173914020",
        "highway": "primary",
        "oneway": "yes"
      },
      "geometry": {
        "type": "LineString",
        "coordinates": [
          [
            86.6595063,
            53.8737309
          ],
          [
            86.6590518,
            53.8740513
          ]
        ]
      },
      "id": "way/173914020"
    },
    {
      "type": "Feature",
      "properties": {
        "@id": "way/173914022",
        "highway": "primary",
        "lit": "yes",
        "oneway": "yes"
      },
      "geometry": {
        "type": "LineString",
        "coordinates": [
          [
            86.6596035,
            53.8733283
          ],
          [
            86.6602895,
            53.8733186
          ],
          [
            86.66048,
            53.8733159
          ]
        ]
      },
      "id": "way/173914022"
    },
    {
      "type": "Feature",
      "properties": {
        "@id": "way/173914024",
        "highway": "primary"
      },
      "geometry": {
        "type": "LineString",
        "coordinates": [
          [
            86.6626333,
            53.8731948
          ],
          [
            86.6625085,
            53.8731606
          ],
          [
            86.6624294,
            53.873144
          ],
          [
            86.6623369,
            53.8731329
          ],
          [
            86.6622208,
            53.8731211
          ],
          [
            86.6621006,
            53.873119
          ],
          [
            86.6619801,
            53.873121
          ],
          [
            86.661805,
            53.8731284
          ],
          [
            86.6616999,
            53.8731387
          ],
          [
            86.6614075,
            53.8731905
          ],
          [
            86.6611982,
            53.8732276
          ]
        ]
      },
      "id": "way/173914024"
    },
    {
      "type": "Feature",
      "properties": {
        "@id": "way/173971507",
        "highway": "secondary",
        "lit": "yes",
        "maxspeed": "60",
        "name": "улица Гайдара"
      },
      "geometry": {
        "type": "LineString",
        "coordinates": [
          [
            86.6309137,
            53.8590107
          ],
          [
            86.6309823,
            53.8590234
          ],
          [
            86.6310589,
            53.8590297
          ]
        ]
      },
      "id": "way/173971507"
    },
    {
      "type": "Feature",
      "properties": {
        "@id": "way/173971557",
        "highway": "secondary",
        "name": "проспект Гагарина"
      },
      "geometry": {
        "type": "LineString",
        "coordinates": [
          [
            86.6385823,
            53.8719629
          ],
          [
            86.63837,
            53.8719599
          ],
          [
            86.6381222,
            53.8719563
          ],
          [
            86.6366417,
            53.8719293
          ]
        ]
      },
      "id": "way/173971557"
    },
    {
      "type": "Feature",
      "properties": {
        "@id": "way/185612565",
        "highway": "secondary",
        "name": "Образцовая улица",
        "name:ru": "Образцовая улица",
        "surface": "asphalt"
      },
      "geometry": {
        "type": "LineString",
        "coordinates": [
          [
            86.7990073,
            53.9174751
          ],
          [
            86.799585,
            53.9171355
          ],
          [
            86.7997313,
            53.9170541
          ],
          [
            86.8005694,
            53.9165565
          ],
          [
            86.8013318,
            53.9161082
          ],
          [
            86.8014337,
            53.9160483
          ],
          [
            86.8020744,
            53.9156715
          ],
          [
            86.8021853,
            53.915611
          ],
          [
            86.8023763,
            53.9154999
          ],
          [
            86.8028676,
            53.9152129
          ],
          [
            86.8031566,
            53.9150411
          ],
          [
            86.8035852,
            53.9147831
          ],
          [
            86.8037939,
            53.9146397
          ],
          [
            86.8038238,
            53.9145638
          ],
          [
            86.8038264,
            53.914482
          ]
        ]
      },
      "id": "way/185612565"
    },
    {
      "type": "Feature",
      "properties": {
        "@id": "way/185625580",
        "highway": "secondary",
        "surface": "asphalt"
      },
      "geometry": {
        "type": "LineString",
        "coordinates": [
          [
            86.8268671,
            53.8889291
          ],
          [
            86.8271332,
            53.8886717
          ],
          [
            86.8272061,
            53.8885314
          ],
          [
            86.8272919,
            53.8884129
          ],
          [
            86.8274266,
            53.8882095
          ],
          [
            86.8276036,
            53.8880404
          ],
          [
            86.8278953,
            53.8877973
          ],
          [
            86.8283645,
            53.8874061
          ],
          [
            86.8288372,
            53.8870121
          ],
          [
            86.8291495,
            53.8867808
          ]
        ]
      },
      "id": "way/185625580"
    },
    {
      "type": "Feature",
      "properties": {
        "@id": "way/185633791",
        "highway": "secondary",
        "name": "Красноводская улица"
      },
      "geometry": {
        "type": "LineString",
        "coordinates": [
          [
            86.8291495,
            53.8867808
          ],
          [
            86.8294948,
            53.8868466
          ],
          [
            86.8316162,
            53.8876579
          ]
        ]
      },
      "id": "way/185633791"
    },
    {
      "type": "Feature",
      "properties": {
        "@id": "way/185742608",
        "highway": "secondary",
        "name": "Северный квартал"
      },
      "geometry": {
        "type": "LineString",
        "coordinates": [
          [
            86.8156422,
            53.8904025
          ],
          [
            86.8163646,
            53.8905707
          ],
          [
            86.817762,
            53.8908512
          ],
          [
            86.8185466,
            53.891028
          ],
          [
            86.8187069,
            53.8910658
          ],
          [
            86.8201656,
            53.8914101
          ],
          [
            86.8202883,
            53.8914395
          ],
          [
            86.820488,
            53.8914909
          ],
          [
            86.8213999,
            53.8916995
          ],
          [
            86.8228417,
            53.8919967
          ],
          [
            86.8229051,
            53.8920094
          ],
          [
            86.823079,
            53.8920441
          ]
        ]
      },
      "id": "way/185742608"
    },
    {
      "type": "Feature",
      "properties": {
        "@id": "way/185742611",
        "highway": "secondary"
      },
      "geometry": {
        "type": "LineString",
        "coordinates": [
          [
            86.8156422,
            53.8904025
          ],
          [
            86.8155001,
            53.8903866
          ],
          [
            86.8153656,
            53.8903906
          ],
          [
            86.8152728,
            53.8904086
          ],
          [
            86.8152108,
            53.8904448
          ],
          [
            86.8151502,
            53.8904917
          ],
          [
            86.8151049,
            53.8905487
          ],
          [
            86.8150662,
            53.8907111
          ],
          [
            86.8149404,
            53.8922174
          ],
          [
            86.8147803,
            53.8936608
          ],
          [
            86.8144048,
            53.8973466
          ],
          [
            86.8143513,
            53.8977436
          ],
          [
            86.8143332,
            53.8979007
          ],
          [
            86.8142366,
            53.8987657
          ],
          [
            86.8142017,
            53.8990787
          ],
          [
            86.8140473,
            53.9004612
          ],
          [
            86.8140439,
            53.9004915
          ],
          [
            86.8140426,
            53.9004989
          ],
          [
            86.8140203,
            53.9006259
          ]
        ]
      },
      "id": "way/185742611"
    },
    {
      "type": "Feature",
      "properties": {
        "@id": "way/189828021",
        "highway": "secondary"
      },
      "geometry": {
        "type": "LineString",
        "coordinates": [
          [
            86.8090234,
            53.9238248
          ],
          [
            86.8132314,
            53.9243005
          ],
          [
            86.8169504,
            53.9246773
          ],
          [
            86.8175097,
            53.9247256
          ],
          [
            86.8235752,
            53.9252674
          ],
          [
            86.8267364,
            53.9256357
          ],
          [
            86.8306572,
            53.9261685
          ]
        ]
      },
      "id": "way/189828021"
    },
    {
      "type": "Feature",
      "properties": {
        "@id": "way/189831855",
        "highway": "secondary"
      },
      "geometry": {
        "type": "LineString",
        "coordinates": [
          [
            86.8353886,
            53.8893693
          ],
          [
            86.8351799,
            53.8892739
          ],
          [
            86.832643,
            53.888159
          ],
          [
            86.8325286,
            53.888111
          ],
          [
            86.8316162,
            53.8876579
          ]
        ]
      },
      "id": "way/189831855"
    },
    {
      "type": "Feature",
      "properties": {
        "@id": "way/196087304",
        "highway": "secondary",
        "name": "улица Тюленина"
      },
      "geometry": {
        "type": "LineString",
        "coordinates": [
          [
            86.763795,
            53.8259216
          ],
          [
            86.7639565,
            53.8255477
          ],
          [
            86.7639925,
            53.8254459
          ],
          [
            86.7640732,
            53.8251813
          ],
          [
            86.7640695,
            53.8250947
          ],
          [
            86.7640496,
            53.8250034
          ],
          [
            86.7639248,
            53.8248324
          ],
          [
            86.7638642,
            53.8247737
          ],
          [
            86.7635699,
            53.8245404
          ],
          [
            86.7633191,
            53.8243033
          ]
        ]
      },
      "id": "way/196087304"
    },
    {
      "type": "Feature",
      "properties": {
        "@id": "way/240773447",
        "access": "yes",
        "highway": "primary",
        "lit": "yes",
        "maxspeed": "60",
        "name": "Ноградская улица",
        "surface": "asphalt"
      },
      "geometry": {
        "type": "LineString",
        "coordinates": [
          [
            86.6273248,
            53.8747861
          ],
          [
            86.6278232,
            53.874727
          ],
          [
            86.628092,
            53.8746943
          ]
        ]
      },
      "id": "way/240773447"
    },
    {
      "type": "Feature",
      "properties": {
        "@id": "way/240773449",
        "cutting": "yes",
        "highway": "secondary",
        "lanes": "2",
        "surface": "asphalt"
      },
      "geometry": {
        "type": "LineString",
        "coordinates": [
          [
            86.6183977,
            53.872651
          ],
          [
            86.6175429,
            53.8724165
          ],
          [
            86.6165645,
            53.8721573
          ],
          [
            86.6161627,
            53.8720441
          ],
          [
            86.6144701,
            53.8715599
          ]
        ]
      },
      "id": "way/240773449"
    },
    {
      "type": "Feature",
      "properties": {
        "@id": "way/240773450",
        "access": "yes",
        "highway": "primary",
        "lanes": "2",
        "lit": "yes",
        "maxspeed": "60",
        "name": "Ноградская улица",
        "surface": "asphalt"
      },
      "geometry": {
        "type": "LineString",
        "coordinates": [
          [
            86.6234848,
            53.875839
          ],
          [
            86.6237738,
            53.8756349
          ],
          [
            86.6240897,
            53.8754719
          ],
          [
            86.6243705,
            53.8753402
          ],
          [
            86.6247479,
            53.8752306
          ],
          [
            86.6255417,
            53.8750461
          ],
          [
            86.6259634,
            53.874949
          ]
        ]
      },
      "id": "way/240773450"
    },
    {
      "type": "Feature",
      "properties": {
        "@id": "way/240773451",
        "cutting": "yes",
        "highway": "secondary",
        "lanes": "4",
        "surface": "asphalt"
      },
      "geometry": {
        "type": "LineString",
        "coordinates": [
          [
            86.6258837,
            53.8746915
          ],
          [
            86.6257383,
            53.8746424
          ],
          [
            86.6228489,
            53.8738589
          ]
        ]
      },
      "id": "way/240773451"
    },
    {
      "type": "Feature",
      "properties": {
        "@id": "way/240773455",
        "cutting": "yes",
        "highway": "secondary",
        "lanes": "4",
        "surface": "asphalt"
      },
      "geometry": {
        "type": "LineString",
        "coordinates": [
          [
            86.6228489,
            53.8738589
          ],
          [
            86.6227261,
            53.87382
          ]
        ]
      },
      "id": "way/240773455"
    },
    {
      "type": "Feature",
      "properties": {
        "@id": "way/240789827",
        "highway": "secondary",
        "lanes": "2",
        "lit": "yes",
        "name": "улица Есенина",
        "surface": "asphalt"
      },
      "geometry": {
        "type": "LineString",
        "coordinates": [
          [
            86.620167,
            53.8774136
          ],
          [
            86.6195849,
            53.8773956
          ],
          [
            86.6194659,
            53.8773899
          ],
          [
            86.618833,
            53.877392
          ],
          [
            86.6176611,
            53.8773824
          ],
          [
            86.615629,
            53.8773714
          ],
          [
            86.6139891,
            53.877374
          ],
          [
            86.6136554,
            53.8773752
          ],
          [
            86.6127718,
            53.8773725
          ],
          [
            86.6117058,
            53.8773635
          ],
          [
            86.6115984,
            53.8773584
          ],
          [
            86.6109057,
            53.8773594
          ],
          [
            86.6099086,
            53.8773359
          ]
        ]
      },
      "id": "way/240789827"
    },
    {
      "type": "Feature",
      "properties": {
        "@id": "way/240850872",
        "highway": "primary",
        "lanes": "4",
        "maxspeed": "60",
        "name": "проспект Строителей",
        "surface": "asphalt"
      },
      "geometry": {
        "type": "LineString",
        "coordinates": [
          [
            86.620167,
            53.8774136
          ],
          [
            86.6201072,
            53.8789216
          ],
          [
            86.6201131,
            53.8796849
          ]
        ]
      },
      "id": "way/240850872"
    },
    {
      "type": "Feature",
      "properties": {
        "@id": "way/240850873",
        "highway": "primary",
        "lanes": "4",
        "maxspeed": "60",
        "name": "проспект Строителей",
        "surface": "asphalt"
      },
      "geometry": {
        "type": "LineString",
        "coordinates": [
          [
            86.6216146,
            53.8718922
          ],
          [
            86.620789,
            53.8729971
          ],
          [
            86.6205744,
            53.8732843
          ],
          [
            86.6204572,
            53.8734662
          ],
          [
            86.6203753,
            53.8735934
          ],
          [
            86.6202927,
            53.8738153
          ],
          [
            86.6202737,
            53.8741463
          ],
          [
            86.6202517,
            53.875063
          ]
        ]
      },
      "id": "way/240850873"
    },
    {
      "type": "Feature",
      "properties": {
        "@id": "way/244970881",
        "cutting": "yes",
        "highway": "secondary",
        "lanes": "5",
        "lanes:backward": "2",
        "surface": "asphalt"
      },
      "geometry": {
        "type": "LineString",
        "coordinates": [
          [
            86.6211677,
            53.8734401
          ],
          [
            86.6209242,
            53.8733762
          ],
          [
            86.6205744,
            53.8732843
          ]
        ]
      },
      "id": "way/244970881"
    },
    {
      "type": "Feature",
      "properties": {
        "@id": "way/279675091",
        "highway": "secondary",
        "lanes": "2",
        "name": "Прокопьевская улица"
      },
      "geometry": {
        "type": "LineString",
        "coordinates": [
          [
            86.761058,
            53.8669966
          ],
          [
            86.7609747,
            53.8665517
          ],
          [
            86.760895,
            53.8661512
          ],
          [
            86.7608422,
            53.8655959
          ],
          [
            86.7608014,
            53.8653973
          ],
          [
            86.7606936,
            53.8651966
          ],
          [
            86.7606103,
            53.8650616
          ],
          [
            86.7604664,
            53.8648956
          ],
          [
            86.7603099,
            53.8647091
          ],
          [
            86.760189,
            53.8645873
          ],
          [
            86.7600554,
            53.8644362
          ],
          [
            86.7599751,
            53.8643239
          ],
          [
            86.7599204,
            53.8641949
          ],
          [
            86.7597762,
            53.8638564
          ],
          [
            86.7596155,
            53.8635093
          ],
          [
            86.7594731,
            53.8632553
          ],
          [
            86.7594114,
            53.8631193
          ],
          [
            86.7593658,
            53.863007
          ],
          [
            86.7593349,
            53.8628903
          ],
          [
            86.7593214,
            53.8627905
          ],
          [
            86.7593269,
            53.8626848
          ],
          [
            86.7593609,
            53.862567
          ],
          [
            86.7594355,
            53.8624249
          ],
          [
            86.7595264,
            53.8623175
          ],
          [
            86.7595872,
            53.8622457
          ],
          [
            86.7598088,
            53.8619953
          ],
          [
            86.7598279,
            53.8619773
          ],
          [
            86.7602375,
            53.8615923
          ],
          [
            86.7606353,
            53.8612816
          ],
          [
            86.7610464,
            53.8609605
          ],
          [
            86.7611119,
            53.8608953
          ],
          [
            86.7611497,
            53.8608628
          ],
          [
            86.7612272,
            53.8607371
          ],
          [
            86.7612465,
            53.8606933
          ]
        ]
      },
      "id": "way/279675091"
    },
    {
      "type": "Feature",
      "properties": {
        "@id": "way/279675092",
        "highway": "primary",
        "lanes": "2",
        "name": "Городская улица",
        "old_ref": "32К-2"
      },
      "geometry": {
        "type": "LineString",
        "coordinates": [
          [
            86.7562664,
            53.8792457
          ],
          [
            86.7562668,
            53.8792353
          ],
          [
            86.7562803,
            53.8788898
          ],
          [
            86.7562779,
            53.8788371
          ],
          [
            86.7562548,
            53.8786206
          ],
          [
            86.756109,
            53.877427
          ],
          [
            86.7560596,
            53.8769562
          ]
        ]
      },
      "id": "way/279675092"
    },
    {
      "type": "Feature",
      "properties": {
        "@id": "way/280675722",
        "highway": "primary"
      },
      "geometry": {
        "type": "LineString",
        "coordinates": [
          [
            86.7550644,
            53.8788617
          ],
          [
            86.7551452,
            53.8788894
          ],
          [
            86.7554066,
            53.8789759
          ]
        ]
      },
      "id": "way/280675722"
    },
    {
      "type": "Feature",
      "properties": {
        "@id": "way/323605373",
        "highway": "secondary",
        "name": "улица Кучина",
        "source": "GPS",
        "surface": "asphalt"
      },
      "geometry": {
        "type": "LineString",
        "coordinates": [
          [
            86.7970009,
            53.9107192
          ],
          [
            86.7972708,
            53.910739
          ],
          [
            86.7974263,
            53.9107832
          ],
          [
            86.7977395,
            53.9109081
          ],
          [
            86.7980823,
            53.9111049
          ]
        ]
      },
      "id": "way/323605373"
    },
    {
      "type": "Feature",
      "properties": {
        "@id": "way/323605374",
        "highway": "secondary",
        "name": "улица Кучина",
        "source": "GPS",
        "surface": "asphalt"
      },
      "geometry": {
        "type": "LineString",
        "coordinates": [
          [
            86.7966398,
            53.9107106
          ],
          [
            86.7970009,
            53.9107192
          ]
        ]
      },
      "id": "way/323605374"
    },
    {
      "type": "Feature",
      "properties": {
        "@id": "way/323608229",
        "highway": "secondary",
        "name": "Мурманская улица",
        "surface": "asphalt"
      },
      "geometry": {
        "type": "LineString",
        "coordinates": [
          [
            86.801524,
            53.9130636
          ],
          [
            86.8012673,
            53.9129224
          ],
          [
            86.8011592,
            53.9128697
          ],
          [
            86.8004277,
            53.9124429
          ],
          [
            86.8003518,
            53.9123953
          ],
          [
            86.7984761,
            53.9113288
          ],
          [
            86.7980823,
            53.9111049
          ]
        ]
      },
      "id": "way/323608229"
    },
    {
      "type": "Feature",
      "properties": {
        "@id": "way/324723828",
        "highway": "primary"
      },
      "geometry": {
        "type": "LineString",
        "coordinates": [
          [
            86.7550644,
            53.8788617
          ],
          [
            86.7546645,
            53.8788753
          ]
        ]
      },
      "id": "way/324723828"
    },
    {
      "type": "Feature",
      "properties": {
        "@id": "way/324723829",
        "highway": "secondary"
      },
      "geometry": {
        "type": "LineString",
        "coordinates": [
          [
            86.7550644,
            53.8788617
          ],
          [
            86.7548304,
            53.8786944
          ]
        ]
      },
      "id": "way/324723829"
    },
    {
      "type": "Feature",
      "properties": {
        "@id": "way/424538768",
        "highway": "primary",
        "junction": "roundabout",
        "lit": "yes",
        "oneway": "yes"
      },
      "geometry": {
        "type": "LineString",
        "coordinates": [
          [
            86.6590563,
            53.8736995
          ],
          [
            86.6590598,
            53.873511
          ],
          [
            86.6591042,
            53.8734712
          ],
          [
            86.659152,
            53.8734403
          ],
          [
            86.6592011,
            53.8734141
          ],
          [
            86.6592639,
            53.8733852
          ],
          [
            86.6593267,
            53.8733607
          ],
          [
            86.6593626,
            53.8733486
          ],
          [
            86.6593884,
            53.87334
          ],
          [
            86.6594417,
            53.8733319
          ],
          [
            86.6594544,
            53.87333
          ],
          [
            86.6595013,
            53.8733256
          ],
          [
            86.6595439,
            53.8733224
          ],
          [
            86.6596035,
            53.8733283
          ]
        ]
      },
      "id": "way/424538768"
    },
    {
      "type": "Feature",
      "properties": {
        "@id": "way/424543971",
        "highway": "secondary",
        "oneway": "yes"
      },
      "geometry": {
        "type": "LineString",
        "coordinates": [
          [
            86.6736479,
            53.8621565
          ],
          [
            86.6735065,
            53.8621714
          ],
          [
            86.6734252,
            53.8621615
          ],
          [
            86.6733687,
            53.8621411
          ],
          [
            86.6732169,
            53.861997
          ],
          [
            86.6730214,
            53.8618019
          ]
        ]
      },
      "id": "way/424543971"
    },
    {
      "type": "Feature",
      "properties": {
        "@id": "way/424543978",
        "highway": "secondary",
        "oneway": "yes"
      },
      "geometry": {
        "type": "LineString",
        "coordinates": [
          [
            86.6734478,
            53.8619629
          ],
          [
            86.6736399,
            53.8620697
          ],
          [
            86.67367,
            53.8621083
          ],
          [
            86.6736479,
            53.8621565
          ]
        ]
      },
      "id": "way/424543978"
    },
    {
      "type": "Feature",
      "properties": {
        "@id": "way/424549462",
        "highway": "primary",
        "junction": "roundabout",
        "oneway": "yes"
      },
      "geometry": {
        "type": "LineString",
        "coordinates": [
          [
            86.6329495,
            53.8586868
          ],
          [
            86.633038,
            53.8588943
          ],
          [
            86.6330367,
            53.858941
          ]
        ]
      },
      "id": "way/424549462"
    },
    {
      "type": "Feature",
      "properties": {
        "@id": "way/424549465",
        "highway": "primary",
        "junction": "roundabout",
        "oneway": "yes"
      },
      "geometry": {
        "type": "LineString",
        "coordinates": [
          [
            86.6322915,
            53.8594044
          ],
          [
            86.6320372,
            53.8593992
          ],
          [
            86.631797,
            53.8593497
          ],
          [
            86.6315927,
            53.8592602
          ],
          [
            86.6314428,
            53.8591389
          ],
          [
            86.6313781,
            53.8590415
          ],
          [
            86.6313493,
            53.8589384
          ],
          [
            86.6313487,
            53.8588866
          ],
          [
            86.6313508,
            53.8588673
          ],
          [
            86.6313542,
            53.858848
          ],
          [
            86.6313857,
            53.8587617
          ],
          [
            86.6314425,
            53.8586801
          ],
          [
            86.6315161,
            53.8586108
          ],
          [
            86.631608,
            53.8585495
          ],
          [
            86.6317287,
            53.8584927
          ],
          [
            86.631865,
            53.8584498
          ],
          [
            86.6320122,
            53.8584223
          ],
          [
            86.6320839,
            53.8584149
          ],
          [
            86.6322694,
            53.8584128
          ],
          [
            86.6324804,
            53.8584569
          ],
          [
            86.6326749,
            53.8584997
          ],
          [
            86.6328362,
            53.8585857
          ],
          [
            86.6329495,
            53.8586868
          ]
        ]
      },
      "id": "way/424549465"
    },
    {
      "type": "Feature",
      "properties": {
        "@id": "way/424549467",
        "highway": "secondary",
        "oneway": "yes"
      },
      "geometry": {
        "type": "LineString",
        "coordinates": [
          [
            86.6331544,
            53.8583946
          ],
          [
            86.6330898,
            53.8585605
          ],
          [
            86.6330765,
            53.8586587
          ],
          [
            86.633038,
            53.8588943
          ]
        ]
      },
      "id": "way/424549467"
    },
    {
      "type": "Feature",
      "properties": {
        "@id": "way/424549469",
        "highway": "primary",
        "lit": "no",
        "name": "улица Гайдара",
        "oneway": "yes"
      },
      "geometry": {
        "type": "LineString",
        "coordinates": [
          [
            86.6328258,
            53.8595021
          ],
          [
            86.6326395,
            53.8594629
          ],
          [
            86.6324973,
            53.8594416
          ],
          [
            86.6322915,
            53.8594044
          ]
        ]
      },
      "id": "way/424549469"
    },
    {
      "type": "Feature",
      "properties": {
        "@id": "way/424549471",
        "highway": "primary",
        "oneway": "yes"
      },
      "geometry": {
        "type": "LineString",
        "coordinates": [
          [
            86.6326672,
            53.859322
          ],
          [
            86.6326789,
            53.8593512
          ],
          [
            86.6327024,
            53.8593907
          ],
          [
            86.6327327,
            53.8594232
          ],
          [
            86.6327626,
            53.8594569
          ],
          [
            86.6328258,
            53.8595021
          ]
        ]
      },
      "id": "way/424549471"
    },
    {
      "type": "Feature",
      "properties": {
        "@id": "way/424549473",
        "highway": "primary",
        "lit": "no"
      },
      "geometry": {
        "type": "LineString",
        "coordinates": [
          [
            86.6334747,
            53.8587818
          ],
          [
            86.6335775,
            53.8588109
          ],
          [
            86.6346396,
            53.8591154
          ],
          [
            86.6361468,
            53.8595342
          ],
          [
            86.6381935,
            53.8601189
          ],
          [
            86.6409848,
            53.8609355
          ],
          [
            86.6411399,
            53.8609822
          ],
          [
            86.6415019,
            53.8610871
          ],
          [
            86.6422187,
            53.8612956
          ]
        ]
      },
      "id": "way/424549473"
    },
    {
      "type": "Feature",
      "properties": {
        "@id": "way/424549476",
        "highway": "primary",
        "oneway": "yes"
      },
      "geometry": {
        "type": "LineString",
        "coordinates": [
          [
            86.6328362,
            53.8585857
          ],
          [
            86.6330765,
            53.8586587
          ],
          [
            86.6334747,
            53.8587818
          ]
        ]
      },
      "id": "way/424549476"
    },
    {
      "type": "Feature",
      "properties": {
        "@id": "way/424549478",
        "highway": "secondary",
        "lit": "no",
        "passing_places": "no"
      },
      "geometry": {
        "type": "LineString",
        "coordinates": [
          [
            86.6331544,
            53.8583946
          ],
          [
            86.6332535,
            53.8582687
          ],
          [
            86.6337377,
            53.8577163
          ]
        ]
      },
      "id": "way/424549478"
    },
    {
      "type": "Feature",
      "properties": {
        "@id": "way/424565696",
        "highway": "secondary",
        "oneway": "yes"
      },
      "geometry": {
        "type": "LineString",
        "coordinates": [
          [
            86.6314428,
            53.8591389
          ],
          [
            86.6310589,
            53.8590297
          ]
        ]
      },
      "id": "way/424565696"
    },
    {
      "type": "Feature",
      "properties": {
        "@id": "way/424565698",
        "highway": "secondary",
        "lit": "yes",
        "maxspeed": "60",
        "name": "улица Гайдара",
        "oneway": "yes"
      },
      "geometry": {
        "type": "LineString",
        "coordinates": [
          [
            86.6310589,
            53.8590297
          ],
          [
            86.6311421,
            53.8590191
          ],
          [
            86.6312059,
            53.8589996
          ],
          [
            86.6312649,
            53.8589727
          ],
          [
            86.6313493,
            53.8589384
          ]
        ]
      },
      "id": "way/424565698"
    },
    {
      "type": "Feature",
      "properties": {
        "@id": "way/424565700",
        "highway": "primary",
        "junction": "roundabout",
        "oneway": "yes"
      },
      "geometry": {
        "type": "LineString",
        "coordinates": [
          [
            86.6329482,
            53.8591333
          ],
          [
            86.6328587,
            53.8592165
          ],
          [
            86.6327832,
            53.8592662
          ],
          [
            86.6327322,
            53.8592932
          ],
          [
            86.6326672,
            53.859322
          ],
          [
            86.6322915,
            53.8594044
          ]
        ]
      },
      "id": "way/424565700"
    },
    {
      "type": "Feature",
      "properties": {
        "@id": "way/424574387",
        "highway": "primary",
        "junction": "roundabout",
        "oneway": "yes"
      },
      "geometry": {
        "type": "LineString",
        "coordinates": [
          [
            86.6330367,
            53.858941
          ],
          [
            86.6330265,
            53.8589925
          ],
          [
            86.6329963,
            53.8590647
          ],
          [
            86.6329482,
            53.8591333
          ]
        ]
      },
      "id": "way/424574387"
    },
    {
      "type": "Feature",
      "properties": {
        "@id": "way/428704170",
        "access": "yes",
        "highway": "primary",
        "lanes": "2",
        "lit": "yes",
        "maxspeed": "60",
        "name": "проспект Ленина",
        "name:etymology:wikidata": "Q1394",
        "oneway": "yes",
        "surface": "asphalt"
      },
      "geometry": {
        "type": "LineString",
        "coordinates": [
          [
            86.6413697,
            53.8652758
          ],
          [
            86.6413788,
            53.8651117
          ],
          [
            86.6413943,
            53.8639622
          ],
          [
            86.6414071,
            53.863271
          ],
          [
            86.6414936,
            53.862016
          ]
        ]
      },
      "id": "way/428704170"
    },
    {
      "type": "Feature",
      "properties": {
        "@id": "way/428710439",
        "access": "yes",
        "highway": "primary",
        "lanes": "2",
        "lit": "yes",
        "maxspeed": "60",
        "name": "проспект Ленина",
        "name:etymology:wikidata": "Q1394",
        "oneway": "yes",
        "surface": "asphalt"
      },
      "geometry": {
        "type": "LineString",
        "coordinates": [
          [
            86.6412351,
            53.8721622
          ],
          [
            86.6412091,
            53.8720213
          ],
          [
            86.6412127,
            53.8719128
          ],
          [
            86.641216,
            53.8718118
          ],
          [
            86.6412238,
            53.8716648
          ],
          [
            86.6412464,
            53.8709246
          ],
          [
            86.6412565,
            53.8705433
          ],
          [
            86.6412399,
            53.8695399
          ],
          [
            86.6412467,
            53.869071
          ],
          [
            86.6412559,
            53.8686231
          ]
        ]
      },
      "id": "way/428710439"
    },
    {
      "type": "Feature",
      "properties": {
        "@id": "way/432531148",
        "highway": "secondary"
      },
      "geometry": {
        "type": "LineString",
        "coordinates": [
          [
            86.6846194,
            53.8281216
          ],
          [
            86.6839401,
            53.8257545
          ],
          [
            86.6838218,
            53.8250138
          ],
          [
            86.6837898,
            53.8240693
          ],
          [
            86.6837061,
            53.8224039
          ],
          [
            86.6837207,
            53.8223153
          ],
          [
            86.6837818,
            53.822221
          ],
          [
            86.6838368,
            53.8221702
          ],
          [
            86.6839202,
            53.8221194
          ],
          [
            86.6841132,
            53.8220543
          ],
          [
            86.6896527,
            53.8212909
          ],
          [
            86.696889,
            53.82028
          ],
          [
            86.6978412,
            53.8201998
          ],
          [
            86.698648,
            53.8202391
          ],
          [
            86.6994074,
            53.8203119
          ],
          [
            86.7003389,
            53.8204749
          ],
          [
            86.7071056,
            53.822063
          ],
          [
            86.7075798,
            53.8221363
          ],
          [
            86.7082211,
            53.8221695
          ],
          [
            86.7086334,
            53.8221609
          ],
          [
            86.7095296,
            53.8221316
          ],
          [
            86.7114891,
            53.8219731
          ],
          [
            86.7124206,
            53.8218977
          ],
          [
            86.7124684,
            53.8218915
          ],
          [
            86.7131186,
            53.8218065
          ],
          [
            86.7137294,
            53.8216639
          ],
          [
            86.7145341,
            53.8214015
          ],
          [
            86.7168868,
            53.8204757
          ],
          [
            86.7173678,
            53.8201941
          ],
          [
            86.7175493,
            53.8200747
          ],
          [
            86.7177593,
            53.8198299
          ],
          [
            86.7178668,
            53.8195937
          ],
          [
            86.71795,
            53.8190374
          ],
          [
            86.7180117,
            53.8177563
          ],
          [
            86.7180345,
            53.8171696
          ],
          [
            86.7180204,
            53.8169127
          ],
          [
            86.7179581,
            53.8166526
          ],
          [
            86.7176878,
            53.8159681
          ],
          [
            86.7167375,
            53.8139023
          ],
          [
            86.7165566,
            53.8134195
          ],
          [
            86.7165217,
            53.8131691
          ],
          [
            86.7165529,
            53.8129873
          ],
          [
            86.7166011,
            53.8128804
          ],
          [
            86.716727,
            53.8127783
          ],
          [
            86.7169203,
            53.8126935
          ],
          [
            86.7171888,
            53.8126182
          ],
          [
            86.7174876,
            53.8125773
          ],
          [
            86.717868,
            53.812585
          ],
          [
            86.7198696,
            53.8128337
          ],
          [
            86.7206837,
            53.8129899
          ],
          [
            86.7217395,
            53.8131924
          ],
          [
            86.7235695,
            53.813499
          ],
          [
            86.7252197,
            53.8137629
          ],
          [
            86.7257168,
            53.8138174
          ],
          [
            86.7262782,
            53.8138243
          ],
          [
            86.7270089,
            53.8138301
          ],
          [
            86.7311369,
            53.8138695
          ],
          [
            86.7316677,
            53.8139577
          ],
          [
            86.7323464,
            53.8141269
          ],
          [
            86.7378745,
            53.8156731
          ],
          [
            86.7381642,
            53.8157989
          ],
          [
            86.7383399,
            53.8159541
          ],
          [
            86.738449,
            53.8161622
          ],
          [
            86.7385072,
            53.8164183
          ],
          [
            86.7385926,
            53.8172779
          ],
          [
            86.7386191,
            53.8174109
          ],
          [
            86.7386904,
            53.8176167
          ],
          [
            86.7388289,
            53.8178449
          ],
          [
            86.7391326,
            53.8181496
          ],
          [
            86.7395203,
            53.8184764
          ],
          [
            86.739958,
            53.8187756
          ],
          [
            86.7404308,
            53.8190473
          ],
          [
            86.741006,
            53.8193394
          ],
          [
            86.7424854,
            53.8200198
          ],
          [
            86.7439135,
            53.8207374
          ],
          [
            86.744113,
            53.8208044
          ],
          [
            86.7442985,
            53.8208438
          ],
          [
            86.7445974,
            53.8208981
          ],
          [
            86.7449429,
            53.8209331
          ],
          [
            86.7454145,
            53.8209811
          ],
          [
            86.746518,
            53.8210884
          ],
          [
            86.7480356,
            53.8215011
          ],
          [
            86.7508028,
            53.8221746
          ],
          [
            86.7511818,
            53.8222372
          ],
          [
            86.7513964,
            53.8222497
          ],
          [
            86.7520782,
            53.8222644
          ],
          [
            86.7523835,
            53.8222916
          ],
          [
            86.7527046,
            53.8223464
          ],
          [
            86.7531987,
            53.8224903
          ],
          [
            86.7536929,
            53.8226592
          ],
          [
            86.754365,
            53.8229367
          ],
          [
            86.7547364,
            53.823066
          ],
          [
            86.7550725,
            53.8231431
          ],
          [
            86.7554573,
            53.8231926
          ],
          [
            86.7558138,
            53.8232004
          ],
          [
            86.7561782,
            53.823165
          ],
          [
            86.7567728,
            53.8230501
          ],
          [
            86.757766,
            53.822824
          ],
          [
            86.7580135,
            53.8227805
          ],
          [
            86.7583528,
            53.822749
          ],
          [
            86.7588055,
            53.8227485
          ],
          [
            86.7592618,
            53.8227957
          ],
          [
            86.7606741,
            53.823093
          ]
        ]
      },
      "id": "way/432531148"
    },
    {
      "type": "Feature",
      "properties": {
        "@id": "way/438860182",
        "access": "yes",
        "highway": "primary",
        "lit": "yes",
        "maxspeed": "60",
        "name": "Ноградская улица",
        "surface": "asphalt"
      },
      "geometry": {
        "type": "LineString",
        "coordinates": [
          [
            86.6412897,
            53.8740349
          ],
          [
            86.6418653,
            53.8740263
          ],
          [
            86.6429449,
            53.8740401
          ]
        ]
      },
      "id": "way/438860182"
    },
    {
      "type": "Feature",
      "properties": {
        "@id": "way/438860183",
        "access": "yes",
        "highway": "primary",
        "lit": "yes",
        "maxspeed": "60",
        "name": "Ноградская улица",
        "sidewalk": "both",
        "surface": "asphalt"
      },
      "geometry": {
        "type": "LineString",
        "coordinates": [
          [
            86.6506693,
            53.8741316
          ],
          [
            86.6508686,
            53.8741329
          ],
          [
            86.6519619,
            53.8741403
          ],
          [
            86.652074,
            53.8741411
          ],
          [
            86.6534829,
            53.874151
          ],
          [
            86.6540027,
            53.8741541
          ],
          [
            86.655313,
            53.874163
          ],
          [
            86.6558501,
            53.8741666
          ],
          [
            86.6585639,
            53.8741826
          ],
          [
            86.6587869,
            53.8741548
          ],
          [
            86.6590518,
            53.8740513
          ]
        ]
      },
      "id": "way/438860183"
    },
    {
      "type": "Feature",
      "properties": {
        "@id": "way/438860187",
        "highway": "secondary",
        "junction": "roundabout",
        "lanes": "1",
        "oneway": "yes"
      },
      "geometry": {
        "type": "LineString",
        "coordinates": [
          [
            86.6094625,
            53.8773534
          ],
          [
            86.6094818,
            53.877308
          ],
          [
            86.6095266,
            53.8772693
          ],
          [
            86.6095914,
            53.8772422
          ],
          [
            86.6096682,
            53.87723
          ]
        ]
      },
      "id": "way/438860187"
    },
    {
      "type": "Feature",
      "properties": {
        "@id": "way/438860188",
        "access": "yes",
        "highway": "primary",
        "lanes": "2",
        "lit": "yes",
        "maxspeed": "60",
        "name": "проспект Ленина",
        "name:etymology:wikidata": "Q1394",
        "oneway": "yes",
        "surface": "asphalt"
      },
      "geometry": {
        "type": "LineString",
        "coordinates": [
          [
            86.6412559,
            53.8686231
          ],
          [
            86.6412515,
            53.8682677
          ],
          [
            86.6412547,
            53.8679591
          ],
          [
            86.6412684,
            53.8676282
          ],
          [
            86.6413069,
            53.8668372
          ]
        ]
      },
      "id": "way/438860188"
    },
    {
      "type": "Feature",
      "properties": {
        "@id": "way/438860189",
        "highway": "secondary",
        "junction": "roundabout",
        "lanes": "1",
        "oneway": "yes"
      },
      "geometry": {
        "type": "LineString",
        "coordinates": [
          [
            86.6096682,
            53.87723
          ],
          [
            86.6097494,
            53.8772346
          ],
          [
            86.6098226,
            53.8772559
          ],
          [
            86.6098781,
            53.8772912
          ],
          [
            86.6099086,
            53.8773359
          ]
        ]
      },
      "id": "way/438860189"
    },
    {
      "type": "Feature",
      "properties": {
        "@id": "way/438860190",
        "highway": "secondary",
        "junction": "roundabout",
        "lanes": "1",
        "oneway": "yes"
      },
      "geometry": {
        "type": "LineString",
        "coordinates": [
          [
            86.6099086,
            53.8773359
          ],
          [
            86.6099063,
            53.8773951
          ],
          [
            86.6098606,
            53.8774478
          ],
          [
            86.6097806,
            53.8774837
          ],
          [
            86.6096821,
            53.8774955
          ]
        ]
      },
      "id": "way/438860190"
    },
    {
      "type": "Feature",
      "properties": {
        "@id": "way/438860192",
        "access": "yes",
        "highway": "primary",
        "lanes": "2",
        "lit": "yes",
        "maxspeed": "60",
        "name": "проспект Ленина",
        "name:etymology:wikidata": "Q1394",
        "oneway": "yes",
        "surface": "asphalt"
      },
      "geometry": {
        "type": "LineString",
        "coordinates": [
          [
            86.6415697,
            53.8641299
          ],
          [
            86.6415648,
            53.865097
          ],
          [
            86.6415705,
            53.8652696
          ]
        ]
      },
      "id": "way/438860192"
    },
    {
      "type": "Feature",
      "properties": {
        "@id": "way/438860193",
        "highway": "primary",
        "maxspeed": "60",
        "name": "проспект Строителей"
      },
      "geometry": {
        "type": "LineString",
        "coordinates": [
          [
            86.630379,
            53.8610657
          ],
          [
            86.6289047,
            53.8629264
          ],
          [
            86.628694,
            53.8631817
          ]
        ]
      },
      "id": "way/438860193"
    },
    {
      "type": "Feature",
      "properties": {
        "@id": "way/438860195",
        "highway": "secondary",
        "lit": "no",
        "maxspeed": "60",
        "name": "улица Обручева"
      },
      "geometry": {
        "type": "LineString",
        "coordinates": [
          [
            86.628694,
            53.8631817
          ],
          [
            86.6281542,
            53.8630312
          ],
          [
            86.6278856,
            53.8629462
          ],
          [
            86.6257284,
            53.8622949
          ],
          [
            86.6236468,
            53.8617037
          ],
          [
            86.6234772,
            53.8616552
          ],
          [
            86.6212123,
            53.86103
          ],
          [
            86.6209385,
            53.860956
          ],
          [
            86.6183859,
            53.8602852
          ],
          [
            86.6179237,
            53.8602781
          ]
        ]
      },
      "id": "way/438860195"
    },
    {
      "type": "Feature",
      "properties": {
        "@id": "way/438860196",
        "highway": "secondary",
        "lit": "no",
        "maxspeed": "60",
        "name": "улица Обручева"
      },
      "geometry": {
        "type": "LineString",
        "coordinates": [
          [
            86.6565169,
            53.8655251
          ],
          [
            86.6564183,
            53.8654682
          ],
          [
            86.6561934,
            53.8653891
          ],
          [
            86.6543849,
            53.8654007
          ],
          [
            86.6526578,
            53.8654064
          ],
          [
            86.6502004,
            53.8654007
          ],
          [
            86.6496189,
            53.865395
          ],
          [
            86.64887,
            53.8653866
          ],
          [
            86.6474514,
            53.8653656
          ],
          [
            86.6465196,
            53.8653566
          ]
        ]
      },
      "id": "way/438860196"
    },
    {
      "type": "Feature",
      "properties": {
        "@id": "way/438860197",
        "highway": "secondary",
        "lit": "no",
        "maxspeed": "60",
        "name": "улица Обручева"
      },
      "geometry": {
        "type": "LineString",
        "coordinates": [
          [
            86.6415705,
            53.8652696
          ],
          [
            86.6413697,
            53.8652758
          ]
        ]
      },
      "id": "way/438860197"
    },
    {
      "type": "Feature",
      "properties": {
        "@id": "way/438860198",
        "highway": "secondary",
        "lit": "no;yes",
        "name": "улица Шишкина",
        "passing_places": "no"
      },
      "geometry": {
        "type": "LineString",
        "coordinates": [
          [
            86.6507074,
            53.8720622
          ],
          [
            86.6507027,
            53.8721901
          ],
          [
            86.6506671,
            53.8732217
          ],
          [
            86.6506677,
            53.8734697
          ],
          [
            86.650669,
            53.8740247
          ],
          [
            86.6506693,
            53.8741316
          ]
        ]
      },
      "id": "way/438860198"
    },
    {
      "type": "Feature",
      "properties": {
        "@id": "way/439685876",
        "cutting": "yes",
        "highway": "secondary",
        "lanes": "4",
        "surface": "asphalt"
      },
      "geometry": {
        "type": "LineString",
        "coordinates": [
          [
            86.6227261,
            53.87382
          ],
          [
            86.6219482,
            53.8736302
          ]
        ]
      },
      "id": "way/439685876"
    },
    {
      "type": "Feature",
      "properties": {
        "@id": "way/439685883",
        "access": "yes",
        "highway": "primary",
        "lit": "yes",
        "maxspeed": "60",
        "name": "Ноградская улица",
        "surface": "asphalt"
      },
      "geometry": {
        "type": "LineString",
        "coordinates": [
          [
            86.6295831,
            53.8744863
          ],
          [
            86.6297119,
            53.8744674
          ],
          [
            86.6305787,
            53.8743532
          ]
        ]
      },
      "id": "way/439685883"
    },
    {
      "type": "Feature",
      "properties": {
        "@id": "way/439685887",
        "access": "yes",
        "highway": "primary",
        "lit": "yes",
        "maxspeed": "60",
        "name": "Ноградская улица",
        "surface": "asphalt"
      },
      "geometry": {
        "type": "LineString",
        "coordinates": [
          [
            86.6291329,
            53.8745536
          ],
          [
            86.6294213,
            53.8745115
          ]
        ]
      },
      "id": "way/439685887"
    },
    {
      "type": "Feature",
      "properties": {
        "@id": "way/439685889",
        "access": "yes",
        "highway": "primary",
        "lit": "yes",
        "maxspeed": "60",
        "name": "Ноградская улица",
        "surface": "asphalt"
      },
      "geometry": {
        "type": "LineString",
        "coordinates": [
          [
            86.631526,
            53.874268
          ],
          [
            86.6338179,
            53.8740864
          ]
        ]
      },
      "id": "way/439685889"
    },
    {
      "type": "Feature",
      "properties": {
        "@id": "way/439685892",
        "access": "yes",
        "highway": "primary",
        "lit": "yes",
        "maxspeed": "60",
        "name": "Ноградская улица",
        "surface": "asphalt"
      },
      "geometry": {
        "type": "LineString",
        "coordinates": [
          [
            86.6404382,
            53.8740325
          ],
          [
            86.6409512,
            53.8740409
          ],
          [
            86.6412897,
            53.8740349
          ]
        ]
      },
      "id": "way/439685892"
    },
    {
      "type": "Feature",
      "properties": {
        "@id": "way/439685895",
        "access": "yes",
        "highway": "primary",
        "lanes": "4",
        "lit": "yes",
        "maxspeed": "60",
        "name": "Ноградская улица",
        "shoulder": "no",
        "sidewalk": "both",
        "surface": "asphalt"
      },
      "geometry": {
        "type": "LineString",
        "coordinates": [
          [
            86.6429449,
            53.8740401
          ],
          [
            86.6438523,
            53.8740638
          ]
        ]
      },
      "id": "way/439685895"
    },
    {
      "type": "Feature",
      "properties": {
        "@id": "way/439687944",
        "highway": "primary",
        "maxspeed": "60",
        "name": "проспект Строителей"
      },
      "geometry": {
        "type": "LineString",
        "coordinates": [
          [
            86.6271065,
            53.8650949
          ],
          [
            86.6265331,
            53.8657967
          ],
          [
            86.6262169,
            53.8661898
          ],
          [
            86.625585,
            53.8669717
          ]
        ]
      },
      "id": "way/439687944"
    },
    {
      "type": "Feature",
      "properties": {
        "@id": "way/439687945",
        "highway": "primary",
        "lanes": "4",
        "maxspeed": "60",
        "name": "проспект Строителей",
        "surface": "asphalt"
      },
      "geometry": {
        "type": "LineString",
        "coordinates": [
          [
            86.623778,
            53.8691816
          ],
          [
            86.6237176,
            53.8692537
          ],
          [
            86.6222179,
            53.8711013
          ],
          [
            86.6220525,
            53.8713169
          ],
          [
            86.6220343,
            53.8713394
          ],
          [
            86.6216146,
            53.8718922
          ]
        ]
      },
      "id": "way/439687945"
    },
    {
      "type": "Feature",
      "properties": {
        "@id": "way/439889285",
        "highway": "secondary",
        "lit": "no",
        "passing_places": "no"
      },
      "geometry": {
        "type": "LineString",
        "coordinates": [
          [
            86.6337377,
            53.8577163
          ],
          [
            86.6354007,
            53.8556925
          ]
        ]
      },
      "id": "way/439889285"
    },
    {
      "type": "Feature",
      "properties": {
        "@id": "way/439889286",
        "highway": "secondary",
        "lit": "no",
        "passing_places": "no"
      },
      "geometry": {
        "type": "LineString",
        "coordinates": [
          [
            86.6354007,
            53.8556925
          ],
          [
            86.6354551,
            53.8556247
          ],
          [
            86.6359989,
            53.8549484
          ],
          [
            86.6367577,
            53.8540172
          ],
          [
            86.6375508,
            53.8530226
          ],
          [
            86.6380074,
            53.8524478
          ],
          [
            86.6390607,
            53.8512261
          ],
          [
            86.6392212,
            53.8510481
          ],
          [
            86.6394013,
            53.8508827
          ],
          [
            86.6395515,
            53.8507435
          ],
          [
            86.6397151,
            53.8506565
          ],
          [
            86.6398868,
            53.8505805
          ],
          [
            86.6401389,
            53.8505093
          ],
          [
            86.6407692,
            53.8503036
          ],
          [
            86.6413003,
            53.8501407
          ],
          [
            86.6415968,
            53.850049
          ]
        ]
      },
      "id": "way/439889286"
    },
    {
      "type": "Feature",
      "properties": {
        "@id": "way/440134179",
        "highway": "primary",
        "lanes": "4",
        "maxspeed": "60",
        "name": "проспект Строителей",
        "surface": "asphalt"
      },
      "geometry": {
        "type": "LineString",
        "coordinates": [
          [
            86.6202517,
            53.875063
          ],
          [
            86.620167,
            53.8774136
          ]
        ]
      },
      "id": "way/440134179"
    },
    {
      "type": "Feature",
      "properties": {
        "@id": "way/440134282",
        "highway": "primary",
        "lanes": "4",
        "maxspeed": "60",
        "name": "проспект Строителей",
        "surface": "asphalt"
      },
      "geometry": {
        "type": "LineString",
        "coordinates": [
          [
            86.6201131,
            53.8796849
          ],
          [
            86.6200654,
            53.8805185
          ],
          [
            86.6200594,
            53.8823681
          ]
        ]
      },
      "id": "way/440134282"
    },
    {
      "type": "Feature",
      "properties": {
        "@id": "way/440389858",
        "highway": "primary",
        "lit": "yes",
        "oneway": "yes"
      },
      "geometry": {
        "type": "LineString",
        "coordinates": [
          [
            86.6412897,
            53.8740349
          ],
          [
            86.641201,
            53.8739283
          ],
          [
            86.6411947,
            53.8738009
          ],
          [
            86.6412223,
            53.8728884
          ],
          [
            86.6412351,
            53.8721622
          ]
        ]
      },
      "id": "way/440389858"
    },
    {
      "type": "Feature",
      "properties": {
        "@id": "way/440389859",
        "access": "yes",
        "highway": "primary",
        "lanes": "2",
        "lit": "yes",
        "maxspeed": "60",
        "name": "проспект Ленина",
        "name:etymology:wikidata": "Q1394",
        "oneway": "yes",
        "surface": "asphalt"
      },
      "geometry": {
        "type": "LineString",
        "coordinates": [
          [
            86.6416323,
            53.8620734
          ],
          [
            86.6416354,
            53.862855
          ]
        ]
      },
      "id": "way/440389859"
    },
    {
      "type": "Feature",
      "properties": {
        "@id": "way/440389860",
        "access": "yes",
        "highway": "primary",
        "lanes": "2",
        "lit": "yes",
        "maxspeed": "60",
        "name": "проспект Ленина",
        "name:etymology:wikidata": "Q1394",
        "oneway": "yes",
        "surface": "asphalt"
      },
      "geometry": {
        "type": "LineString",
        "coordinates": [
          [
            86.6415219,
            53.8668308
          ],
          [
            86.641507,
            53.8676326
          ]
        ]
      },
      "id": "way/440389860"
    },
    {
      "type": "Feature",
      "properties": {
        "@id": "way/440389862",
        "access": "yes",
        "highway": "primary",
        "lanes": "2",
        "lit": "yes",
        "maxspeed": "60",
        "name": "проспект Ленина",
        "name:etymology:wikidata": "Q1394",
        "oneway": "yes",
        "surface": "asphalt"
      },
      "geometry": {
        "type": "LineString",
        "coordinates": [
          [
            86.6416354,
            53.862855
          ],
          [
            86.6415847,
            53.8639633
          ],
          [
            86.6415697,
            53.8641299
          ]
        ]
      },
      "id": "way/440389862"
    },
    {
      "type": "Feature",
      "properties": {
        "@id": "way/440389863",
        "access": "yes",
        "highway": "primary",
        "lanes": "2",
        "lit": "yes",
        "maxspeed": "60",
        "name": "проспект Ленина",
        "name:etymology:wikidata": "Q1394",
        "oneway": "yes",
        "surface": "asphalt"
      },
      "geometry": {
        "type": "LineString",
        "coordinates": [
          [
            86.6414461,
            53.8697186
          ],
          [
            86.6414232,
            53.8709305
          ],
          [
            86.6414179,
            53.8712668
          ],
          [
            86.6414116,
            53.8716654
          ],
          [
            86.6414115,
            53.8718066
          ],
          [
            86.6414184,
            53.871909
          ],
          [
            86.6414192,
            53.8720201
          ],
          [
            86.6414122,
            53.8721647
          ]
        ]
      },
      "id": "way/440389863"
    },
    {
      "type": "Feature",
      "properties": {
        "@id": "way/440389864",
        "access": "yes",
        "highway": "primary",
        "lanes": "2",
        "lit": "yes",
        "maxspeed": "60",
        "name": "проспект Ленина",
        "name:etymology:wikidata": "Q1394",
        "oneway": "yes",
        "surface": "asphalt"
      },
      "geometry": {
        "type": "LineString",
        "coordinates": [
          [
            86.6413069,
            53.8668372
          ],
          [
            86.6413622,
            53.8654358
          ],
          [
            86.6413697,
            53.8652758
          ]
        ]
      },
      "id": "way/440389864"
    },
    {
      "type": "Feature",
      "properties": {
        "@id": "way/440389865",
        "access": "yes",
        "highway": "primary",
        "lanes": "2",
        "lit": "yes",
        "maxspeed": "60",
        "name": "проспект Ленина",
        "name:etymology:wikidata": "Q1394",
        "oneway": "yes",
        "surface": "asphalt"
      },
      "geometry": {
        "type": "LineString",
        "coordinates": [
          [
            86.6415705,
            53.8652696
          ],
          [
            86.6415599,
            53.8654382
          ],
          [
            86.6415545,
            53.8656402
          ],
          [
            86.6415219,
            53.8668308
          ]
        ]
      },
      "id": "way/440389865"
    },
    {
      "type": "Feature",
      "properties": {
        "@id": "way/440518422",
        "highway": "secondary",
        "lit": "no",
        "name": "Институтская улица",
        "oneway": "yes"
      },
      "geometry": {
        "type": "LineString",
        "coordinates": [
          [
            86.6461009,
            53.8719174
          ],
          [
            86.6461098,
            53.8717461
          ],
          [
            86.6461117,
            53.8714166
          ],
          [
            86.6461247,
            53.8705683
          ],
          [
            86.6461223,
            53.8704213
          ],
          [
            86.6461179,
            53.8699302
          ]
        ]
      },
      "id": "way/440518422"
    },
    {
      "type": "Feature",
      "properties": {
        "@id": "way/440518430",
        "highway": "secondary",
        "lit": "yes",
        "maxspeed": "60",
        "name": "проспект Гагарина",
        "oneway": "yes"
      },
      "geometry": {
        "type": "LineString",
        "coordinates": [
          [
            86.6565034,
            53.8719211
          ],
          [
            86.6572401,
            53.8719242
          ],
          [
            86.6576242,
            53.8719241
          ],
          [
            86.6588459,
            53.8719342
          ]
        ]
      },
      "id": "way/440518430"
    },
    {
      "type": "Feature",
      "properties": {
        "@id": "way/440518431",
        "highway": "secondary",
        "lit": "yes",
        "maxspeed": "60",
        "name": "Проспект Гагарина",
        "oneway": "yes"
      },
      "geometry": {
        "type": "LineString",
        "coordinates": [
          [
            86.6559558,
            53.8720782
          ],
          [
            86.655642,
            53.8720765
          ],
          [
            86.6526724,
            53.8720681
          ],
          [
            86.6507074,
            53.8720622
          ],
          [
            86.6464519,
            53.8720494
          ],
          [
            86.6462707,
            53.8720511
          ],
          [
            86.6462273,
            53.8720516
          ],
          [
            86.6460998,
            53.8720529
          ],
          [
            86.6453353,
            53.8720423
          ],
          [
            86.6417258,
            53.8720215
          ],
          [
            86.6416665,
            53.8720204
          ],
          [
            86.6414192,
            53.8720201
          ],
          [
            86.6412091,
            53.8720213
          ],
          [
            86.6411438,
            53.8719761
          ]
        ]
      },
      "id": "way/440518431"
    },
    {
      "type": "Feature",
      "properties": {
        "@id": "way/440518432",
        "highway": "secondary",
        "lit": "yes",
        "maxspeed": "60",
        "name": "Проспект Гагарина",
        "oneway": "yes"
      },
      "geometry": {
        "type": "LineString",
        "coordinates": [
          [
            86.6411438,
            53.8719761
          ],
          [
            86.6412127,
            53.8719128
          ],
          [
            86.6414184,
            53.871909
          ],
          [
            86.6416679,
            53.8719105
          ],
          [
            86.6418643,
            53.8719102
          ],
          [
            86.6461009,
            53.8719174
          ],
          [
            86.6462231,
            53.87191
          ],
          [
            86.6462642,
            53.8719075
          ],
          [
            86.6463245,
            53.8719038
          ],
          [
            86.6463714,
            53.8719009
          ],
          [
            86.6464601,
            53.8718957
          ],
          [
            86.6507103,
            53.8719164
          ],
          [
            86.6532549,
            53.871922
          ],
          [
            86.653941,
            53.8719207
          ],
          [
            86.6550084,
            53.871919
          ],
          [
            86.6565034,
            53.8719211
          ]
        ]
      },
      "id": "way/440518432"
    },
    {
      "type": "Feature",
      "properties": {
        "@id": "way/446022620",
        "access": "yes",
        "highway": "primary",
        "lit": "yes",
        "maxspeed": "60",
        "name": "Ноградская улица",
        "surface": "asphalt"
      },
      "geometry": {
        "type": "LineString",
        "coordinates": [
          [
            86.6346858,
            53.8740405
          ],
          [
            86.6348843,
            53.8740365
          ],
          [
            86.6352246,
            53.8740381
          ],
          [
            86.6355953,
            53.8740585
          ]
        ]
      },
      "id": "way/446022620"
    },
    {
      "type": "Feature",
      "properties": {
        "@id": "way/446022705",
        "access": "yes",
        "highway": "primary",
        "lit": "yes",
        "maxspeed": "60",
        "name": "Ноградская улица",
        "surface": "asphalt"
      },
      "geometry": {
        "type": "LineString",
        "coordinates": [
          [
            86.6338179,
            53.8740864
          ],
          [
            86.6346858,
            53.8740405
          ]
        ]
      },
      "id": "way/446022705"
    },
    {
      "type": "Feature",
      "properties": {
        "@id": "way/446022707",
        "access": "yes",
        "highway": "primary",
        "lit": "yes",
        "maxspeed": "60",
        "name": "Ноградская улица",
        "surface": "asphalt"
      },
      "geometry": {
        "type": "LineString",
        "coordinates": [
          [
            86.6305787,
            53.8743532
          ],
          [
            86.631526,
            53.874268
          ]
        ]
      },
      "id": "way/446022707"
    },
    {
      "type": "Feature",
      "properties": {
        "@id": "way/446023851",
        "access": "yes",
        "highway": "primary",
        "lit": "yes",
        "maxspeed": "60",
        "name": "Ноградская улица",
        "surface": "asphalt"
      },
      "geometry": {
        "type": "LineString",
        "coordinates": [
          [
            86.6355953,
            53.8740585
          ],
          [
            86.635802,
            53.8740723
          ]
        ]
      },
      "id": "way/446023851"
    },
    {
      "type": "Feature",
      "properties": {
        "@id": "way/446023891",
        "access": "yes",
        "highway": "primary",
        "lit": "yes",
        "maxspeed": "60",
        "name": "Ноградская улица",
        "surface": "asphalt"
      },
      "geometry": {
        "type": "LineString",
        "coordinates": [
          [
            86.6376412,
            53.8741245
          ],
          [
            86.6385564,
            53.8740537
          ]
        ]
      },
      "id": "way/446023891"
    },
    {
      "type": "Feature",
      "properties": {
        "@id": "way/451806402",
        "highway": "primary",
        "lanes": "4",
        "maxspeed": "60",
        "name": "проспект Строителей",
        "surface": "asphalt"
      },
      "geometry": {
        "type": "LineString",
        "coordinates": [
          [
            86.6200594,
            53.8823681
          ],
          [
            86.6200485,
            53.8829213
          ],
          [
            86.6200543,
            53.8835867
          ]
        ]
      },
      "id": "way/451806402"
    },
    {
      "type": "Feature",
      "properties": {
        "@id": "way/452572050",
        "access": "yes",
        "highway": "primary",
        "lit": "yes",
        "maxspeed": "60",
        "name": "Ноградская улица",
        "surface": "asphalt"
      },
      "geometry": {
        "type": "LineString",
        "coordinates": [
          [
            86.635802,
            53.8740723
          ],
          [
            86.6365635,
            53.8741378
          ],
          [
            86.637264,
            53.8741551
          ],
          [
            86.6376412,
            53.8741245
          ]
        ]
      },
      "id": "way/452572050"
    },
    {
      "type": "Feature",
      "properties": {
        "@id": "way/457472526",
        "highway": "secondary",
        "lit": "no",
        "name": "улица Яворского"
      },
      "geometry": {
        "type": "LineString",
        "coordinates": [
          [
            86.6565153,
            53.8699441
          ],
          [
            86.6559396,
            53.8699438
          ],
          [
            86.6544359,
            53.8699399
          ],
          [
            86.6531052,
            53.8699483
          ],
          [
            86.6522194,
            53.8699454
          ],
          [
            86.6520683,
            53.8699439
          ],
          [
            86.6519528,
            53.8699428
          ],
          [
            86.6515032,
            53.8699385
          ],
          [
            86.6510585,
            53.8699342
          ],
          [
            86.6507128,
            53.8699383
          ]
        ]
      },
      "id": "way/457472526"
    },
    {
      "type": "Feature",
      "properties": {
        "@id": "way/457472532",
        "highway": "secondary",
        "lit": "no",
        "maxspeed": "60",
        "name": "улица Обручева"
      },
      "geometry": {
        "type": "LineString",
        "coordinates": [
          [
            86.6465196,
            53.8653566
          ],
          [
            86.6463128,
            53.8653395
          ],
          [
            86.6462702,
            53.8653362
          ],
          [
            86.6461678,
            53.8653277
          ],
          [
            86.6458793,
            53.8653241
          ],
          [
            86.6458332,
            53.8653235
          ],
          [
            86.644576,
            53.8653076
          ],
          [
            86.643922,
            53.8652993
          ],
          [
            86.6422443,
            53.8652781
          ],
          [
            86.6417935,
            53.8652724
          ],
          [
            86.6415705,
            53.8652696
          ]
        ]
      },
      "id": "way/457472532"
    },
    {
      "type": "Feature",
      "properties": {
        "@id": "way/462445483",
        "highway": "secondary",
        "name": "проспект Гагарина"
      },
      "geometry": {
        "type": "LineString",
        "coordinates": [
          [
            86.6366417,
            53.8719293
          ],
          [
            86.6364295,
            53.8719255
          ],
          [
            86.6359536,
            53.8719174
          ],
          [
            86.6355813,
            53.8719148
          ],
          [
            86.6354831,
            53.8719093
          ]
        ]
      },
      "id": "way/462445483"
    },
    {
      "type": "Feature",
      "properties": {
        "@id": "way/471361205",
        "highway": "secondary",
        "name": "Главная улица"
      },
      "geometry": {
        "type": "LineString",
        "coordinates": [
          [
            86.7860655,
            53.8117795
          ],
          [
            86.7859964,
            53.8117749
          ],
          [
            86.7857144,
            53.8117563
          ],
          [
            86.7853225,
            53.8117341
          ],
          [
            86.7849845,
            53.8117339
          ],
          [
            86.7848254,
            53.8117442
          ],
          [
            86.7846688,
            53.8117792
          ],
          [
            86.784392,
            53.8118912
          ],
          [
            86.7840607,
            53.8120777
          ],
          [
            86.7837418,
            53.8122817
          ],
          [
            86.7835902,
            53.8123441
          ],
          [
            86.7835267,
            53.8123703
          ],
          [
            86.7832679,
            53.8123721
          ],
          [
            86.7832268,
            53.812361
          ],
          [
            86.7831661,
            53.8123445
          ],
          [
            86.7830364,
            53.8123094
          ],
          [
            86.7828511,
            53.8121728
          ],
          [
            86.7826714,
            53.8120308
          ],
          [
            86.7825987,
            53.8119994
          ],
          [
            86.7823667,
            53.8118993
          ],
          [
            86.7820366,
            53.8118164
          ],
          [
            86.7813147,
            53.8116974
          ],
          [
            86.7806653,
            53.8116262
          ],
          [
            86.7805527,
            53.811618
          ],
          [
            86.7790115,
            53.811497
          ],
          [
            86.7786675,
            53.8114811
          ],
          [
            86.7777442,
            53.8114384
          ]
        ]
      },
      "id": "way/471361205"
    },
    {
      "type": "Feature",
      "properties": {
        "@id": "way/471361206",
        "bridge": "yes",
        "highway": "secondary",
        "layer": "1",
        "name": "Главная улица"
      },
      "geometry": {
        "type": "LineString",
        "coordinates": [
          [
            86.786732,
            53.8118272
          ],
          [
            86.7860655,
            53.8117795
          ]
        ]
      },
      "id": "way/471361206"
    },
    {
      "type": "Feature",
      "properties": {
        "@id": "way/474947104",
        "highway": "secondary",
        "name": "Российская улица",
        "name:etymology:wikidata": "Q159"
      },
      "geometry": {
        "type": "LineString",
        "coordinates": [
          [
            86.7547683,
            53.8673893
          ],
          [
            86.7550354,
            53.8673727
          ],
          [
            86.7553136,
            53.8673778
          ],
          [
            86.755441,
            53.867401
          ],
          [
            86.7556837,
            53.8674876
          ],
          [
            86.755769,
            53.8675052
          ],
          [
            86.7558612,
            53.867514
          ],
          [
            86.7585148,
            53.8676429
          ],
          [
            86.759595,
            53.8676998
          ],
          [
            86.7609618,
            53.8677693
          ]
        ]
      },
      "id": "way/474947104"
    },
    {
      "type": "Feature",
      "properties": {
        "@id": "way/486004910",
        "cutting": "yes",
        "highway": "secondary",
        "lanes": "2",
        "surface": "asphalt"
      },
      "geometry": {
        "type": "LineString",
        "coordinates": [
          [
            86.6190892,
            53.8728441
          ],
          [
            86.6183977,
            53.872651
          ]
        ]
      },
      "id": "way/486004910"
    },
    {
      "type": "Feature",
      "properties": {
        "@id": "way/508303955",
        "highway": "primary",
        "maxspeed": "60",
        "name": "проспект Строителей"
      },
      "geometry": {
        "type": "LineString",
        "coordinates": [
          [
            86.6276173,
            53.8644986
          ],
          [
            86.6271065,
            53.8650949
          ]
        ]
      },
      "id": "way/508303955"
    },
    {
      "type": "Feature",
      "properties": {
        "@id": "way/513489405",
        "access": "yes",
        "highway": "primary",
        "lanes": "4",
        "lit": "yes",
        "maxspeed": "60",
        "name": "Ноградская улица",
        "shoulder": "both",
        "sidewalk": "both",
        "surface": "asphalt"
      },
      "geometry": {
        "type": "LineString",
        "coordinates": [
          [
            86.6438523,
            53.8740638
          ],
          [
            86.6453437,
            53.8740798
          ],
          [
            86.6454002,
            53.8740806
          ],
          [
            86.6457307,
            53.8740857
          ],
          [
            86.6460722,
            53.8740925
          ],
          [
            86.6462204,
            53.8740942
          ],
          [
            86.6462765,
            53.8740951
          ],
          [
            86.6463931,
            53.8740964
          ]
        ]
      },
      "id": "way/513489405"
    },
    {
      "type": "Feature",
      "properties": {
        "@id": "way/523171920",
        "highway": "secondary",
        "lit": "no",
        "name": "улица Морозовой"
      },
      "geometry": {
        "type": "LineString",
        "coordinates": [
          [
            86.6743199,
            53.9141764
          ],
          [
            86.6743683,
            53.9142617
          ],
          [
            86.6744462,
            53.914343
          ],
          [
            86.6746128,
            53.9144629
          ],
          [
            86.6748983,
            53.9146094
          ],
          [
            86.6753166,
            53.9148277
          ],
          [
            86.676137,
            53.9152644
          ],
          [
            86.6777779,
            53.9161283
          ],
          [
            86.6780597,
            53.9162581
          ],
          [
            86.6783669,
            53.9163863
          ],
          [
            86.6791229,
            53.9166781
          ],
          [
            86.6803752,
            53.9171352
          ],
          [
            86.6812407,
            53.917426
          ],
          [
            86.6813662,
            53.9174684
          ],
          [
            86.6820588,
            53.9177132
          ],
          [
            86.6830722,
            53.9180552
          ],
          [
            86.6842135,
            53.9183908
          ],
          [
            86.6847602,
            53.9185211
          ],
          [
            86.6852072,
            53.9185994
          ],
          [
            86.6857744,
            53.9186838
          ],
          [
            86.686005,
            53.9187457
          ],
          [
            86.6863651,
            53.9188515
          ],
          [
            86.6867499,
            53.9189973
          ],
          [
            86.6874855,
            53.9192599
          ],
          [
            86.6899749,
            53.9199404
          ],
          [
            86.6904368,
            53.9200389
          ],
          [
            86.6907698,
            53.920067
          ],
          [
            86.6911415,
            53.9200717
          ],
          [
            86.6916567,
            53.9200567
          ],
          [
            86.6933927,
            53.9199532
          ],
          [
            86.6938742,
            53.9199328
          ],
          [
            86.6942552,
            53.9199377
          ],
          [
            86.6946126,
            53.9199738
          ],
          [
            86.6961269,
            53.9202001
          ],
          [
            86.6968412,
            53.9202786
          ],
          [
            86.6972171,
            53.9203055
          ],
          [
            86.6976176,
            53.9203214
          ],
          [
            86.6981148,
            53.9203287
          ],
          [
            86.6988884,
            53.9203066
          ],
          [
            86.6996819,
            53.920289
          ],
          [
            86.7000834,
            53.9202881
          ],
          [
            86.7007683,
            53.9203168
          ],
          [
            86.7015047,
            53.9203676
          ],
          [
            86.7022088,
            53.9204248
          ],
          [
            86.7035571,
            53.9205355
          ],
          [
            86.7052508,
            53.9207281
          ],
          [
            86.7061257,
            53.9208396
          ],
          [
            86.7069701,
            53.9209295
          ],
          [
            86.7080082,
            53.9210334
          ],
          [
            86.7087089,
            53.9211271
          ],
          [
            86.7092363,
            53.9212253
          ],
          [
            86.7100579,
            53.9214007
          ],
          [
            86.7135473,
            53.922164
          ]
        ]
      },
      "id": "way/523171920"
    },
    {
      "type": "Feature",
      "properties": {
        "@id": "way/539594116",
        "highway": "primary",
        "lanes": "4",
        "maxspeed": "60",
        "name": "проспект Строителей",
        "surface": "asphalt"
      },
      "geometry": {
        "type": "LineString",
        "coordinates": [
          [
            86.6200543,
            53.8835867
          ],
          [
            86.6200895,
            53.884626
          ]
        ]
      },
      "id": "way/539594116"
    },
    {
      "type": "Feature",
      "properties": {
        "@id": "way/564849725",
        "access": "yes",
        "highway": "primary",
        "lit": "yes",
        "maxspeed": "60",
        "name": "Ноградская улица",
        "surface": "asphalt"
      },
      "geometry": {
        "type": "LineString",
        "coordinates": [
          [
            86.6385564,
            53.8740537
          ],
          [
            86.6386541,
            53.8740523
          ]
        ]
      },
      "id": "way/564849725"
    },
    {
      "type": "Feature",
      "properties": {
        "@id": "way/570118231",
        "highway": "secondary",
        "lit": "yes",
        "maxspeed": "60",
        "name": "улица Есенина"
      },
      "geometry": {
        "type": "LineString",
        "coordinates": [
          [
            86.6176722,
            53.8597647
          ],
          [
            86.6173899,
            53.8590942
          ],
          [
            86.6172986,
            53.858857
          ],
          [
            86.6172361,
            53.8586666
          ],
          [
            86.6172091,
            53.8586029
          ],
          [
            86.6171871,
            53.8585182
          ],
          [
            86.6171803,
            53.8584335
          ],
          [
            86.6171753,
            53.8583438
          ],
          [
            86.6171753,
            53.8582381
          ],
          [
            86.6171803,
            53.8581305
          ],
          [
            86.6172141,
            53.8580289
          ],
          [
            86.6172614,
            53.8579083
          ],
          [
            86.6173155,
            53.8578026
          ],
          [
            86.6175574,
            53.8574088
          ],
          [
            86.6179812,
            53.8568282
          ],
          [
            86.6180505,
            53.8567303
          ]
        ]
      },
      "id": "way/570118231"
    },
    {
      "type": "Feature",
      "properties": {
        "@id": "way/586163823",
        "highway": "secondary"
      },
      "geometry": {
        "type": "LineString",
        "coordinates": [
          [
            86.746568,
            53.8762906
          ],
          [
            86.746753,
            53.8760319
          ]
        ]
      },
      "id": "way/586163823"
    },
    {
      "type": "Feature",
      "properties": {
        "@id": "way/587380875",
        "cutting": "yes",
        "highway": "secondary",
        "lanes": "2",
        "surface": "asphalt"
      },
      "geometry": {
        "type": "LineString",
        "coordinates": [
          [
            86.619921,
            53.8730852
          ],
          [
            86.6197913,
            53.8730469
          ],
          [
            86.6196499,
            53.873005
          ]
        ]
      },
      "id": "way/587380875"
    },
    {
      "type": "Feature",
      "properties": {
        "@id": "way/587380876",
        "cutting": "yes",
        "highway": "secondary",
        "lanes": "2",
        "surface": "asphalt"
      },
      "geometry": {
        "type": "LineString",
        "coordinates": [
          [
            86.6196499,
            53.873005
          ],
          [
            86.6190892,
            53.8728441
          ]
        ]
      },
      "id": "way/587380876"
    },
    {
      "type": "Feature",
      "properties": {
        "@id": "way/589587814",
        "access": "yes",
        "highway": "primary",
        "lit": "yes",
        "maxspeed": "60",
        "name": "Ноградская улица",
        "surface": "asphalt"
      },
      "geometry": {
        "type": "LineString",
        "coordinates": [
          [
            86.628092,
            53.8746943
          ],
          [
            86.6288963,
            53.8745866
          ]
        ]
      },
      "id": "way/589587814"
    },
    {
      "type": "Feature",
      "properties": {
        "@id": "way/589587815",
        "access": "yes",
        "highway": "primary",
        "lit": "yes",
        "maxspeed": "60",
        "name": "Ноградская улица",
        "surface": "asphalt"
      },
      "geometry": {
        "type": "LineString",
        "coordinates": [
          [
            86.6294213,
            53.8745115
          ],
          [
            86.6295831,
            53.8744863
          ]
        ]
      },
      "id": "way/589587815"
    },
    {
      "type": "Feature",
      "properties": {
        "@id": "way/589587816",
        "access": "yes",
        "highway": "primary",
        "lit": "yes",
        "maxspeed": "60",
        "name": "Ноградская улица",
        "surface": "asphalt"
      },
      "geometry": {
        "type": "LineString",
        "coordinates": [
          [
            86.6288963,
            53.8745866
          ],
          [
            86.6291329,
            53.8745536
          ]
        ]
      },
      "id": "way/589587816"
    },
    {
      "type": "Feature",
      "properties": {
        "@id": "way/589587817",
        "access": "yes",
        "highway": "primary",
        "lit": "yes",
        "maxspeed": "60",
        "name": "Ноградская улица",
        "surface": "asphalt"
      },
      "geometry": {
        "type": "LineString",
        "coordinates": [
          [
            86.626963,
            53.8748331
          ],
          [
            86.6271278,
            53.8748125
          ],
          [
            86.6273248,
            53.8747861
          ]
        ]
      },
      "id": "way/589587817"
    },
    {
      "type": "Feature",
      "properties": {
        "@id": "way/595082277",
        "highway": "secondary",
        "name": "Осиновская улица"
      },
      "geometry": {
        "type": "LineString",
        "coordinates": [
          [
            86.7601542,
            53.8557358
          ],
          [
            86.7594002,
            53.8569364
          ],
          [
            86.7593195,
            53.8570667
          ],
          [
            86.7592763,
            53.8571846
          ],
          [
            86.7592552,
            53.857274
          ],
          [
            86.7592328,
            53.8574403
          ],
          [
            86.7591139,
            53.8583099
          ],
          [
            86.759126,
            53.858392
          ],
          [
            86.7591899,
            53.8585012
          ],
          [
            86.7592836,
            53.8585991
          ],
          [
            86.760217,
            53.8594013
          ],
          [
            86.7610615,
            53.8603603
          ],
          [
            86.761179,
            53.8605078
          ],
          [
            86.7612112,
            53.8605789
          ],
          [
            86.7612465,
            53.8606933
          ]
        ]
      },
      "id": "way/595082277"
    },
    {
      "type": "Feature",
      "properties": {
        "@id": "way/595082300",
        "highway": "secondary",
        "name": "Монгольский переулок"
      },
      "geometry": {
        "type": "LineString",
        "coordinates": [
          [
            86.7653621,
            53.8453181
          ],
          [
            86.7625868,
            53.8475911
          ],
          [
            86.7621678,
            53.8480596
          ],
          [
            86.7619206,
            53.8484753
          ],
          [
            86.7618278,
            53.8487002
          ],
          [
            86.7617625,
            53.8488568
          ],
          [
            86.7616948,
            53.8493347
          ],
          [
            86.7617499,
            53.8499968
          ],
          [
            86.7618701,
            53.8507213
          ],
          [
            86.762032,
            53.8513497
          ],
          [
            86.7621125,
            53.8519876
          ],
          [
            86.7621082,
            53.8522397
          ],
          [
            86.7620823,
            53.8523868
          ],
          [
            86.7620629,
            53.8525197
          ],
          [
            86.7620178,
            53.852706
          ],
          [
            86.7619476,
            53.8528882
          ],
          [
            86.7618263,
            53.8531362
          ],
          [
            86.7616204,
            53.8534905
          ],
          [
            86.7611662,
            53.8541814
          ],
          [
            86.7601542,
            53.8557358
          ]
        ]
      },
      "id": "way/595082300"
    },
    {
      "type": "Feature",
      "properties": {
        "@id": "way/595415017",
        "highway": "primary",
        "lanes": "2",
        "name": "Пионерская улица",
        "old_ref": "32К-2"
      },
      "geometry": {
        "type": "LineString",
        "coordinates": [
          [
            86.770044,
            53.8614192
          ],
          [
            86.7707377,
            53.8610941
          ],
          [
            86.7710957,
            53.860944
          ],
          [
            86.7713231,
            53.860851
          ],
          [
            86.7715711,
            53.8607882
          ],
          [
            86.7733268,
            53.8604015
          ],
          [
            86.7748682,
            53.8600752
          ],
          [
            86.7761738,
            53.8597179
          ],
          [
            86.7790658,
            53.8588557
          ],
          [
            86.780136,
            53.8586471
          ],
          [
            86.7804701,
            53.8585279
          ],
          [
            86.7808689,
            53.858291
          ]
        ]
      },
      "id": "way/595415017"
    },
    {
      "type": "Feature",
      "properties": {
        "@id": "way/597550615",
        "highway": "primary",
        "maxspeed": "60",
        "name": "проспект Строителей"
      },
      "geometry": {
        "type": "LineString",
        "coordinates": [
          [
            86.625585,
            53.8669717
          ],
          [
            86.6255184,
            53.8670373
          ],
          [
            86.623778,
            53.8691816
          ]
        ]
      },
      "id": "way/597550615"
    },
    {
      "type": "Feature",
      "properties": {
        "@id": "way/602309767",
        "highway": "secondary",
        "lanes": "2"
      },
      "geometry": {
        "type": "LineString",
        "coordinates": [
          [
            86.6385823,
            53.8719629
          ],
          [
            86.6409637,
            53.8720088
          ],
          [
            86.6411438,
            53.8719761
          ]
        ]
      },
      "id": "way/602309767"
    },
    {
      "type": "Feature",
      "properties": {
        "@id": "way/607300005",
        "highway": "secondary",
        "name": "Белово — Коновалово — Прокопьевск",
        "ref": "32К-1",
        "source": "GPS",
        "surface": "asphalt"
      },
      "geometry": {
        "type": "LineString",
        "coordinates": [
          [
            86.7764619,
            53.9509697
          ],
          [
            86.7768592,
            53.9512991
          ],
          [
            86.7772129,
            53.9515346
          ],
          [
            86.7775735,
            53.9517248
          ],
          [
            86.777987,
            53.951903
          ],
          [
            86.7799596,
            53.9526691
          ],
          [
            86.7822059,
            53.953553
          ],
          [
            86.7855611,
            53.9548627
          ],
          [
            86.794215,
            53.958205
          ],
          [
            86.7958482,
            53.9588578
          ],
          [
            86.797255,
            53.9594284
          ],
          [
            86.7976187,
            53.9596021
          ],
          [
            86.7979947,
            53.9598034
          ],
          [
            86.7985144,
            53.9601397
          ],
          [
            86.8008907,
            53.9617736
          ],
          [
            86.805743,
            53.965112
          ],
          [
            86.806822,
            53.965953
          ],
          [
            86.807368,
            53.9665205
          ],
          [
            86.8076705,
            53.9668879
          ],
          [
            86.8091113,
            53.9685727
          ],
          [
            86.8107265,
            53.9704335
          ],
          [
            86.81228,
            53.972217
          ],
          [
            86.8126095,
            53.9726201
          ],
          [
            86.812748,
            53.972863
          ],
          [
            86.8127837,
            53.9730992
          ],
          [
            86.812795,
            53.9733306
          ],
          [
            86.8127282,
            53.9736403
          ],
          [
            86.8125855,
            53.9740042
          ],
          [
            86.811967,
            53.9751838
          ],
          [
            86.811318,
            53.976422
          ],
          [
            86.8105072,
            53.9779595
          ],
          [
            86.810175,
            53.97869
          ],
          [
            86.809967,
            53.979189
          ],
          [
            86.80982,
            53.979688
          ],
          [
            86.8097582,
            53.9800709
          ],
          [
            86.8097533,
            53.980492
          ],
          [
            86.8098117,
            53.9808971
          ],
          [
            86.8099006,
            53.9813118
          ],
          [
            86.8101211,
            53.9820656
          ],
          [
            86.8103355,
            53.9828277
          ],
          [
            86.8107724,
            53.9843424
          ],
          [
            86.8123261,
            53.9892011
          ],
          [
            86.8128503,
            53.9909881
          ],
          [
            86.813092,
            53.99183
          ],
          [
            86.8132006,
            53.9922958
          ],
          [
            86.813232,
            53.99274
          ],
          [
            86.8132271,
            53.9929935
          ],
          [
            86.8132059,
            53.9932374
          ],
          [
            86.8131106,
            53.9937182
          ],
          [
            86.812954,
            53.9941091
          ],
          [
            86.8127466,
            53.9945156
          ],
          [
            86.8124163,
            53.995015
          ],
          [
            86.8120658,
            53.9954411
          ],
          [
            86.8116523,
            53.9959102
          ],
          [
            86.8112094,
            53.9963353
          ],
          [
            86.8105899,
            53.9967964
          ],
          [
            86.8098849,
            53.9972587
          ],
          [
            86.8051347,
            54.0000931
          ],
          [
            86.8049058,
            54.0002563
          ],
          [
            86.8048117,
            54.000352
          ],
          [
            86.804738,
            54.000443
          ],
          [
            86.8046796,
            54.000535
          ],
          [
            86.804649,
            54.0006527
          ],
          [
            86.8046719,
            54.0007888
          ],
          [
            86.8047183,
            54.0008895
          ],
          [
            86.8047932,
            54.0009915
          ],
          [
            86.8049794,
            54.0011689
          ],
          [
            86.806458,
            54.002462
          ],
          [
            86.807598,
            54.003165
          ],
          [
            86.809155,
            54.003928
          ],
          [
            86.8109216,
            54.0045829
          ],
          [
            86.811278,
            54.004715
          ],
          [
            86.8176443,
            54.0066452
          ],
          [
            86.8265592,
            54.0093711
          ]
        ]
      },
      "id": "way/607300005"
    },
    {
      "type": "Feature",
      "properties": {
        "@id": "way/608245798",
        "highway": "secondary",
        "oneway": "yes"
      },
      "geometry": {
        "type": "LineString",
        "coordinates": [
          [
            86.6460998,
            53.8720529
          ],
          [
            86.6461009,
            53.8719174
          ]
        ]
      },
      "id": "way/608245798"
    },
    {
      "type": "Feature",
      "properties": {
        "@id": "way/611160400",
        "access": "yes",
        "highway": "primary",
        "lit": "yes",
        "maxspeed": "60",
        "name": "Ноградская улица",
        "surface": "asphalt"
      },
      "geometry": {
        "type": "LineString",
        "coordinates": [
          [
            86.6386541,
            53.8740523
          ],
          [
            86.6392047,
            53.8740442
          ]
        ]
      },
      "id": "way/611160400"
    },
    {
      "type": "Feature",
      "properties": {
        "@id": "way/611160408",
        "access": "yes",
        "highway": "primary",
        "lit": "yes",
        "maxspeed": "60",
        "name": "Ноградская улица",
        "surface": "asphalt"
      },
      "geometry": {
        "type": "LineString",
        "coordinates": [
          [
            86.6392047,
            53.8740442
          ],
          [
            86.6396277,
            53.8740398
          ]
        ]
      },
      "id": "way/611160408"
    },
    {
      "type": "Feature",
      "properties": {
        "@id": "way/611160413",
        "access": "yes",
        "highway": "primary",
        "lit": "yes",
        "maxspeed": "60",
        "name": "Ноградская улица",
        "surface": "asphalt"
      },
      "geometry": {
        "type": "LineString",
        "coordinates": [
          [
            86.6396277,
            53.8740398
          ],
          [
            86.6400468,
            53.8740365
          ],
          [
            86.6404382,
            53.8740325
          ]
        ]
      },
      "id": "way/611160413"
    },
    {
      "type": "Feature",
      "properties": {
        "@id": "way/711586707",
        "highway": "secondary"
      },
      "geometry": {
        "type": "LineString",
        "coordinates": [
          [
            86.658103,
            53.8573007
          ],
          [
            86.6574204,
            53.8571596
          ],
          [
            86.6571454,
            53.8570855
          ],
          [
            86.6570491,
            53.8570491
          ],
          [
            86.6568158,
            53.8569257
          ],
          [
            86.656629,
            53.8567845
          ],
          [
            86.6560788,
            53.8563897
          ],
          [
            86.6557727,
            53.8562042
          ],
          [
            86.65542,
            53.8560214
          ],
          [
            86.6553882,
            53.8560074
          ],
          [
            86.6550144,
            53.8558427
          ],
          [
            86.6544222,
            53.8556512
          ],
          [
            86.6538249,
            53.8554504
          ],
          [
            86.6536389,
            53.8553766
          ],
          [
            86.6535317,
            53.8553341
          ],
          [
            86.6532514,
            53.8551885
          ],
          [
            86.6529148,
            53.854971
          ],
          [
            86.6525201,
            53.8546592
          ],
          [
            86.6522674,
            53.8544451
          ],
          [
            86.6522275,
            53.8544112
          ],
          [
            86.6519056,
            53.8541066
          ],
          [
            86.6516784,
            53.8538285
          ],
          [
            86.6515534,
            53.853577
          ],
          [
            86.65143,
            53.8531727
          ],
          [
            86.6513156,
            53.8528003
          ],
          [
            86.6511895,
            53.8525483
          ],
          [
            86.6510975,
            53.8524568
          ],
          [
            86.6509716,
            53.8523546
          ],
          [
            86.6507143,
            53.8522255
          ],
          [
            86.6503368,
            53.8520854
          ],
          [
            86.6498464,
            53.8519128
          ],
          [
            86.6492563,
            53.8517166
          ],
          [
            86.6490884,
            53.8516619
          ],
          [
            86.6485369,
            53.8514444
          ],
          [
            86.6481594,
            53.8512895
          ],
          [
            86.6479256,
            53.8511849
          ],
          [
            86.6476025,
            53.8510691
          ],
          [
            86.6469886,
            53.8509294
          ],
          [
            86.6463809,
            53.8508151
          ],
          [
            86.6457801,
            53.8507111
          ],
          [
            86.6451445,
            53.8505975
          ],
          [
            86.6446118,
            53.8505087
          ],
          [
            86.6439718,
            53.850435
          ],
          [
            86.6430393,
            53.8502829
          ],
          [
            86.6426676,
            53.8502211
          ],
          [
            86.6424344,
            53.8501812
          ],
          [
            86.6422755,
            53.8501473
          ],
          [
            86.6421291,
            53.8501059
          ],
          [
            86.6420626,
            53.8500905
          ],
          [
            86.6420052,
            53.8500636
          ],
          [
            86.6419224,
            53.8500357
          ],
          [
            86.6418261,
            53.8500198
          ],
          [
            86.6417429,
            53.8500204
          ],
          [
            86.6416825,
            53.8500287
          ],
          [
            86.6415968,
            53.850049
          ]
        ]
      },
      "id": "way/711586707"
    },
    {
      "type": "Feature",
      "properties": {
        "@id": "way/723503738",
        "access": "yes",
        "highway": "primary",
        "lanes": "4",
        "lit": "yes",
        "maxspeed": "60",
        "name": "Ноградская улица",
        "shoulder": "no",
        "sidewalk": "both",
        "surface": "asphalt"
      },
      "geometry": {
        "type": "LineString",
        "coordinates": [
          [
            86.6480856,
            53.8741189
          ],
          [
            86.6485419,
            53.8741211
          ],
          [
            86.6503845,
            53.8741302
          ],
          [
            86.6506693,
            53.8741316
          ]
        ]
      },
      "id": "way/723503738"
    },
    {
      "type": "Feature",
      "properties": {
        "@id": "way/745178585",
        "highway": "secondary",
        "oneway": "yes",
        "surface": "asphalt"
      },
      "geometry": {
        "type": "LineString",
        "coordinates": [
          [
            86.6460722,
            53.8740925
          ],
          [
            86.6460776,
            53.8737794
          ]
        ]
      },
      "id": "way/745178585"
    },
    {
      "type": "Feature",
      "properties": {
        "@id": "way/782342748",
        "bridge": "yes",
        "highway": "primary",
        "lanes": "2",
        "layer": "1",
        "name": "Калачёвская улица",
        "old_ref": "32К-2"
      },
      "geometry": {
        "type": "LineString",
        "coordinates": [
          [
            86.7613587,
            53.8664519
          ],
          [
            86.7616725,
            53.8661988
          ]
        ]
      },
      "id": "way/782342748"
    },
    {
      "type": "Feature",
      "properties": {
        "@id": "way/782342749",
        "highway": "primary",
        "lanes": "2",
        "name": "Калачёвская улица",
        "old_ref": "32К-2"
      },
      "geometry": {
        "type": "LineString",
        "coordinates": [
          [
            86.761058,
            53.8669966
          ],
          [
            86.7611097,
            53.8668109
          ],
          [
            86.7611774,
            53.866646
          ],
          [
            86.7613061,
            53.866504
          ],
          [
            86.7613587,
            53.8664519
          ]
        ]
      },
      "id": "way/782342749"
    },
    {
      "type": "Feature",
      "properties": {
        "@id": "way/782350287",
        "bridge": "yes",
        "highway": "secondary",
        "layer": "1",
        "name": "Городская улица"
      },
      "geometry": {
        "type": "LineString",
        "coordinates": [
          [
            86.7551762,
            53.8853037
          ],
          [
            86.7547726,
            53.8850016
          ]
        ]
      },
      "id": "way/782350287"
    },
    {
      "type": "Feature",
      "properties": {
        "@id": "way/782350288",
        "highway": "secondary",
        "name": "Городская улица"
      },
      "geometry": {
        "type": "LineString",
        "coordinates": [
          [
            86.7547726,
            53.8850016
          ],
          [
            86.7547016,
            53.8849254
          ],
          [
            86.7546825,
            53.8848696
          ],
          [
            86.7546746,
            53.8848041
          ],
          [
            86.7547122,
            53.8847178
          ],
          [
            86.7548213,
            53.8845747
          ],
          [
            86.7550419,
            53.8843409
          ]
        ]
      },
      "id": "way/782350288"
    },
    {
      "type": "Feature",
      "properties": {
        "@id": "way/784464986",
        "cutting": "yes",
        "highway": "secondary",
        "lanes": "4",
        "surface": "asphalt"
      },
      "geometry": {
        "type": "LineString",
        "coordinates": [
          [
            86.6205744,
            53.8732843
          ],
          [
            86.619921,
            53.8730852
          ]
        ]
      },
      "id": "way/784464986"
    },
    {
      "type": "Feature",
      "properties": {
        "@id": "way/784464987",
        "cutting": "yes",
        "highway": "secondary",
        "lanes": "4",
        "surface": "asphalt"
      },
      "geometry": {
        "type": "LineString",
        "coordinates": [
          [
            86.6219482,
            53.8736302
          ],
          [
            86.6211677,
            53.8734401
          ]
        ]
      },
      "id": "way/784464987"
    },
    {
      "type": "Feature",
      "properties": {
        "@id": "way/895469817",
        "bridge": "yes",
        "highway": "primary",
        "layer": "1",
        "noname": "yes",
        "old_ref": "32К-2"
      },
      "geometry": {
        "type": "LineString",
        "coordinates": [
          [
            86.7363537,
            53.9297528
          ],
          [
            86.7366853,
            53.9295393
          ]
        ]
      },
      "id": "way/895469817"
    },
    {
      "type": "Feature",
      "properties": {
        "@id": "way/906814192",
        "highway": "secondary",
        "oneway": "yes"
      },
      "geometry": {
        "type": "LineString",
        "coordinates": [
          [
            86.658103,
            53.8573007
          ],
          [
            86.6585111,
            53.8573827
          ],
          [
            86.6586952,
            53.8574328
          ],
          [
            86.6592551,
            53.8576368
          ],
          [
            86.6594563,
            53.8577183
          ],
          [
            86.6596448,
            53.8577999
          ]
        ]
      },
      "id": "way/906814192"
    },
    {
      "type": "Feature",
      "properties": {
        "@id": "way/906814193",
        "highway": "secondary"
      },
      "geometry": {
        "type": "LineString",
        "coordinates": [
          [
            86.6730214,
            53.8618019
          ],
          [
            86.6723207,
            53.861486
          ],
          [
            86.6721106,
            53.8613835
          ],
          [
            86.6719421,
            53.8612818
          ],
          [
            86.6718063,
            53.8611635
          ],
          [
            86.6717359,
            53.8610499
          ],
          [
            86.6716842,
            53.8609362
          ],
          [
            86.6716892,
            53.860774
          ],
          [
            86.6717128,
            53.8606118
          ],
          [
            86.6718282,
            53.8602242
          ],
          [
            86.6718247,
            53.8600584
          ],
          [
            86.6717984,
            53.8599471
          ],
          [
            86.6717371,
            53.8598455
          ],
          [
            86.6715727,
            53.8597095
          ],
          [
            86.6712935,
            53.8595844
          ],
          [
            86.6708236,
            53.8594472
          ],
          [
            86.6704504,
            53.8593675
          ],
          [
            86.6700118,
            53.8592864
          ],
          [
            86.6696942,
            53.8592154
          ],
          [
            86.6692972,
            53.8590878
          ],
          [
            86.6683023,
            53.8586599
          ],
          [
            86.6678607,
            53.8584844
          ],
          [
            86.6675268,
            53.8583694
          ],
          [
            86.6673125,
            53.8583131
          ],
          [
            86.6670703,
            53.8582678
          ],
          [
            86.6667916,
            53.858243
          ],
          [
            86.6665805,
            53.8582484
          ],
          [
            86.666303,
            53.8582711
          ],
          [
            86.6659019,
            53.858364
          ],
          [
            86.6656735,
            53.8584207
          ],
          [
            86.6653269,
            53.8585045
          ],
          [
            86.6650359,
            53.8585346
          ],
          [
            86.6645679,
            53.8585567
          ],
          [
            86.6636889,
            53.8585791
          ],
          [
            86.6628176,
            53.8586079
          ],
          [
            86.6621674,
            53.8586193
          ],
          [
            86.661846,
            53.8585916
          ],
          [
            86.6615712,
            53.8585502
          ],
          [
            86.6612316,
            53.858456
          ],
          [
            86.6611207,
            53.8584213
          ],
          [
            86.6603366,
            53.8581108
          ],
          [
            86.6600501,
            53.8579838
          ],
          [
            86.6596448,
            53.8577999
          ]
        ]
      },
      "id": "way/906814193"
    },
    {
      "type": "Feature",
      "properties": {
        "@id": "way/906814194",
        "highway": "secondary",
        "oneway": "yes"
      },
      "geometry": {
        "type": "LineString",
        "coordinates": [
          [
            86.6596448,
            53.8577999
          ],
          [
            86.6591764,
            53.8577198
          ],
          [
            86.6588656,
            53.8576513
          ],
          [
            86.6586027,
            53.8575183
          ],
          [
            86.6583518,
            53.8573966
          ],
          [
            86.658103,
            53.8573007
          ]
        ]
      },
      "id": "way/906814194"
    },
    {
      "type": "Feature",
      "properties": {
        "@id": "way/915597897",
        "bridge": "yes",
        "highway": "secondary",
        "layer": "1",
        "name": "Белово — Коновалово — Прокопьевск",
        "ref": "32К-1",
        "source": "GPS",
        "surface": "asphalt"
      },
      "geometry": {
        "type": "LineString",
        "coordinates": [
          [
            86.7564862,
            53.9448252
          ],
          [
            86.7576891,
            53.9448879
          ]
        ]
      },
      "id": "way/915597897"
    },
    {
      "type": "Feature",
      "properties": {
        "@id": "way/915597898",
        "highway": "secondary",
        "name": "Минусинская улица",
        "source": "GPS",
        "surface": "asphalt"
      },
      "geometry": {
        "type": "LineString",
        "coordinates": [
          [
            86.7377539,
            53.934669
          ],
          [
            86.7379821,
            53.9345382
          ],
          [
            86.7382315,
            53.9343809
          ],
          [
            86.7387676,
            53.9340414
          ],
          [
            86.7389554,
            53.9339609
          ],
          [
            86.7391573,
            53.9339023
          ],
          [
            86.7393577,
            53.9339052
          ],
          [
            86.7395534,
            53.9339274
          ],
          [
            86.7398899,
            53.9340673
          ],
          [
            86.740929,
            53.9347456
          ],
          [
            86.7417124,
            53.9352463
          ],
          [
            86.7425614,
            53.9357003
          ],
          [
            86.7434882,
            53.9361569
          ],
          [
            86.7444237,
            53.9366265
          ],
          [
            86.7453427,
            53.9370844
          ],
          [
            86.7454887,
            53.937114
          ],
          [
            86.7456831,
            53.9371249
          ],
          [
            86.7458349,
            53.9370956
          ],
          [
            86.7459517,
            53.9370088
          ],
          [
            86.7459971,
            53.9369818
          ],
          [
            86.7460469,
            53.9369512
          ],
          [
            86.7461623,
            53.9368867
          ],
          [
            86.7462983,
            53.9368432
          ],
          [
            86.7466007,
            53.9368097
          ],
          [
            86.7468551,
            53.9368772
          ],
          [
            86.7471846,
            53.9370651
          ],
          [
            86.7478056,
            53.9374462
          ],
          [
            86.7484374,
            53.9379768
          ],
          [
            86.7489469,
            53.9384637
          ],
          [
            86.7495985,
            53.9391465
          ],
          [
            86.7501941,
            53.9398596
          ],
          [
            86.7506044,
            53.9407221
          ],
          [
            86.7509843,
            53.941509
          ],
          [
            86.751448,
            53.942488
          ],
          [
            86.7516846,
            53.9429872
          ],
          [
            86.7519328,
            53.9434725
          ],
          [
            86.7520381,
            53.9436156
          ],
          [
            86.7521831,
            53.9437436
          ],
          [
            86.7524296,
            53.943871
          ],
          [
            86.7527806,
            53.9439806
          ],
          [
            86.7535981,
            53.9442289
          ],
          [
            86.7543068,
            53.9444835
          ],
          [
            86.7547086,
            53.944642
          ],
          [
            86.7551291,
            53.9447537
          ]
        ]
      },
      "id": "way/915597898"
    },
    {
      "type": "Feature",
      "properties": {
        "@id": "way/915956522",
        "bridge": "yes",
        "highway": "secondary",
        "layer": "1",
        "name": "Белово — Коновалово — Прокопьевск",
        "ref": "32К-1",
        "source": "GPS",
        "surface": "asphalt"
      },
      "geometry": {
        "type": "LineString",
        "coordinates": [
          [
            86.7759401,
            53.9505009
          ],
          [
            86.7764619,
            53.9509697
          ]
        ]
      },
      "id": "way/915956522"
    },
    {
      "type": "Feature",
      "properties": {
        "@id": "way/915956523",
        "highway": "secondary",
        "name": "Белово — Коновалово — Прокопьевск",
        "ref": "32К-1",
        "source": "GPS",
        "surface": "asphalt"
      },
      "geometry": {
        "type": "LineString",
        "coordinates": [
          [
            86.7576891,
            53.9448879
          ],
          [
            86.7610193,
            53.9450778
          ],
          [
            86.762313,
            53.9451616
          ],
          [
            86.763602,
            53.945295
          ],
          [
            86.765042,
            53.945612
          ],
          [
            86.7666456,
            53.9461998
          ],
          [
            86.7682632,
            53.9468742
          ],
          [
            86.769455,
            53.947387
          ],
          [
            86.7744892,
            53.9495741
          ],
          [
            86.774972,
            53.949802
          ],
          [
            86.7752168,
            53.9499444
          ],
          [
            86.7754474,
            53.9500964
          ],
          [
            86.7756858,
            53.9502728
          ],
          [
            86.7759401,
            53.9505009
          ]
        ]
      },
      "id": "way/915956523"
    },
    {
      "type": "Feature",
      "properties": {
        "@id": "way/962636516",
        "highway": "secondary",
        "surface": "asphalt"
      },
      "geometry": {
        "type": "LineString",
        "coordinates": [
          [
            86.8038264,
            53.914482
          ],
          [
            86.8037967,
            53.9144159
          ],
          [
            86.8031055,
            53.9140533
          ],
          [
            86.802626,
            53.9137776
          ],
          [
            86.801524,
            53.9130636
          ]
        ]
      },
      "id": "way/962636516"
    },
    {
      "type": "Feature",
      "properties": {
        "@id": "way/974503807",
        "highway": "secondary",
        "lit": "no",
        "oneway": "yes"
      },
      "geometry": {
        "type": "LineString",
        "coordinates": [
          [
            86.6422187,
            53.8612956
          ],
          [
            86.6425073,
            53.8613795
          ],
          [
            86.6428356,
            53.8614774
          ],
          [
            86.6432964,
            53.8616148
          ],
          [
            86.6465609,
            53.8625879
          ],
          [
            86.6466565,
            53.8626206
          ],
          [
            86.6467227,
            53.8626613
          ],
          [
            86.6467472,
            53.8626902
          ],
          [
            86.646768,
            53.8627207
          ],
          [
            86.6467212,
            53.8628303
          ],
          [
            86.6466107,
            53.8632668
          ],
          [
            86.6465991,
            53.8633049
          ],
          [
            86.6465196,
            53.8653566
          ]
        ]
      },
      "id": "way/974503807"
    },
    {
      "type": "Feature",
      "properties": {
        "@id": "way/1090681168",
        "highway": "secondary",
        "lit": "no",
        "name": "Активная улица",
        "passing_places": "no"
      },
      "geometry": {
        "type": "LineString",
        "coordinates": [
          [
            86.670882,
            53.8644701
          ],
          [
            86.6710053,
            53.8642306
          ],
          [
            86.6713667,
            53.8636871
          ],
          [
            86.6715503,
            53.8634476
          ],
          [
            86.6716514,
            53.8633316
          ],
          [
            86.6717828,
            53.863202
          ],
          [
            86.6720145,
            53.8630306
          ],
          [
            86.6723882,
            53.862802
          ],
          [
            86.672459,
            53.8627587
          ],
          [
            86.6727083,
            53.8626281
          ],
          [
            86.6732113,
            53.8623648
          ],
          [
            86.6736479,
            53.8621565
          ],
          [
            86.6738139,
            53.8620815
          ],
          [
            86.6742874,
            53.8618752
          ],
          [
            86.6746079,
            53.8617362
          ],
          [
            86.6753741,
            53.8614017
          ],
          [
            86.6763372,
            53.8609275
          ],
          [
            86.6771113,
            53.8605685
          ],
          [
            86.677386,
            53.8604398
          ],
          [
            86.6784074,
            53.8599775
          ],
          [
            86.6791908,
            53.8596445
          ],
          [
            86.6793639,
            53.8595698
          ],
          [
            86.6795423,
            53.8595092
          ],
          [
            86.6797562,
            53.8595159
          ],
          [
            86.67997,
            53.8595541
          ],
          [
            86.6802211,
            53.8596514
          ],
          [
            86.6803902,
            53.8597545
          ],
          [
            86.6807313,
            53.8600789
          ],
          [
            86.6808685,
            53.8602333
          ],
          [
            86.6815276,
            53.8609959
          ],
          [
            86.6817566,
            53.8611704
          ],
          [
            86.6819923,
            53.8613163
          ],
          [
            86.6822862,
            53.8614695
          ]
        ]
      },
      "id": "way/1090681168"
    },
    {
      "type": "Feature",
      "properties": {
        "@id": "way/1270389478",
        "highway": "primary",
        "oneway": "yes"
      },
      "geometry": {
        "type": "LineString",
        "coordinates": [
          [
            86.796734,
            53.810526
          ],
          [
            86.79679,
            53.8105039
          ],
          [
            86.7968368,
            53.810497
          ],
          [
            86.7968797,
            53.8104949
          ],
          [
            86.7969316,
            53.8104975
          ],
          [
            86.7970134,
            53.8105127
          ],
          [
            86.7970539,
            53.8105287
          ],
          [
            86.7970842,
            53.810548
          ],
          [
            86.7970975,
            53.8105935
          ],
          [
            86.7970898,
            53.8106325
          ],
          [
            86.7970282,
            53.8106955
          ]
        ]
      },
      "id": "way/1270389478"
    },
    {
      "type": "Feature",
      "properties": {
        "@id": "way/1270390035",
        "highway": "primary",
        "oneway": "yes"
      },
      "geometry": {
        "type": "LineString",
        "coordinates": [
          [
            86.7970539,
            53.8105287
          ],
          [
            86.797173,
            53.8105287
          ],
          [
            86.7974106,
            53.8105327
          ]
        ]
      },
      "id": "way/1270390035"
    },
    {
      "type": "Feature",
      "properties": {
        "@id": "way/1270391343",
        "highway": "secondary",
        "oneway": "yes"
      },
      "geometry": {
        "type": "LineString",
        "coordinates": [
          [
            86.7966377,
            53.8104649
          ],
          [
            86.79679,
            53.8105039
          ]
        ]
      },
      "id": "way/1270391343"
    },
    {
      "type": "Feature",
      "properties": {
        "@id": "way/1270391344",
        "highway": "secondary",
        "oneway": "yes"
      },
      "geometry": {
        "type": "LineString",
        "coordinates": [
          [
            86.7966781,
            53.8105956
          ],
          [
            86.7965159,
            53.8104608
          ]
        ]
      },
      "id": "way/1270391344"
    },
    {
      "type": "Feature",
      "properties": {
        "@id": "way/1270391345",
        "highway": "primary",
        "oneway": "yes"
      },
      "geometry": {
        "type": "LineString",
        "coordinates": [
          [
            86.7968539,
            53.8108731
          ],
          [
            86.7967194,
            53.810679
          ]
        ]
      },
      "id": "way/1270391345"
    },
    {
      "type": "Feature",
      "properties": {
        "@id": "way/1270391346",
        "highway": "primary",
        "lanes": "2",
        "name": "Главная улица",
        "old_ref": "32К-2",
        "oneway": "yes"
      },
      "geometry": {
        "type": "LineString",
        "coordinates": [
          [
            86.7970282,
            53.8106955
          ],
          [
            86.7968539,
            53.8108731
          ]
        ]
      },
      "id": "way/1270391346"
    },
    {
      "type": "Feature",
      "properties": {
        "@id": "way/1270391347",
        "highway": "primary",
        "oneway": "yes"
      },
      "geometry": {
        "type": "LineString",
        "coordinates": [
          [
            86.7970282,
            53.8106955
          ],
          [
            86.7969652,
            53.8107217
          ],
          [
            86.7969021,
            53.8107259
          ],
          [
            86.7968554,
            53.8107245
          ],
          [
            86.7967854,
            53.8107102
          ],
          [
            86.7967194,
            53.810679
          ]
        ]
      },
      "id": "way/1270391347"
    },
    {
      "type": "Feature",
      "properties": {
        "@id": "way/1270391348",
        "highway": "primary",
        "oneway": "yes"
      },
      "geometry": {
        "type": "LineString",
        "coordinates": [
          [
            86.7967194,
            53.810679
          ],
          [
            86.7966935,
            53.8106535
          ],
          [
            86.7966829,
            53.8106262
          ],
          [
            86.7966781,
            53.8105956
          ],
          [
            86.7967013,
            53.810548
          ],
          [
            86.796734,
            53.810526
          ]
        ]
      },
      "id": "way/1270391348"
    },
    {
      "type": "Feature",
      "properties": {
        "@id": "way/1270391349",
        "highway": "primary",
        "lanes": "2",
        "name": "Главная улица",
        "old_ref": "32К-2",
        "oneway": "yes"
      },
      "geometry": {
        "type": "LineString",
        "coordinates": [
          [
            86.7974106,
            53.8105327
          ],
          [
            86.7971566,
            53.8106256
          ],
          [
            86.7970282,
            53.8106955
          ]
        ]
      },
      "id": "way/1270391349"
    },
    {
      "type": "Feature",
      "properties": {
        "@id": "way/1270391350",
        "highway": "secondary",
        "name": "Главная улица",
        "oneway": "yes"
      },
      "geometry": {
        "type": "LineString",
        "coordinates": [
          [
            86.7965159,
            53.8104608
          ],
          [
            86.7966377,
            53.8104649
          ]
        ]
      },
      "id": "way/1270391350"
    },
    {
      "type": "Feature",
      "properties": {
        "@id": "way/1310991858",
        "highway": "primary",
        "layer": "-1",
        "name": "Подъёмная улица",
        "oneway": "yes",
        "tunnel": "yes"
      },
      "geometry": {
        "type": "LineString",
        "coordinates": [
          [
            86.684097,
            53.8779503
          ],
          [
            86.6842154,
            53.8779877
          ]
        ]
      },
      "id": "way/1310991858"
    },
    {
      "type": "Feature",
      "properties": {
        "@id": "way/1310991859",
        "highway": "primary",
        "name": "Подъёмная улица",
        "oneway": "yes"
      },
      "geometry": {
        "type": "LineString",
        "coordinates": [
          [
            86.683993,
            53.877906
          ],
          [
            86.684097,
            53.8779503
          ]
        ]
      },
      "id": "way/1310991859"
    },
    {
      "type": "Feature",
      "properties": {
        "@id": "way/1311960737",
        "highway": "secondary",
        "oneway": "yes"
      },
      "geometry": {
        "type": "LineString",
        "coordinates": [
          [
            86.6464572,
            53.8717541
          ],
          [
            86.6464601,
            53.8718957
          ],
          [
            86.6464577,
            53.8719393
          ],
          [
            86.6464564,
            53.8719648
          ],
          [
            86.6464519,
            53.8720494
          ],
          [
            86.6464469,
            53.8721799
          ],
          [
            86.646443,
            53.8722845
          ],
          [
            86.6464154,
            53.8728252
          ]
        ]
      },
      "id": "way/1311960737"
    },
    {
      "type": "Feature",
      "properties": {
        "@id": "way/1311965352",
        "access": "yes",
        "highway": "primary",
        "lanes": "4",
        "lit": "yes",
        "maxspeed": "60",
        "name": "Ноградская улица",
        "shoulder": "both",
        "sidewalk": "both",
        "surface": "asphalt"
      },
      "geometry": {
        "type": "LineString",
        "coordinates": [
          [
            86.6463931,
            53.8740964
          ],
          [
            86.6466292,
            53.8740962
          ],
          [
            86.6468201,
            53.8741005
          ],
          [
            86.6480856,
            53.8741189
          ]
        ]
      },
      "id": "way/1311965352"
    },
    {
      "type": "Feature",
      "properties": {
        "@id": "way/1311971486",
        "highway": "secondary",
        "oneway": "yes"
      },
      "geometry": {
        "type": "LineString",
        "coordinates": [
          [
            86.6460776,
            53.8737794
          ],
          [
            86.6460778,
            53.8737608
          ],
          [
            86.6460844,
            53.8732462
          ],
          [
            86.6460872,
            53.873032
          ],
          [
            86.6461025,
            53.8721794
          ],
          [
            86.6460998,
            53.8720529
          ]
        ]
      },
      "id": "way/1311971486"
    },
    {
      "type": "Feature",
      "properties": {
        "@id": "way/1314381622",
        "highway": "primary",
        "oneway": "yes"
      },
      "geometry": {
        "type": "LineString",
        "coordinates": [
          [
            86.675884,
            53.8761727
          ],
          [
            86.6757886,
            53.8759827
          ],
          [
            86.6757398,
            53.8758701
          ],
          [
            86.6757256,
            53.875791
          ],
          [
            86.6757296,
            53.8757059
          ],
          [
            86.6757601,
            53.8756136
          ],
          [
            86.675815,
            53.8755369
          ],
          [
            86.6759207,
            53.8754243
          ],
          [
            86.6760043,
            53.8753231
          ]
        ]
      },
      "id": "way/1314381622"
    },
    {
      "type": "Feature",
      "properties": {
        "@id": "way/1376923001",
        "highway": "secondary"
      },
      "geometry": {
        "type": "LineString",
        "coordinates": [
          [
            86.6123444,
            53.870987
          ],
          [
            86.6117794,
            53.8708258
          ]
        ]
      },
      "id": "way/1376923001"
    },
    {
      "type": "Feature",
      "properties": {
        "@id": "way/1453156971",
        "highway": "secondary",
        "name": "Белово — Коновалово — Прокопьевск",
        "ref": "32К-1",
        "source": "GPS",
        "surface": "asphalt"
      },
      "geometry": {
        "type": "LineString",
        "coordinates": [
          [
            86.7551291,
            53.9447537
          ],
          [
            86.7564862,
            53.9448252
          ]
        ]
      },
      "id": "way/1453156971"
    },
    {
      "type": "Feature",
      "properties": {
        "@id": "way/1453164762",
        "highway": "primary",
        "lanes": "2",
        "maxspeed": "RU:urban",
        "name": "Ленинск-Кузнецкий — Новокузнецк — Междуреченск",
        "old_ref": "32К-2"
      },
      "geometry": {
        "type": "LineString",
        "coordinates": [
          [
            86.8323541,
            53.7998589
          ],
          [
            86.8228067,
            53.8006647
          ],
          [
            86.8204243,
            53.8008689
          ],
          [
            86.8198157,
            53.8009182
          ],
          [
            86.8193168,
            53.8009819
          ],
          [
            86.819013,
            53.801059
          ],
          [
            86.8187588,
            53.8011811
          ],
          [
            86.8185158,
            53.8013624
          ]
        ]
      },
      "id": "way/1453164762"
    },
    {
      "type": "Feature",
      "properties": {
        "@id": "way/1456815748",
        "highway": "secondary",
        "lit": "no",
        "name": "Институтская улица",
        "oneway": "yes",
        "passing_places": "no"
      },
      "geometry": {
        "type": "LineString",
        "coordinates": [
          [
            86.6464154,
            53.8728252
          ],
          [
            86.6463872,
            53.8739439
          ],
          [
            86.6463931,
            53.8740964
          ]
        ]
      },
      "id": "way/1456815748"
    }
  ]
}